Année modèle,Marque,Modèle,Catégorie de véhicule,Cylindrée (L),Cylindres,Transmission,Type de carburant,Ville (L/100 km),Route (L/100 km),Combinée (L/100 km),Combinée (mi/gal),Émissions de CO2 (g/km),Indice de CO2,Indice de smog
2015,Acura,ILX,Compacte,2.0,4,AS5,Z,9.7,6.7,8.3,34,191,s.o.,s.o.
2015,Acura,ILX,Compacte,2.4,4,M6,Z,10.8,7.4,9.3,30,214,s.o.,s.o.
2015,Acura,ILX Hybrid,Compacte,1.5,4,AV7,Z,6.0,6.1,6.1,46,140,s.o.,s.o.
2015,Acura,MDX SH-AWD,Véhicule utilitaire sport : petit,3.5,6,AS6,Z,12.7,9.1,11.1,25,255,s.o.,s.o.
2015,Acura,RDX AWD,Véhicule utilitaire sport : petit,3.5,6,AS6,Z,12.1,8.7,10.6,27,244,s.o.,s.o.
2015,Acura,RLX,Intermédiaire,3.5,6,AS6,Z,11.9,7.7,10.0,28,230,s.o.,s.o.
2015,Acura,RLX Hybrid,Intermédiaire,3.5,6,AM7,Z,8.0,7.5,7.7,37,177,s.o.,s.o.
2015,Acura,TLX,Compacte,2.4,4,AM8,Z,9.6,6.6,8.3,34,191,s.o.,s.o.
2015,Acura,TLX,Compacte,3.5,6,AS9,Z,11.2,6.9,9.2,31,212,s.o.,s.o.
2015,Acura,TLX SH-AWD,Compacte,3.5,6,AS9,Z,11.2,7.5,9.6,29,221,s.o.,s.o.
2015,Alfa Romeo,4C,Deux places,1.8,4,AM6,Z,9.7,6.9,8.4,34,193,s.o.,s.o.
2015,Aston Martin,DB9,Minicompacte,5.9,12,A6,Z,18.0,12.6,15.6,18,359,s.o.,s.o.
2015,Aston Martin,Rapide S,Sous-compacte,6.0,12,A8,Z,16.8,10.9,14.2,20,327,s.o.,s.o.
2015,Aston Martin,V8 Vantage,Deux places,4.7,8,AM7,Z,17.4,11.3,14.7,19,338,s.o.,s.o.
2015,Aston Martin,V8 Vantage,Deux places,4.7,8,M6,Z,18.1,12.3,15.5,18,356,s.o.,s.o.
2015,Aston Martin,V8 Vantage S,Deux places,4.7,8,AM7,Z,17.4,11.3,14.7,19,338,s.o.,s.o.
2015,Aston Martin,V8 Vantage S,Deux places,4.7,8,M6,Z,18.1,12.3,15.5,18,356,s.o.,s.o.
2015,Aston Martin,V12 Vantage S,Deux places,6.0,12,AM7,Z,19.5,12.8,16.5,17,379,s.o.,s.o.
2015,Aston Martin,Vantage GT,Deux places,4.7,8,AM7,Z,17.4,11.3,14.7,19,338,s.o.,s.o.
2015,Aston Martin,Vantage GT,Deux places,4.7,8,M6,Z,18.1,12.3,15.5,18,356,s.o.,s.o.
2015,Aston Martin,Vanquish,Minicompacte,6.0,12,A8,Z,17.6,11.4,14.8,19,340,s.o.,s.o.
2015,Audi,A3,Sous-compacte,1.8,4,AM6,Z,10.0,7.1,8.7,32,200,s.o.,s.o.
2015,Audi,A3 TDI (modified),Sous-compacte,2.0,4,AM6,D,7.6,5.5,6.5,43,177,s.o.,s.o.
2015,Audi,A3 quattro,Sous-compacte,2.0,4,AM6,Z,9.8,7.2,8.6,33,198,s.o.,s.o.
2015,Audi,A3 Cabriolet quattro,Sous-compacte,2.0,4,AM6,Z,10.1,7.5,8.9,32,205,s.o.,s.o.
2015,Audi,A4,Compacte,2.0,4,AV8,Z,9.9,7.6,8.9,32,205,s.o.,s.o.
2015,Audi,A4 quattro,Compacte,2.0,4,AS8,Z,11.0,7.8,9.6,29,221,s.o.,s.o.
2015,Audi,A4 quattro,Compacte,2.0,4,M6,Z,10.6,7.3,9.1,31,209,s.o.,s.o.
2015,Audi,A4 allroad quattro,Familiale : petite,2.0,4,AS8,Z,11.2,8.4,9.9,29,228,s.o.,s.o.
2015,Audi,A5 quattro,Sous-compacte,2.0,4,AS8,Z,11.0,7.8,9.6,29,221,s.o.,s.o.
2015,Audi,A5 quattro,Sous-compacte,2.0,4,M6,Z,10.6,7.3,9.1,31,209,s.o.,s.o.
2015,Audi,A5 Cabriolet quattro,Sous-compacte,2.0,4,AS8,Z,11.3,8.0,9.8,29,225,s.o.,s.o.
2015,Audi,A6 quattro,Intermédiaire,2.0,4,AS8,Z,12.0,8.1,10.3,27,237,s.o.,s.o.
2015,Audi,A6 quattro,Intermédiaire,3.0,6,AS8,Z,12.8,8.6,10.9,26,251,s.o.,s.o.
2015,Audi,A6 quattro TDI (modified),Intermédiaire,3.0,6,AS8,D,9.8,6.2,8.1,35,217,s.o.,s.o.
2015,Audi,A7 quattro,Intermédiaire,3.0,6,AS8,Z,13.1,8.5,11.0,26,253,s.o.,s.o.
2015,Audi,A7 quattro TDI (modified),Intermédiaire,3.0,6,AS8,D,9.8,6.2,8.1,35,217,s.o.,s.o.
2015,Audi,A8,Intermédiaire,3.0,6,AS8,Z,12.6,8.0,10.5,27,242,s.o.,s.o.
2015,Audi,A8 TDI (modified),Intermédiaire,3.0,6,AS8,D,9.8,6.5,8.4,34,224,s.o.,s.o.
2015,Audi,A8,Intermédiaire,4.0,8,AS8,Z,12.9,8.0,10.7,26,246,s.o.,s.o.
2015,Audi,A8L,Grande berline,3.0,6,AS8,Z,12.6,8.0,10.5,27,242,s.o.,s.o.
2015,Audi,A8L TDI (modified),Grande berline,3.0,6,AS8,D,9.8,6.5,8.4,34,224,s.o.,s.o.
2015,Audi,A8L,Grande berline,4.0,8,AS8,Z,13.2,8.3,11.0,26,258,s.o.,s.o.
2015,Audi,A8L,Grande berline,6.3,12,AS8,Z,17.8,10.8,14.6,19,344,s.o.,s.o.
2015,Audi,Q3,Compacte,2.0,4,AS6,Z,12.0,8.2,10.3,27,237,s.o.,s.o.
2015,Audi,Q3 quattro,Compacte,2.0,4,AS6,Z,11.9,8.4,10.3,27,237,s.o.,s.o.
2015,Audi,Q5,Véhicule utilitaire sport : petit,2.0,4,AS8,Z,12.0,8.5,10.4,27,239,s.o.,s.o.
2015,Audi,Q5,Véhicule utilitaire sport : petit,3.0,6,AS8,Z,13.2,9.2,11.4,25,262,s.o.,s.o.
2015,Audi,Q5 TDI (modified),Véhicule utilitaire sport : petit,3.0,6,AS8,D,10.2,7.8,9.0,31,244,s.o.,s.o.
2015,Audi,Q5 Hybrid,Véhicule utilitaire sport : petit,2.0,4,AS8,Z,9.8,7.9,8.9,32,205,s.o.,s.o.
2015,Audi,Q7,Véhicule utilitaire sport : ordinaire,3.0,6,AS8,Z,15.2,11.0,13.3,21,306,s.o.,s.o.
2015,Audi,Q7 TDI (modified),Véhicule utilitaire sport : ordinaire,3.0,6,AS8,D,12.4,8.7,10.7,26,290,s.o.,s.o.
2015,Audi,R8,Deux places,4.2,8,AM7,Z,17.3,10.4,14.2,20,327,s.o.,s.o.
2015,Audi,R8,Deux places,4.2,8,M6,Z,20.5,11.7,16.6,17,382,s.o.,s.o.
2015,Audi,R8,Deux places,5.2,10,AM7,Z,18.2,10.6,14.8,19,347,s.o.,s.o.
2015,Audi,R8,Deux places,5.2,10,M6,Z,19.9,12.0,16.4,17,377,s.o.,s.o.
2015,Audi,R8 Spyder,Deux places,4.2,8,AM7,Z,17.3,10.4,14.2,20,327,s.o.,s.o.
2015,Audi,R8 Spyder,Deux places,4.2,8,M6,Z,20.5,11.7,16.6,17,382,s.o.,s.o.
2015,Audi,R8 Spyder,Deux places,5.2,10,AM7,Z,18.2,10.6,14.8,19,347,s.o.,s.o.
2015,Audi,R8 Spyder,Deux places,5.2,10,M6,Z,19.9,12.0,16.4,17,377,s.o.,s.o.
2015,Audi,RS 5,Sous-compacte,4.2,8,AM7,Z,14.9,10.1,12.8,22,294,s.o.,s.o.
2015,Audi,RS 5 Cabriolet,Sous-compacte,4.2,8,AM7,Z,14.8,10.6,12.9,22,297,s.o.,s.o.
2015,Audi,RS 7,Intermédiaire,4.0,8,AS8,Z,16.6,9.4,13.3,21,313,s.o.,s.o.
2015,Audi,S3,Sous-compacte,2.0,4,AM6,Z,10.1,7.7,9.0,31,207,s.o.,s.o.
2015,Audi,S4,Compacte,3.0,6,AM7,Z,13.0,8.5,11.0,26,253,s.o.,s.o.
2015,Audi,S4,Compacte,3.0,6,M6,Z,13.8,9.0,11.7,24,269,s.o.,s.o.
2015,Audi,S5,Sous-compacte,3.0,6,AM7,Z,13.0,8.5,11.0,26,253,s.o.,s.o.
2015,Audi,S5,Sous-compacte,3.0,6,M6,Z,13.8,9.0,11.7,24,269,s.o.,s.o.
2015,Audi,S5 Cabriolet,Sous-compacte,3.0,6,AM7,Z,13.3,9.1,11.4,25,262,s.o.,s.o.
2015,Audi,S6,Intermédiaire,4.0,8,AM7,Z,14.0,8.7,11.7,24,269,s.o.,s.o.
2015,Audi,S7,Intermédiaire,4.0,8,AM7,Z,14.0,8.7,11.7,24,269,s.o.,s.o.
2015,Audi,S8,Intermédiaire,4.0,8,AS8,Z,14.6,8.8,11.9,24,281,s.o.,s.o.
2015,Audi,SQ5,Véhicule utilitaire sport : petit,3.0,6,AS8,Z,14.1,9.9,12.2,23,281,s.o.,s.o.
2015,Audi,TT Coupe quattro,Sous-compacte,2.0,4,AM6,Z,10.4,7.6,9.1,31,209,s.o.,s.o.
2015,Audi,TT Roadster quattro,Deux places,2.0,4,AM6,Z,10.4,7.7,9.2,31,212,s.o.,s.o.
2015,Audi,TTS Coupe quattro,Sous-compacte,2.0,4,AM6,Z,11.7,8.4,10.2,28,235,s.o.,s.o.
2015,Audi,TTS Roadster quattro,Deux places,2.0,4,AM6,Z,11.7,8.5,10.2,28,235,s.o.,s.o.
2015,Bentley,Continental GT,Compacte,4.0,8,AS8,Z,16.1,9.4,13.1,22,307,s.o.,s.o.
2015,Bentley,Continental GT,Compacte,6.0,12,AS8,Z,18.9,11.2,15.4,18,354,s.o.,s.o.
2015,Bentley,Continental GT Convertible,Sous-compacte,4.0,8,AS8,Z,17.7,10.3,14.4,20,337,s.o.,s.o.
2015,Bentley,Continental GT Convertible,Sous-compacte,6.0,12,AS8,Z,19.6,11.7,16.0,18,368,s.o.,s.o.
2015,Bentley,Continental GT3-R,Deux places,4.0,8,AS8,Z,17.6,10.1,14.2,20,327,s.o.,s.o.
2015,Bentley,Flying Spur,Intermédiaire,4.0,8,AS8,Z,17.7,10.0,14.2,20,334,s.o.,s.o.
2015,Bentley,Flying Spur,Intermédiaire,6.0,12,AS8,Z,20.3,11.9,16.5,17,388,s.o.,s.o.
2015,Bentley,Mulsanne,Intermédiaire,6.8,8,AS8,Z,22.3,13.3,18.2,16,419,s.o.,s.o.
2015,BMW,228i Cabriolet,Sous-compacte,2.0,4,AS8,Z,10.4,7.1,8.9,32,205,s.o.,s.o.
2015,BMW,228i xDrive Cabriolet,Sous-compacte,2.0,4,AS8,Z,10.6,7.2,9.1,31,209,s.o.,s.o.
2015,BMW,228i Coupe,Sous-compacte,2.0,4,AS8,Z,10.0,6.5,8.4,34,193,s.o.,s.o.
2015,BMW,228i Coupe,Sous-compacte,2.0,4,M6,Z,10.7,6.9,9.0,31,207,s.o.,s.o.
2015,BMW,228i xDrive Coupe,Sous-compacte,2.0,4,AS8,Z,10.3,6.7,8.7,32,200,s.o.,s.o.
2015,BMW,320i Sedan,Compacte,2.0,4,AS8,Z,10.0,6.5,8.4,34,193,s.o.,s.o.
2015,BMW,320i Sedan,Compacte,2.0,4,M6,Z,10.7,6.9,9.0,31,207,s.o.,s.o.
2015,BMW,320i xDrive Sedan,Compacte,2.0,4,AS8,Z,10.3,6.7,8.7,32,200,s.o.,s.o.
2015,BMW,328d xDrive Sedan,Compacte,2.0,4,AS8,D,7.6,5.5,6.7,42,181,s.o.,s.o.
2015,BMW,328d xDrive Touring,Familiale : petite,2.0,4,AS8,D,7.6,5.5,6.7,42,181,s.o.,s.o.
2015,BMW,328i Sedan,Compacte,2.0,4,AS8,Z,10.0,6.5,8.4,34,193,s.o.,s.o.
2015,BMW,328i Sedan,Compacte,2.0,4,M6,Z,10.7,6.9,9.0,31,207,s.o.,s.o.
2015,BMW,328i xDrive Sedan,Compacte,2.0,4,AS8,Z,10.6,7.2,9.1,31,209,s.o.,s.o.
2015,BMW,328i xDrive Gran Turismo,Grande berline,2.0,4,AS8,Z,10.6,7.2,9.1,31,209,s.o.,s.o.
2015,BMW,328i xDrive Touring,Familiale : petite,2.0,4,AS8,Z,10.6,7.2,9.1,31,209,s.o.,s.o.
2015,BMW,335i Sedan,Compacte,3.0,6,AS8,Z,11.4,7.4,9.6,29,221,s.o.,s.o.
2015,BMW,335i Sedan,Compacte,3.0,6,M6,Z,11.5,7.8,9.8,29,225,s.o.,s.o.
2015,BMW,335i xDrive Sedan,Compacte,3.0,6,AS8,Z,11.9,7.8,10.0,28,230,s.o.,s.o.
2015,BMW,335i xDrive Sedan,Compacte,3.0,6,M6,Z,12.0,8.3,10.3,27,237,s.o.,s.o.
2015,BMW,335i xDrive Gran Turismo,Grande berline,3.0,6,AS8,Z,11.9,7.8,10.0,28,230,s.o.,s.o.
2015,BMW,428i Cabriolet,Sous-compacte,2.0,4,AS8,Z,10.4,7.1,8.9,32,205,s.o.,s.o.
2015,BMW,428i xDrive Cabriolet,Sous-compacte,2.0,4,AS8,Z,11.2,7.5,9.6,29,221,s.o.,s.o.
2015,BMW,428i Coupe,Compacte,2.0,4,AS8,Z,10.0,6.5,8.4,34,193,s.o.,s.o.
2015,BMW,428i Coupe,Compacte,2.0,4,M6,Z,10.7,6.9,9.0,31,207,s.o.,s.o.
2015,BMW,428i xDrive Coupe,Compacte,2.0,4,AS8,Z,10.6,7.2,9.1,31,209,s.o.,s.o.
2015,BMW,428i Gran Coupe,Compacte,2.0,4,AS8,Z,10.4,7.1,8.9,32,205,s.o.,s.o.
2015,BMW,428i Gran Coupe,Compacte,2.0,4,M6,Z,10.9,6.8,9.0,31,207,s.o.,s.o.
2015,BMW,428i xDrive Gran Coupe,Compacte,2.0,4,AS8,Z,10.6,7.2,9.1,31,209,s.o.,s.o.
2015,BMW,435i Cabriolet,Sous-compacte,3.0,6,AS8,Z,11.8,7.6,9.9,29,228,s.o.,s.o.
2015,BMW,435i xDrive Cabriolet,Sous-compacte,3.0,6,AS8,Z,12.1,8.1,10.3,27,237,s.o.,s.o.
2015,BMW,435i Coupe,Compacte,3.0,6,AS8,Z,11.4,7.4,9.6,29,221,s.o.,s.o.
2015,BMW,435i Coupe,Compacte,3.0,6,M6,Z,11.5,7.8,9.8,29,225,s.o.,s.o.
2015,BMW,435i xDrive Coupe,Compacte,3.0,6,AS8,Z,11.9,7.8,10.0,28,230,s.o.,s.o.
2015,BMW,435i xDrive Coupe,Compacte,3.0,6,M6,Z,12.0,8.3,10.3,27,237,s.o.,s.o.
2015,BMW,435i Gran Coupe,Compacte,3.0,6,AS8,Z,11.4,7.4,9.6,29,221,s.o.,s.o.
2015,BMW,435i xDrive Gran Coupe,Compacte,3.0,6,AS8,Z,11.9,7.8,10.0,28,230,s.o.,s.o.
2015,BMW,528i Sedan,Intermédiaire,2.0,4,AS8,Z,10.4,7.1,8.9,32,205,s.o.,s.o.
2015,BMW,528i xDrive Sedan,Intermédiaire,2.0,4,AS8,Z,10.6,7.2,9.1,31,209,s.o.,s.o.
2015,BMW,535d xDrive Sedan,Intermédiaire,3.0,6,AS8,D,9.2,6.3,7.9,36,213,s.o.,s.o.
2015,BMW,535i xDrive Sedan,Intermédiaire,3.0,6,AS8,Z,12.1,8.1,10.3,27,237,s.o.,s.o.
2015,BMW,535i xDrive Gran Turismo,Grande berline,3.0,6,AS8,Z,12.8,8.9,11.0,26,253,s.o.,s.o.
2015,BMW,550i xDrive Sedan,Intermédiaire,4.4,8,AS8,Z,14.4,9.7,12.3,23,283,s.o.,s.o.
2015,BMW,550i xDrive Gran Turismo,Grande berline,4.4,8,AS8,Z,15.2,9.8,12.8,22,294,s.o.,s.o.
2015,BMW,640i xDrive Cabriolet,Sous-compacte,3.0,6,AS8,Z,12.1,8.1,10.3,27,237,s.o.,s.o.
2015,BMW,640i xDrive Gran Coupe,Compacte,3.0,6,AS8,Z,12.1,8.1,10.3,27,237,s.o.,s.o.
2015,BMW,650i xDrive Cabriolet,Sous-compacte,4.4,8,AS8,Z,15.2,9.8,12.8,22,294,s.o.,s.o.
2015,BMW,650i xDrive Coupe,Compacte,4.4,8,AS8,Z,14.4,9.7,12.3,23,283,s.o.,s.o.
2015,BMW,650i xDrive Gran Coupe,Compacte,4.4,8,AS8,Z,15.2,9.8,12.8,22,294,s.o.,s.o.
2015,BMW,740Ld xDrive Sedan,Grande berline,3.0,6,AS8,D,10.2,7.1,8.8,32,238,s.o.,s.o.
2015,BMW,740Li xDrive Sedan,Grande berline,3.0,6,AS8,Z,12.1,8.1,10.3,27,237,s.o.,s.o.
2015,BMW,750i xDrive Sedan,Grande berline,4.4,8,AS8,Z,15.2,9.8,12.8,22,294,s.o.,s.o.
2015,BMW,750Li xDrive Sedan,Grande berline,4.4,8,AS8,Z,15.2,9.8,12.8,22,294,s.o.,s.o.
2015,BMW,760Li Sedan,Grande berline,6.0,12,AS8,Z,18.7,11.6,15.5,18,356,s.o.,s.o.
2015,BMW,ActiveHybrid 3,Compacte,3.0,6,AS8,Z,9.7,7.5,8.7,32,200,s.o.,s.o.
2015,BMW,ActiveHybrid 5,Intermédiaire,3.0,6,AS8,Z,10.6,7.9,9.4,30,216,s.o.,s.o.
2015,BMW,ActiveHybrid 7L,Grande berline,3.0,6,AS8,Z,10.6,7.7,9.3,30,214,s.o.,s.o.
2015,BMW,Alpina B6 xDrive Gran Coupe,Compacte,4.4,8,AS8,Z,15.2,9.8,12.8,22,294,s.o.,s.o.
2015,BMW,Alpina B7 xDrive SWB,Grande berline,4.4,8,AS8,Z,15.2,9.8,12.8,22,294,s.o.,s.o.
2015,BMW,Alpina B7 xDrive LWB,Grande berline,4.4,8,AS8,Z,15.2,9.8,12.8,22,294,s.o.,s.o.
2015,BMW,M235i Cabriolet,Sous-compacte,3.0,6,AS8,Z,11.8,8.1,10.2,28,235,s.o.,s.o.
2015,BMW,M235i Cabriolet,Sous-compacte,3.0,6,M6,Z,12.3,9.0,10.8,26,248,s.o.,s.o.
2015,BMW,M235i Coupe,Sous-compacte,3.0,6,AS8,Z,11.8,8.1,10.2,28,235,s.o.,s.o.
2015,BMW,M235i Coupe,Sous-compacte,3.0,6,M6,Z,11.9,8.5,10.4,27,239,s.o.,s.o.
2015,BMW,M235i xDrive Coupe,Sous-compacte,3.0,6,AS8,Z,11.9,7.8,10.0,28,230,s.o.,s.o.
2015,BMW,M3 Sedan,Compacte,3.0,6,AM7,Z,14.2,9.6,12.1,23,278,s.o.,s.o.
2015,BMW,M3 Sedan,Compacte,3.0,6,M6,Z,13.7,9.0,11.6,24,267,s.o.,s.o.
2015,BMW,M4 Cabriolet,Sous-compacte,3.0,6,AM7,Z,14.1,9.7,12.1,23,278,s.o.,s.o.
2015,BMW,M4 Cabriolet,Sous-compacte,3.0,6,M6,Z,14.1,9.0,11.8,24,271,s.o.,s.o.
2015,BMW,M4 Coupe,Compacte,3.0,6,AM7,Z,14.1,9.7,12.1,23,278,s.o.,s.o.
2015,BMW,M4 Coupe,Compacte,3.0,6,M6,Z,13.7,9.0,11.6,24,267,s.o.,s.o.
2015,BMW,M5 Sedan,Intermédiaire,4.4,8,AM7,Z,17.3,11.5,14.7,19,338,s.o.,s.o.
2015,BMW,M5 Sedan,Intermédiaire,4.4,8,M6,Z,16.1,10.8,13.7,21,315,s.o.,s.o.
2015,BMW,M6 Cabriolet,Sous-compacte,4.4,8,AM7,Z,17.3,11.5,14.7,19,338,s.o.,s.o.
2015,BMW,M6 Cabriolet,Sous-compacte,4.4,8,M6,Z,16.1,10.8,13.7,21,315,s.o.,s.o.
2015,BMW,M6 Coupe,Compacte,4.4,8,AM7,Z,17.3,11.5,14.7,19,338,s.o.,s.o.
2015,BMW,M6 Coupe,Compacte,4.4,8,M6,Z,16.1,10.8,13.7,21,315,s.o.,s.o.
2015,BMW,M6 Gran Coupe,Compacte,4.4,8,AM7,Z,17.3,11.5,14.7,19,338,s.o.,s.o.
2015,BMW,M6 Gran Coupe,Compacte,4.4,8,M6,Z,16.1,10.8,13.7,21,315,s.o.,s.o.
2015,BMW,X1 xDrive28i,Véhicule utilitaire sport : petit,2.0,4,AS8,Z,10.6,7.2,9.1,31,209,s.o.,s.o.
2015,BMW,X1 xDrive35i,Véhicule utilitaire sport : petit,3.0,6,AS6,Z,13.2,8.9,11.2,25,258,s.o.,s.o.
2015,BMW,X3 xDrive28d,Véhicule utilitaire sport : petit,2.0,4,AS8,D,8.6,6.9,7.9,36,213,s.o.,s.o.
2015,BMW,X3 xDrive28i,Véhicule utilitaire sport : petit,2.0,4,AS8,Z,11.1,8.4,9.9,29,228,s.o.,s.o.
2015,BMW,X3 xDrive35i,Véhicule utilitaire sport : petit,3.0,6,AS8,Z,12.7,8.8,10.9,26,251,s.o.,s.o.
2015,BMW,X4 xDrive28i,Véhicule utilitaire sport : petit,2.0,4,AS8,Z,11.7,8.4,10.2,28,235,s.o.,s.o.
2015,BMW,X4 xDrive35i,Véhicule utilitaire sport : petit,3.0,6,AS8,Z,12.7,8.8,10.9,26,251,s.o.,s.o.
2015,BMW,X5 xDrive35d,Véhicule utilitaire sport : ordinaire,3.0,6,AS8,D,9.9,7.2,8.7,32,235,s.o.,s.o.
2015,BMW,X5 xDrive35i,Véhicule utilitaire sport : ordinaire,3.0,6,AS8,Z,13.0,8.9,11.1,25,255,s.o.,s.o.
2015,BMW,X5 xDrive50i,Véhicule utilitaire sport : ordinaire,4.4,8,AS8,Z,16.1,10.9,13.8,20,317,s.o.,s.o.
2015,BMW,X5 M,Véhicule utilitaire sport : ordinaire,4.4,8,AS8,Z,16.6,12.1,14.6,19,336,s.o.,s.o.
2015,BMW,X6 xDrive35i,Véhicule utilitaire sport : ordinaire,3.0,6,AS8,Z,13.0,8.9,11.1,25,255,s.o.,s.o.
2015,BMW,X6 xDrive50i,Véhicule utilitaire sport : ordinaire,4.4,8,AS8,Z,16.1,10.9,13.8,20,317,s.o.,s.o.
2015,BMW,X6 M,Véhicule utilitaire sport : ordinaire,4.4,8,AS8,Z,16.6,12.1,14.6,19,336,s.o.,s.o.
2015,BMW,Z4 sDrive28i,Deux places,2.0,4,AS8,Z,10.7,7.1,9.1,31,209,s.o.,s.o.
2015,BMW,Z4 sDrive28i,Deux places,2.0,4,M6,Z,10.7,6.9,9.0,31,207,s.o.,s.o.
2015,BMW,Z4 sDrive35i,Deux places,3.0,6,AM7,Z,13.7,10.0,12.1,23,278,s.o.,s.o.
2015,BMW,Z4 sDrive35i,Deux places,3.0,6,M6,Z,12.7,9.0,11.0,26,253,s.o.,s.o.
2015,BMW,Z4 sDrive35is,Deux places,3.0,6,AM7,Z,13.7,10.0,12.1,23,278,s.o.,s.o.
2015,Buick,Enclave,Véhicule utilitaire sport : ordinaire,3.6,6,A6,X,14.2,9.9,12.3,23,283,s.o.,s.o.
2015,Buick,Enclave AWD,Véhicule utilitaire sport : ordinaire,3.6,6,A6,X,14.6,10.2,12.6,22,290,s.o.,s.o.
2015,Buick,Encore,Véhicule utilitaire sport : petit,1.4,4,AS6,X,9.5,7.2,8.5,33,196,s.o.,s.o.
2015,Buick,Encore AWD,Véhicule utilitaire sport : petit,1.4,4,AS6,X,10.2,8.0,9.2,31,212,s.o.,s.o.
2015,Buick,LaCrosse eAssist,Intermédiaire,2.4,4,AS6,X,9.6,6.5,8.2,34,189,s.o.,s.o.
2015,Buick,LaCrosse,Intermédiaire,3.6,6,AS6,X,13.7,8.6,11.4,25,262,s.o.,s.o.
2015,Buick,LaCrosse,Intermédiaire,3.6,6,AS6,E,18.7,12.4,15.8,18,253,s.o.,s.o.
2015,Buick,LaCrosse AWD,Intermédiaire,3.6,6,AS6,X,13.9,9.1,11.7,24,269,s.o.,s.o.
2015,Buick,LaCrosse AWD,Intermédiaire,3.6,6,AS6,E,18.6,12.6,15.9,18,254,s.o.,s.o.
2015,Buick,Regal,Intermédiaire,2.0,4,AS6,Z,11.4,7.9,9.8,29,225,s.o.,s.o.
2015,Buick,Regal,Intermédiaire,2.0,4,M6,Z,11.6,7.6,9.8,29,225,s.o.,s.o.
2015,Buick,Regal eAssist,Intermédiaire,2.4,4,AS6,X,9.6,6.5,8.2,34,189,s.o.,s.o.
2015,Buick,Regal AWD,Intermédiaire,2.0,4,AS6,Z,12.4,8.7,10.7,26,246,s.o.,s.o.
2015,Buick,Verano,Compacte,2.0,4,AS6,Z,11.4,7.9,9.8,29,225,s.o.,s.o.
2015,Buick,Verano,Compacte,2.0,4,M6,Z,11.6,7.6,9.8,29,225,s.o.,s.o.
2015,Buick,Verano,Compacte,2.4,4,AS6,X,11.1,7.4,9.4,30,216,s.o.,s.o.
2015,Cadillac,ATS,Compacte,2.0,4,AS6,Z,11.1,7.9,9.7,29,223,s.o.,s.o.
2015,Cadillac,ATS,Compacte,2.0,4,M6,Z,12.2,7.9,10.3,27,237,s.o.,s.o.
2015,Cadillac,ATS,Compacte,2.5,4,AS6,X,11.1,7.2,9.3,30,214,s.o.,s.o.
2015,Cadillac,ATS,Compacte,3.6,6,AS6,X,12.8,8.4,10.8,26,248,s.o.,s.o.
2015,Cadillac,ATS AWD,Compacte,2.0,4,AS6,Z,11.5,8.5,10.2,28,235,s.o.,s.o.
2015,Cadillac,ATS AWD,Compacte,3.6,6,AS6,X,12.8,8.9,11.0,26,253,s.o.,s.o.
2015,Cadillac,CTS,Intermédiaire,2.0,4,AS6,Z,11.5,7.9,9.9,29,228,s.o.,s.o.
2015,Cadillac,CTS,Intermédiaire,3.6,6,AS8,X,12.8,8.2,10.7,26,246,s.o.,s.o.
2015,Cadillac,CTS AWD,Intermédiaire,2.0,4,AS6,Z,12.3,8.5,10.6,27,244,s.o.,s.o.
2015,Cadillac,CTS AWD,Intermédiaire,3.6,6,AS6,X,12.8,8.9,11.0,26,253,s.o.,s.o.
2015,Cadillac,CTS Vsport,Intermédiaire,3.6,6,AS8,Z,15.1,9.9,12.7,22,292,s.o.,s.o.
2015,Cadillac,Escalade 4WD,Véhicule utilitaire sport : ordinaire,6.2,8,A6,Z,16.2,11.4,14.0,20,322,s.o.,s.o.
2015,Cadillac,Escalade 4WD,Véhicule utilitaire sport : ordinaire,6.2,8,A8,Z,15.9,11.1,13.8,20,317,s.o.,s.o.
2015,Cadillac,Escalade ESV 4WD,Véhicule utilitaire sport : ordinaire,6.2,8,A6,Z,16.8,11.7,14.5,19,334,s.o.,s.o.
2015,Cadillac,Escalade ESV 4WD,Véhicule utilitaire sport : ordinaire,6.2,8,A8,Z,16.4,11.7,14.3,20,329,s.o.,s.o.
2015,Cadillac,SRX,Véhicule utilitaire sport : ordinaire,3.6,6,AS6,X,14.2,9.8,12.3,23,283,s.o.,s.o.
2015,Cadillac,SRX AWD,Véhicule utilitaire sport : ordinaire,3.6,6,AS6,X,14.8,10.4,12.8,22,294,s.o.,s.o.
2015,Cadillac,XTS,Grande berline,3.6,6,AS6,X,13.6,8.6,11.3,25,260,s.o.,s.o.
2015,Cadillac,XTS AWD,Grande berline,3.6,6,AS6,X,13.7,8.9,11.6,24,267,s.o.,s.o.
2015,Cadillac,XTS Vsport AWD,Grande berline,3.6,6,AS6,Z,14.8,9.9,12.6,22,290,s.o.,s.o.
2015,Chevrolet,Camaro,Compacte,3.6,6,AS6,X,13.3,8.8,11.3,25,260,s.o.,s.o.
2015,Chevrolet,Camaro,Compacte,3.6,6,M6,X,14.0,8.4,11.5,25,265,s.o.,s.o.
2015,Chevrolet,Camaro,Compacte,6.2,8,AS6,Z,15.3,9.8,12.8,22,294,s.o.,s.o.
2015,Chevrolet,Camaro,Compacte,6.2,8,M6,Z,15.0,9.9,12.7,22,292,s.o.,s.o.
2015,Chevrolet,Camaro 2LS,Compacte,3.6,6,AS6,X,12.6,7.9,10.5,27,242,s.o.,s.o.
2015,Chevrolet,Camaro Z/28,Compacte,6.2,8,M6,Z,18.1,12.3,15.5,18,357,s.o.,s.o.
2015,Chevrolet,Camaro ZL1,Compacte,6.2,8,AS6,Z,19.9,13.0,16.8,17,386,s.o.,s.o.
2015,Chevrolet,Camaro ZL1,Compacte,6.2,8,M6,Z,16.6,12.4,14.7,19,338,s.o.,s.o.
2015,Chevrolet,City Express,Véhicule à usage spécial,2.0,4,AV,X,9.7,9.0,9.4,30,216,s.o.,s.o.
2015,Chevrolet,Colorado,Camionnette : petite,2.5,4,A6,X,11.9,8.8,10.5,27,242,s.o.,s.o.
2015,Chevrolet,Colorado,Camionnette : petite,2.5,4,M6,X,12.2,9.1,10.8,26,248,s.o.,s.o.
2015,Chevrolet,Colorado,Camionnette : petite,3.6,6,A6,X,13.0,9.2,11.3,25,260,s.o.,s.o.
2015,Chevrolet,Colorado 4WD,Camionnette : petite,2.5,4,A6,X,12.7,9.5,11.3,25,260,s.o.,s.o.
2015,Chevrolet,Colorado 4WD,Camionnette : petite,3.6,6,A6,X,13.5,9.8,11.8,24,271,s.o.,s.o.
2015,Chevrolet,Corvette,Deux places,6.2,8,AS8,Z,14.6,8.1,11.7,24,269,s.o.,s.o.
2015,Chevrolet,Corvette,Deux places,6.2,8,M7,Z,13.7,8.2,11.2,25,258,s.o.,s.o.
2015,Chevrolet,Corvette Z06,Deux places,6.2,8,AS8,Z,17.7,10.2,14.3,20,329,s.o.,s.o.
2015,Chevrolet,Corvette Z06,Deux places,6.2,8,M7,Z,15.7,10.6,13.4,21,308,s.o.,s.o.
2015,Chevrolet,Cruze,Intermédiaire,1.4,4,AS6,X,9.1,6.3,7.8,36,179,s.o.,s.o.
2015,Chevrolet,Cruze Eco,Intermédiaire,1.4,4,A6,X,9.0,6.1,7.7,37,177,s.o.,s.o.
2015,Chevrolet,Cruze,Intermédiaire,1.4,4,M6,X,9.0,6.2,7.8,36,179,s.o.,s.o.
2015,Chevrolet,Cruze Eco,Intermédiaire,1.4,4,M6,X,8.4,5.6,7.1,40,163,s.o.,s.o.
2015,Chevrolet,Cruze,Intermédiaire,1.8,4,AS6,X,10.5,6.8,8.8,32,202,s.o.,s.o.
2015,Chevrolet,Cruze,Intermédiaire,1.8,4,M6,X,9.4,6.6,8.1,35,186,s.o.,s.o.
2015,Chevrolet,Cruze Diesel,Intermédiaire,2.0,4,AS6,D,8.7,5.1,7.1,40,192,s.o.,s.o.
2015,Chevrolet,Equinox,Véhicule utilitaire sport : petit,2.4,4,A6,X,10.5,7.3,9.1,31,209,s.o.,s.o.
2015,Chevrolet,Equinox FFV,Véhicule utilitaire sport : petit,2.4,4,A6,X,10.5,7.3,9.1,31,209,s.o.,s.o.
2015,Chevrolet,Equinox FFV,Véhicule utilitaire sport : petit,2.4,4,A6,E,15.6,10.8,13.4,21,214,s.o.,s.o.
2015,Chevrolet,Equinox,Véhicule utilitaire sport : petit,3.6,6,A6,X,14.2,9.5,12.1,23,278,s.o.,s.o.
2015,Chevrolet,Equinox AWD,Véhicule utilitaire sport : petit,2.4,4,A6,X,11.5,8.2,10.0,28,230,s.o.,s.o.
2015,Chevrolet,Equinox AWD FFV,Véhicule utilitaire sport : petit,2.4,4,A6,X,11.5,8.2,10.0,28,230,s.o.,s.o.
2015,Chevrolet,Equinox AWD FFV,Véhicule utilitaire sport : petit,2.4,4,A6,E,16.3,11.6,14.2,20,227,s.o.,s.o.
2015,Chevrolet,Equinox AWD,Véhicule utilitaire sport : petit,3.6,6,A6,X,14.8,9.9,12.6,22,290,s.o.,s.o.
2015,Chevrolet,Express 2500 Passenger,Fourgon : passager,4.8,8,A6,X,21.0,14.2,18.0,16,414,s.o.,s.o.
2015,Chevrolet,Express 2500 Passenger,Fourgon : passager,6.0,8,A6,X,22.0,14.9,18.8,15,432,s.o.,s.o.
2015,Chevrolet,Express 2500 Passenger FFV,Fourgon : passager,6.0,8,A6,X,22.0,14.9,18.8,15,432,s.o.,s.o.
2015,Chevrolet,Express 2500 Passenger FFV,Fourgon : passager,6.0,8,A6,E,30.3,20.5,25.9,11,414,s.o.,s.o.
2015,Chevrolet,Express 3500 Passenger,Fourgon : passager,4.8,8,A6,X,21.3,14.3,18.1,16,416,s.o.,s.o.
2015,Chevrolet,Express 3500 Passenger,Fourgon : passager,6.0,8,A6,X,22.2,15.1,19.0,15,437,s.o.,s.o.
2015,Chevrolet,Express 3500 Passenger FFV,Fourgon : passager,6.0,8,A6,X,22.2,15.1,19.0,15,437,s.o.,s.o.
2015,Chevrolet,Express 3500 Passenger FFV,Fourgon : passager,6.0,8,A6,E,30.6,20.6,26.1,11,418,s.o.,s.o.
2015,Chevrolet,Impala,Grande berline,2.5,4,AS6,X,10.6,7.5,9.2,31,212,s.o.,s.o.
2015,Chevrolet,Impala,Grande berline,3.6,6,AS6,X,12.5,8.2,10.6,27,244,s.o.,s.o.
2015,Chevrolet,Impala,Grande berline,3.6,6,AS6,E,17.0,11.5,14.5,19,232,s.o.,s.o.
2015,Chevrolet,Malibu,Intermédiaire,2.0,4,AS6,Z,11.4,7.9,9.8,29,225,s.o.,s.o.
2015,Chevrolet,Malibu,Intermédiaire,2.5,4,AS6,X,9.3,6.4,8.0,35,184,s.o.,s.o.
2015,Chevrolet,Silverado,Camionnette : ordinaire,4.3,6,A6,X,13.4,9.9,11.9,24,274,s.o.,s.o.
2015,Chevrolet,Silverado,Camionnette : ordinaire,4.3,6,A6,E,19.3,14.3,17.1,17,274,s.o.,s.o.
2015,Chevrolet,Silverado,Camionnette : ordinaire,5.3,8,A6,X,14.6,10.3,12.7,22,292,s.o.,s.o.
2015,Chevrolet,Silverado,Camionnette : ordinaire,5.3,8,A6,E,19.9,13.8,17.2,16,275,s.o.,s.o.
2015,Chevrolet,Silverado,Camionnette : ordinaire,6.2,8,A8,Z,16.1,11.4,14.0,20,322,s.o.,s.o.
2015,Chevrolet,Silverado 4WD,Camionnette : ordinaire,4.3,6,A6,X,14.1,10.6,12.5,23,288,s.o.,s.o.
2015,Chevrolet,Silverado 4WD,Camionnette : ordinaire,4.3,6,A6,E,20.3,15.2,18.0,16,288,s.o.,s.o.
2015,Chevrolet,Silverado 4WD,Camionnette : ordinaire,5.3,8,A6,X,14.9,10.7,13.0,22,299,s.o.,s.o.
2015,Chevrolet,Silverado 4WD,Camionnette : ordinaire,5.3,8,A6,E,20.2,14.3,17.5,16,280,s.o.,s.o.
2015,Chevrolet,Silverado 4WD,Camionnette : ordinaire,6.2,8,A8,Z,16.3,11.6,14.2,20,327,s.o.,s.o.
2015,Chevrolet,Sonic,Compacte,1.4,4,AS6,X,9.0,6.8,8.0,35,184,s.o.,s.o.
2015,Chevrolet,Sonic,Compacte,1.4,4,M6,X,8.5,6.2,7.5,38,173,s.o.,s.o.
2015,Chevrolet,Sonic,Compacte,1.8,4,AS6,X,9.6,6.7,8.3,34,191,s.o.,s.o.
2015,Chevrolet,Sonic,Compacte,1.8,4,M5,X,9.0,6.8,8.0,35,184,s.o.,s.o.
2015,Chevrolet,Sonic RS,Compacte,1.4,4,AS6,X,9.4,7.0,8.3,34,191,s.o.,s.o.
2015,Chevrolet,Sonic RS,Compacte,1.4,4,M6,X,8.9,6.9,8.0,35,184,s.o.,s.o.
2015,Chevrolet,Sonic 5,Intermédiaire,1.4,4,AS6,X,9.0,6.8,8.0,35,184,s.o.,s.o.
2015,Chevrolet,Sonic 5,Intermédiaire,1.4,4,M6,X,8.5,6.2,7.5,38,173,s.o.,s.o.
2015,Chevrolet,Sonic 5,Intermédiaire,1.8,4,AS6,X,9.6,6.7,8.3,34,191,s.o.,s.o.
2015,Chevrolet,Sonic 5,Intermédiaire,1.8,4,M5,X,9.0,6.8,8.0,35,184,s.o.,s.o.
2015,Chevrolet,Sonic 5 RS,Intermédiaire,1.4,4,AS6,X,9.4,7.0,8.3,34,191,s.o.,s.o.
2015,Chevrolet,Sonic 5 RS,Intermédiaire,1.4,4,M6,X,8.9,6.9,8.0,35,184,s.o.,s.o.
2015,Chevrolet,Spark,Sous-compacte,1.2,4,AV,X,7.7,6.1,7.0,40,161,s.o.,s.o.
2015,Chevrolet,Spark,Sous-compacte,1.2,4,M5,X,7.5,6.0,6.8,42,156,s.o.,s.o.
2015,Chevrolet,Suburban,Véhicule utilitaire sport : ordinaire,5.3,8,A6,X,14.9,10.1,12.7,22,292,s.o.,s.o.
2015,Chevrolet,Suburban,Véhicule utilitaire sport : ordinaire,5.3,8,A6,E,20.2,13.6,17.2,16,275,s.o.,s.o.
2015,Chevrolet,Suburban 4WD,Véhicule utilitaire sport : ordinaire,5.3,8,A6,X,15.4,10.8,13.3,21,306,s.o.,s.o.
2015,Chevrolet,Suburban 4WD,Véhicule utilitaire sport : ordinaire,5.3,8,A6,E,22.1,15.4,19.1,15,306,s.o.,s.o.
2015,Chevrolet,Tahoe,Véhicule utilitaire sport : ordinaire,5.3,8,A6,X,14.9,10.1,12.7,22,292,s.o.,s.o.
2015,Chevrolet,Tahoe,Véhicule utilitaire sport : ordinaire,5.3,8,A6,E,20.2,13.6,17.2,16,275,s.o.,s.o.
2015,Chevrolet,Tahoe 4WD,Véhicule utilitaire sport : ordinaire,5.3,8,A6,X,15.1,10.4,13.0,22,299,s.o.,s.o.
2015,Chevrolet,Tahoe 4WD,Véhicule utilitaire sport : ordinaire,5.3,8,A6,E,20.5,14.0,17.6,16,282,s.o.,s.o.
2015,Chevrolet,Traverse,Véhicule utilitaire sport : ordinaire,3.6,6,A6,X,14.2,9.9,12.3,23,283,s.o.,s.o.
2015,Chevrolet,Traverse AWD,Véhicule utilitaire sport : ordinaire,3.6,6,A6,X,14.6,10.2,12.6,22,290,s.o.,s.o.
2015,Chevrolet,Trax,Véhicule utilitaire sport : petit,1.4,4,AS6,X,9.2,7.0,8.2,34,189,s.o.,s.o.
2015,Chevrolet,Trax,Véhicule utilitaire sport : petit,1.4,4,M6,X,9.1,6.9,8.1,35,186,s.o.,s.o.
2015,Chevrolet,Trax AWD,Véhicule utilitaire sport : petit,1.4,4,AS6,X,9.7,7.6,8.7,32,200,s.o.,s.o.
2015,Chrysler,200,Intermédiaire,2.4,4,A9,X,10.2,6.4,8.5,33,196,s.o.,s.o.
2015,Chrysler,200 FFV,Intermédiaire,2.4,4,A9,X,10.2,6.4,8.5,33,196,s.o.,s.o.
2015,Chrysler,200 FFV,Intermédiaire,2.4,4,A9,E,13.6,8.5,11.3,25,181,s.o.,s.o.
2015,Chrysler,200,Intermédiaire,3.6,6,A9,X,12.4,7.5,10.2,28,235,s.o.,s.o.
2015,Chrysler,200 FFV,Intermédiaire,3.6,6,A9,X,12.4,7.5,10.2,28,235,s.o.,s.o.
2015,Chrysler,200 FFV,Intermédiaire,3.6,6,A9,E,16.5,10.1,13.6,21,218,s.o.,s.o.
2015,Chrysler,200 AWD,Intermédiaire,3.6,6,A9,X,12.8,8.1,10.7,26,246,s.o.,s.o.
2015,Chrysler,200 AWD FFV,Intermédiaire,3.6,6,A9,X,12.8,8.1,10.7,26,246,s.o.,s.o.
2015,Chrysler,200 AWD FFV,Intermédiaire,3.6,6,A9,E,16.9,10.8,14.1,20,226,s.o.,s.o.
2015,Chrysler,300,Grande berline,3.6,6,A8,X,12.4,7.7,10.3,27,237,s.o.,s.o.
2015,Chrysler,300 FFV,Grande berline,3.6,6,A8,X,12.4,7.7,10.3,27,237,s.o.,s.o.
2015,Chrysler,300 FFV,Grande berline,3.6,6,A8,E,16.8,10.3,13.9,20,222,s.o.,s.o.
2015,Chrysler,300 (MDS),Grande berline,5.7,8,A8,X,14.8,9.3,12.3,23,283,s.o.,s.o.
2015,Chrysler,300 AWD,Grande berline,3.6,6,A8,X,12.8,8.6,10.9,26,251,s.o.,s.o.
2015,Chrysler,300 AWD FFV,Grande berline,3.6,6,A8,X,12.8,8.6,10.9,26,251,s.o.,s.o.
2015,Chrysler,300 AWD FFV,Grande berline,3.6,6,A8,E,17.3,11.7,14.8,19,237,s.o.,s.o.
2015,Chrysler,Town & Country FFV,Fourgonnette,3.6,6,A6,X,14.1,9.5,12.0,24,276,s.o.,s.o.
2015,Chrysler,Town & Country FFV,Fourgonnette,3.6,6,A6,E,19.7,13.3,16.8,17,269,s.o.,s.o.
2015,Dodge,Challenger,Intermédiaire,3.6,6,A8,X,12.4,7.8,10.3,27,237,s.o.,s.o.
2015,Dodge,Challenger,Intermédiaire,5.7,8,M6,X,15.6,10.0,13.1,22,301,s.o.,s.o.
2015,Dodge,Challenger (MDS),Intermédiaire,5.7,8,A8,X,14.8,9.3,12.3,23,283,s.o.,s.o.
2015,Dodge,Challenger,Intermédiaire,6.4,8,M6,Z,16.8,10.4,13.9,20,320,s.o.,s.o.
2015,Dodge,Challenger (MDS),Intermédiaire,6.4,8,A8,Z,15.7,9.5,12.9,22,297,s.o.,s.o.
2015,Dodge,Challenger SRT,Intermédiaire,6.4,8,M6,Z,16.8,10.4,13.9,20,320,s.o.,s.o.
2015,Dodge,Challenger SRT (MDS),Intermédiaire,6.4,8,A8,Z,15.7,9.5,12.9,22,297,s.o.,s.o.
2015,Dodge,Challenger SRT Hellcat,Intermédiaire,6.2,8,A8,Z,18.0,10.7,14.7,19,338,s.o.,s.o.
2015,Dodge,Challenger SRT Hellcat,Intermédiaire,6.2,8,M6,Z,18.1,11.4,15.1,19,347,s.o.,s.o.
2015,Dodge,Charger,Grande berline,3.6,6,A5,X,13.7,8.9,11.5,25,264,s.o.,s.o.
2015,Dodge,Charger FFV,Grande berline,3.6,6,A5,X,13.7,8.9,11.5,25,264,s.o.,s.o.
2015,Dodge,Charger FFV,Grande berline,3.6,6,A5,E,18.7,12.4,15.9,18,254,s.o.,s.o.
2015,Dodge,Charger,Grande berline,3.6,6,A8,X,12.4,7.7,10.3,27,237,s.o.,s.o.
2015,Dodge,Charger FFV,Grande berline,3.6,6,A8,X,12.4,7.7,10.3,27,237,s.o.,s.o.
2015,Dodge,Charger FFV,Grande berline,3.6,6,A8,E,16.8,10.3,13.9,20,222,s.o.,s.o.
2015,Dodge,Charger (MDS),Grande berline,5.7,8,A5,X,15.7,9.6,12.9,22,297,s.o.,s.o.
2015,Dodge,Charger (MDS),Grande berline,5.7,8,A8,X,14.8,9.3,12.3,23,283,s.o.,s.o.
2015,Dodge,Charger AWD,Grande berline,3.6,6,A8,X,12.8,8.6,10.9,26,251,s.o.,s.o.
2015,Dodge,Charger AWD FFV,Grande berline,3.6,6,A8,X,12.8,8.6,10.9,26,251,s.o.,s.o.
2015,Dodge,Charger AWD FFV,Grande berline,3.6,6,A8,E,17.3,11.7,14.8,19,237,s.o.,s.o.
2015,Dodge,Charger AWD (MDS),Grande berline,5.7,8,A5,X,16.1,10.0,13.4,21,308,s.o.,s.o.
2015,Dodge,Charger SRT 392 Hemi,Grande berline,6.4,8,A8,Z,15.7,9.5,12.9,22,297,s.o.,s.o.
2015,Dodge,Charger SRT Hellcat,Grande berline,6.2,8,A8,Z,18.0,10.7,14.7,19,338,s.o.,s.o.
2015,Dodge,Dart FFV,Intermédiaire,2.0,4,A6,X,9.9,7.0,8.6,33,198,s.o.,s.o.
2015,Dodge,Dart FFV,Intermédiaire,2.0,4,A6,E,13.3,9.3,11.5,25,184,s.o.,s.o.
2015,Dodge,Dart,Intermédiaire,2.0,4,M6,X,9.4,6.5,8.1,35,186,s.o.,s.o.
2015,Dodge,Dart,Intermédiaire,2.4,4,A6,X,10.1,6.8,8.6,33,198,s.o.,s.o.
2015,Dodge,Dart,Intermédiaire,2.4,4,M6,X,10.5,6.7,8.8,32,202,s.o.,s.o.
2015,Dodge,Dart GT,Intermédiaire,2.4,4,A6,X,10.6,7.5,9.2,31,212,s.o.,s.o.
2015,Dodge,Dart GT,Intermédiaire,2.4,4,M6,X,10.2,7.0,8.8,32,202,s.o.,s.o.
2015,Dodge,Dart Turbo Aero,Intermédiaire,1.4,4,AM6,X,8.4,5.9,7.3,39,168,s.o.,s.o.
2015,Dodge,Dart Turbo Aero,Intermédiaire,1.4,4,M6,X,8.5,5.8,7.3,39,168,s.o.,s.o.
2015,Dodge,Durango AWD FFV,Véhicule utilitaire sport : ordinaire,3.6,6,A8,X,13.9,9.8,12.1,23,278,s.o.,s.o.
2015,Dodge,Durango AWD FFV,Véhicule utilitaire sport : ordinaire,3.6,6,A8,E,17.7,13.0,15.6,18,250,s.o.,s.o.
2015,Dodge,Durango AWD (MDS),Véhicule utilitaire sport : ordinaire,5.7,8,A8,X,17.3,11.5,14.7,19,338,s.o.,s.o.
2015,Dodge,Grand Caravan FFV,Fourgonnette,3.6,6,A6,X,13.7,9.4,11.8,24,271,s.o.,s.o.
2015,Dodge,Grand Caravan FFV,Fourgonnette,3.6,6,A6,E,19.2,13.1,16.4,17,262,s.o.,s.o.
2015,Dodge,Journey,Véhicule utilitaire sport : petit,2.4,4,A4,X,12.7,9.1,11.1,25,255,s.o.,s.o.
2015,Dodge,Journey FFV,Véhicule utilitaire sport : petit,3.6,6,A6,X,14.2,9.4,12.1,23,278,s.o.,s.o.
2015,Dodge,Journey FFV,Véhicule utilitaire sport : petit,3.6,6,A6,E,18.9,12.9,16.2,17,259,s.o.,s.o.
2015,Dodge,Journey AWD,Véhicule utilitaire sport : petit,3.6,6,A6,X,14.5,9.9,12.4,23,285,s.o.,s.o.
2015,Dodge,Viper SRT Coupe,Deux places,8.4,10,M6,Z,19.4,11.3,15.8,18,363,s.o.,s.o.
2015,FIAT,500 Cabrio,Minicompacte,1.4,4,A6,X,8.7,6.9,7.9,36,182,s.o.,s.o.
2015,FIAT,500 Cabrio,Minicompacte,1.4,4,M5,X,7.9,6.3,7.2,39,166,s.o.,s.o.
2015,FIAT,500 Hatchback,Minicompacte,1.4,4,A6,X,8.7,6.9,7.9,36,182,s.o.,s.o.
2015,FIAT,500 Hatchback,Minicompacte,1.4,4,M5,X,7.6,5.9,6.8,42,156,s.o.,s.o.
2015,FIAT,500 Hatchback Turbo,Minicompacte,1.4,4,A6,X,9.6,7.3,8.6,33,198,s.o.,s.o.
2015,FIAT,500 Hatchback Turbo,Minicompacte,1.4,4,M5,X,8.5,6.9,7.8,36,179,s.o.,s.o.
2015,FIAT,500 Abarth Cabrio,Minicompacte,1.4,4,A6,X,9.6,7.3,8.6,33,198,s.o.,s.o.
2015,FIAT,500 Abarth Cabrio,Minicompacte,1.4,4,M5,X,8.5,6.9,7.8,36,179,s.o.,s.o.
2015,FIAT,500 Abarth Hatchback,Minicompacte,1.4,4,A6,X,9.6,7.3,8.6,33,198,s.o.,s.o.
2015,FIAT,500 Abarth Hatchback,Minicompacte,1.4,4,M5,X,8.5,6.9,7.8,36,179,s.o.,s.o.
2015,FIAT,500L,Familiale : petite,1.4,4,A6,X,10.6,7.8,9.4,30,216,s.o.,s.o.
2015,FIAT,500L,Familiale : petite,1.4,4,AM6,X,9.9,7.2,8.7,32,200,s.o.,s.o.
2015,FIAT,500L,Familiale : petite,1.4,4,M6,X,9.3,7.1,8.3,34,191,s.o.,s.o.
2015,Ford,C-MAX Hybrid,Grande berline,2.0,4,AV,X,5.6,6.4,6.0,47,138,s.o.,s.o.
2015,Ford,Edge,Véhicule utilitaire sport : petit,2.0,4,AS6,X,11.5,7.8,9.8,29,225,s.o.,s.o.
2015,Ford,Edge (Start/Stop),Véhicule utilitaire sport : petit,2.0,4,AS6,X,11.3,7.9,9.8,29,225,s.o.,s.o.
2015,Ford,Edge,Véhicule utilitaire sport : petit,3.5,6,AS6,X,13.2,9.0,11.3,25,260,s.o.,s.o.
2015,Ford,Edge AWD,Véhicule utilitaire sport : petit,2.0,4,AS6,X,11.8,8.4,10.3,27,237,s.o.,s.o.
2015,Ford,Edge AWD,Véhicule utilitaire sport : petit,3.5,6,AS6,X,13.7,9.6,11.8,24,271,s.o.,s.o.
2015,Ford,Edge Sport AWD,Véhicule utilitaire sport : petit,2.7,6,AS6,X,13.6,9.8,11.9,24,274,s.o.,s.o.
2015,Ford,Escape,Véhicule utilitaire sport : petit,1.6,4,AS6,X,10.4,7.4,9.0,31,207,s.o.,s.o.
2015,Ford,Escape,Véhicule utilitaire sport : petit,2.0,4,AS6,X,10.9,8.0,9.6,29,221,s.o.,s.o.
2015,Ford,Escape,Véhicule utilitaire sport : petit,2.5,4,AS6,X,10.9,7.6,9.5,30,218,s.o.,s.o.
2015,Ford,Escape AWD,Véhicule utilitaire sport : petit,1.6,4,AS6,X,10.6,8.0,9.4,30,216,s.o.,s.o.
2015,Ford,Escape AWD,Véhicule utilitaire sport : petit,2.0,4,AS6,X,11.4,8.4,10.1,28,232,s.o.,s.o.
2015,Ford,Expedition 4X4,Véhicule utilitaire sport : ordinaire,3.5,6,AS6,X,16.2,11.8,14.2,20,327,s.o.,s.o.
2015,Ford,Expedition MAX 4X4,Véhicule utilitaire sport : ordinaire,3.5,6,AS6,X,16.4,12.0,14.4,20,331,s.o.,s.o.
2015,Ford,Explorer,Véhicule utilitaire sport : ordinaire,2.0,4,A6,X,11.9,8.5,10.4,27,239,s.o.,s.o.
2015,Ford,Explorer FFV,Véhicule utilitaire sport : ordinaire,3.5,6,AS6,X,13.7,9.7,11.9,24,274,s.o.,s.o.
2015,Ford,Explorer FFV,Véhicule utilitaire sport : ordinaire,3.5,6,AS6,E,18.6,13.0,16.1,18,258,s.o.,s.o.
2015,Ford,Explorer FFV AWD,Véhicule utilitaire sport : ordinaire,3.5,6,AS6,X,14.2,10.3,12.5,23,288,s.o.,s.o.
2015,Ford,Explorer FFV AWD,Véhicule utilitaire sport : ordinaire,3.5,6,AS6,E,19.2,14.1,16.9,17,270,s.o.,s.o.
2015,Ford,Explorer AWD (EcoBoost),Véhicule utilitaire sport : ordinaire,3.5,6,AS6,X,14.9,10.7,13.0,22,299,s.o.,s.o.
2015,Ford,F-150,Camionnette : ordinaire,2.7,6,AS6,X,12.2,9.2,10.8,26,248,s.o.,s.o.
2015,Ford,F-150,Camionnette : ordinaire,3.5,6,AS6,X,13.7,9.9,12.0,24,276,s.o.,s.o.
2015,Ford,F-150 FFV,Camionnette : ordinaire,3.5,6,A6,X,13.2,9.6,11.5,25,264,s.o.,s.o.
2015,Ford,F-150 FFV,Camionnette : ordinaire,3.5,6,A6,E,17.9,13.0,15.7,18,251,s.o.,s.o.
2015,Ford,F-150 FFV,Camionnette : ordinaire,5.0,8,AS6,X,15.5,10.6,13.3,21,306,s.o.,s.o.
2015,Ford,F-150 FFV,Camionnette : ordinaire,5.0,8,AS6,E,20.7,14.3,17.9,16,286,s.o.,s.o.
2015,Ford,F-150 4X4,Camionnette : ordinaire,2.7,6,AS6,X,13.3,10.4,12.0,24,276,s.o.,s.o.
2015,Ford,F-150 4X4,Camionnette : ordinaire,3.5,6,AS6,X,14.2,10.4,12.5,23,288,s.o.,s.o.
2015,Ford,F-150 FFV 4X4,Camionnette : ordinaire,3.5,6,A6,X,13.9,10.5,12.4,23,285,s.o.,s.o.
2015,Ford,F-150 FFV 4X4,Camionnette : ordinaire,3.5,6,A6,E,18.9,14.2,16.8,17,269,s.o.,s.o.
2015,Ford,F-150 FFV 4X4,Camionnette : ordinaire,5.0,8,AS6,X,16.0,11.3,13.9,20,320,s.o.,s.o.
2015,Ford,F-150 FFV 4X4,Camionnette : ordinaire,5.0,8,AS6,E,21.7,15.1,18.7,15,299,s.o.,s.o.
2015,Ford,Fiesta SFE,Sous-compacte,1.0,3,M5,X,7.5,5.5,6.6,43,152,s.o.,s.o.
2015,Ford,Fiesta,Sous-compacte,1.6,4,AS6,X,8.7,6.4,7.6,37,175,s.o.,s.o.
2015,Ford,Fiesta SFE,Sous-compacte,1.6,4,AS6,X,8.4,6.2,7.4,38,170,s.o.,s.o.
2015,Ford,Fiesta,Sous-compacte,1.6,4,M5,X,8.5,6.5,7.6,37,175,s.o.,s.o.
2015,Ford,Fiesta ST,Sous-compacte,1.6,4,M6,X,8.9,6.8,8.0,35,184,s.o.,s.o.
2015,Ford,Flex,Véhicule utilitaire sport : ordinaire,3.5,6,AS6,X,13.3,9.5,11.6,24,267,s.o.,s.o.
2015,Ford,Flex AWD,Véhicule utilitaire sport : ordinaire,3.5,6,AS6,X,13.7,10.1,12.1,23,278,s.o.,s.o.
2015,Ford,Flex AWD (EcoBoost),Véhicule utilitaire sport : ordinaire,3.5,6,AS6,X,14.6,10.4,12.8,22,294,s.o.,s.o.
2015,Ford,Focus,Compacte,1.0,3,M6,X,8.1,5.9,7.1,40,163,s.o.,s.o.
2015,Ford,Focus FFV,Compacte,2.0,4,AM6,X,8.9,6.2,7.7,37,177,s.o.,s.o.
2015,Ford,Focus FFV,Compacte,2.0,4,AM6,E,11.9,8.5,10.4,27,166,s.o.,s.o.
2015,Ford,Focus FFV,Compacte,2.0,4,AS6,X,9.1,6.3,7.8,36,179,s.o.,s.o.
2015,Ford,Focus FFV,Compacte,2.0,4,AS6,E,12.2,8.6,10.6,27,170,s.o.,s.o.
2015,Ford,Focus FFV,Compacte,2.0,4,M5,X,9.3,6.7,8.1,35,186,s.o.,s.o.
2015,Ford,Focus FFV,Compacte,2.0,4,M5,E,12.4,9.1,10.9,26,174,s.o.,s.o.
2015,Ford,Focus,Compacte,2.0,4,M6,X,10.2,7.3,8.9,32,205,s.o.,s.o.
2015,Ford,Fusion,Intermédiaire,1.5,4,AS6,X,9.9,6.5,8.4,34,193,s.o.,s.o.
2015,Ford,Fusion (Start/Stop),Intermédiaire,1.5,4,AS6,X,9.4,6.3,8.0,35,184,s.o.,s.o.
2015,Ford,Fusion,Intermédiaire,2.0,4,AS6,X,10.5,7.0,8.9,32,205,s.o.,s.o.
2015,Ford,Fusion,Intermédiaire,2.5,4,AS6,X,10.6,7.0,8.9,32,205,s.o.,s.o.
2015,Ford,Fusion AWD,Intermédiaire,2.0,4,AS6,X,10.8,7.5,9.3,30,214,s.o.,s.o.
2015,Ford,Fusion Hybrid,Intermédiaire,2.0,4,AV,X,5.4,5.8,5.5,51,126,s.o.,s.o.
2015,Ford,Mustang,Sous-compacte,2.3,4,AS6,X,11.0,7.4,9.4,30,216,s.o.,s.o.
2015,Ford,Mustang,Sous-compacte,2.3,4,M6,X,10.6,7.5,9.2,31,212,s.o.,s.o.
2015,Ford,Mustang,Sous-compacte,3.7,6,AS6,X,12.6,8.5,10.7,26,246,s.o.,s.o.
2015,Ford,Mustang,Sous-compacte,3.7,6,M6,X,13.5,8.3,11.2,25,258,s.o.,s.o.
2015,Ford,Mustang,Sous-compacte,5.0,8,AS6,X,14.9,9.5,12.4,23,285,s.o.,s.o.
2015,Ford,Mustang,Sous-compacte,5.0,8,M6,X,15.2,9.3,12.5,23,288,s.o.,s.o.
2015,Ford,Mustang Convertible,Sous-compacte,2.3,4,AS6,X,11.6,7.9,9.9,29,228,s.o.,s.o.
2015,Ford,Mustang Convertible,Sous-compacte,5.0,8,AS6,X,15.4,10.0,13.0,22,299,s.o.,s.o.
2015,Ford,T-150 Wagon,Fourgon : passager,3.5,6,AS6,X,16.6,12.5,14.7,19,338,s.o.,s.o.
2015,Ford,T-150 Wagon FFV,Fourgon : passager,3.7,6,AS6,X,16.6,12.6,14.8,19,340,s.o.,s.o.
2015,Ford,T-150 Wagon FFV,Fourgon : passager,3.7,6,AS6,E,22.1,16.7,19.7,14,315,s.o.,s.o.
2015,Ford,Taurus,Grande berline,2.0,4,AS6,X,10.5,7.4,9.1,31,209,s.o.,s.o.
2015,Ford,Taurus FFV,Grande berline,3.5,6,AS6,X,12.2,8.2,10.4,27,239,s.o.,s.o.
2015,Ford,Taurus FFV,Grande berline,3.5,6,AS6,E,17.4,11.3,14.7,19,235,s.o.,s.o.
2015,Ford,Taurus AWD,Grande berline,3.5,6,AS6,X,13.9,9.5,11.9,24,274,s.o.,s.o.
2015,Ford,Taurus FFV AWD,Grande berline,3.5,6,AS6,X,13.0,9.1,11.3,25,260,s.o.,s.o.
2015,Ford,Taurus FFV AWD,Grande berline,3.5,6,AS6,E,18.8,12.6,16.0,18,256,s.o.,s.o.
2015,Ford,Transit Connect Van,Véhicule à usage spécial,1.6,4,AS6,X,10.6,7.9,9.4,30,216,s.o.,s.o.
2015,Ford,Transit Connect Van,Véhicule à usage spécial,2.5,4,AS6,X,11.3,8.2,9.9,29,228,s.o.,s.o.
2015,Ford,Transit Connect Wagon,Véhicule à usage spécial,2.5,4,AS6,X,11.7,8.4,10.2,28,235,s.o.,s.o.
2015,Ford,Transit Connect Wagon Taxi,Véhicule à usage spécial,2.5,4,AS6,X,12.0,8.5,10.4,27,239,s.o.,s.o.
2015,GMC,Acadia,Véhicule utilitaire sport : ordinaire,3.6,6,A6,X,14.2,9.9,12.3,23,283,s.o.,s.o.
2015,GMC,Acadia AWD,Véhicule utilitaire sport : ordinaire,3.6,6,A6,X,14.6,10.2,12.6,22,290,s.o.,s.o.
2015,GMC,Canyon,Camionnette : petite,2.5,4,A6,X,11.9,8.8,10.5,27,242,s.o.,s.o.
2015,GMC,Canyon,Camionnette : petite,2.5,4,M6,X,12.2,9.1,10.8,26,248,s.o.,s.o.
2015,GMC,Canyon,Camionnette : petite,3.6,6,A6,X,13.0,9.2,11.3,25,260,s.o.,s.o.
2015,GMC,Canyon 4WD,Camionnette : petite,2.5,4,A6,X,12.7,9.5,11.3,25,260,s.o.,s.o.
2015,GMC,Canyon 4WD,Camionnette : petite,3.6,6,A6,X,13.5,9.8,11.8,24,271,s.o.,s.o.
2015,GMC,Savana 2500 Passenger,Fourgon : passager,4.8,8,A6,X,21.0,14.2,18.0,16,414,s.o.,s.o.
2015,GMC,Savana 2500 Passenger,Fourgon : passager,6.0,8,A6,X,22.0,14.9,18.8,15,432,s.o.,s.o.
2015,GMC,Savana 2500 Passenger FFV,Fourgon : passager,6.0,8,A6,X,22.0,14.9,18.8,15,432,s.o.,s.o.
2015,GMC,Savana 2500 Passenger FFV,Fourgon : passager,6.0,8,A6,E,30.3,20.5,25.9,11,414,s.o.,s.o.
2015,GMC,Savana 3500 Passenger,Fourgon : passager,4.8,8,A6,X,21.3,14.3,18.1,16,416,s.o.,s.o.
2015,GMC,Savana 3500 Passenger,Fourgon : passager,6.0,8,A6,X,22.2,15.1,19.0,15,437,s.o.,s.o.
2015,GMC,Savana 3500 Passenger FFV,Fourgon : passager,6.0,8,A6,X,22.2,15.1,19.0,15,437,s.o.,s.o.
2015,GMC,Savana 3500 Passenger FFV,Fourgon : passager,6.0,8,A6,E,30.6,20.6,26.1,11,418,s.o.,s.o.
2015,GMC,Sierra,Camionnette : ordinaire,4.3,6,A6,X,13.4,9.9,11.9,24,274,s.o.,s.o.
2015,GMC,Sierra,Camionnette : ordinaire,4.3,6,A6,E,19.3,14.3,17.1,17,274,s.o.,s.o.
2015,GMC,Sierra,Camionnette : ordinaire,5.3,8,A6,X,14.6,10.3,12.7,22,292,s.o.,s.o.
2015,GMC,Sierra,Camionnette : ordinaire,5.3,8,A6,E,19.9,13.8,17.2,16,275,s.o.,s.o.
2015,GMC,Sierra,Camionnette : ordinaire,6.2,8,A8,Z,16.1,11.4,14.0,20,322,s.o.,s.o.
2015,GMC,Sierra 4WD,Camionnette : ordinaire,4.3,6,A6,X,14.1,10.6,12.5,23,288,s.o.,s.o.
2015,GMC,Sierra 4WD,Camionnette : ordinaire,4.3,6,A6,E,20.3,15.2,18.0,16,288,s.o.,s.o.
2015,GMC,Sierra 4WD,Camionnette : ordinaire,5.3,8,A6,X,14.9,10.7,13.0,22,299,s.o.,s.o.
2015,GMC,Sierra 4WD,Camionnette : ordinaire,5.3,8,A6,E,20.2,14.3,17.5,16,280,s.o.,s.o.
2015,GMC,Sierra 4WD,Camionnette : ordinaire,6.2,8,A8,Z,16.3,11.6,14.2,20,327,s.o.,s.o.
2015,GMC,Terrain,Véhicule utilitaire sport : petit,2.4,4,A6,X,10.5,7.3,9.1,31,209,s.o.,s.o.
2015,GMC,Terrain FFV,Véhicule utilitaire sport : petit,2.4,4,A6,X,10.5,7.3,9.1,31,209,s.o.,s.o.
2015,GMC,Terrain FFV,Véhicule utilitaire sport : petit,2.4,4,A6,E,15.6,10.8,13.4,21,214,s.o.,s.o.
2015,GMC,Terrain,Véhicule utilitaire sport : petit,3.6,6,A6,X,14.2,9.5,12.1,23,278,s.o.,s.o.
2015,GMC,Terrain AWD,Véhicule utilitaire sport : petit,2.4,4,A6,X,11.5,8.2,10.0,28,230,s.o.,s.o.
2015,GMC,Terrain AWD,Véhicule utilitaire sport : petit,3.6,6,A6,X,14.8,9.9,12.6,22,290,s.o.,s.o.
2015,GMC,Yukon,Véhicule utilitaire sport : ordinaire,5.3,8,A6,X,14.9,10.1,12.7,22,292,s.o.,s.o.
2015,GMC,Yukon,Véhicule utilitaire sport : ordinaire,5.3,8,A6,E,20.2,13.6,17.2,16,275,s.o.,s.o.
2015,GMC,Yukon 4WD,Véhicule utilitaire sport : ordinaire,5.3,8,A6,X,15.1,10.4,13.0,22,299,s.o.,s.o.
2015,GMC,Yukon 4WD,Véhicule utilitaire sport : ordinaire,5.3,8,A6,E,20.5,14.0,17.6,16,282,s.o.,s.o.
2015,GMC,Yukon Denali 4WD,Véhicule utilitaire sport : ordinaire,6.2,8,A6,Z,16.2,11.4,14.0,20,322,s.o.,s.o.
2015,GMC,Yukon Denali 4WD,Véhicule utilitaire sport : ordinaire,6.2,8,A8,Z,15.9,11.1,13.8,20,317,s.o.,s.o.
2015,GMC,Yukon XL,Véhicule utilitaire sport : ordinaire,5.3,8,A6,X,14.9,10.1,12.7,22,292,s.o.,s.o.
2015,GMC,Yukon XL,Véhicule utilitaire sport : ordinaire,5.3,8,A6,E,20.2,13.6,17.2,16,275,s.o.,s.o.
2015,GMC,Yukon XL 4WD,Véhicule utilitaire sport : ordinaire,5.3,8,A6,X,15.4,10.8,13.3,21,306,s.o.,s.o.
2015,GMC,Yukon XL 4WD,Véhicule utilitaire sport : ordinaire,5.3,8,A6,E,22.1,15.4,19.1,15,306,s.o.,s.o.
2015,GMC,Yukon XL Denali 4WD,Véhicule utilitaire sport : ordinaire,6.2,8,A6,Z,16.8,11.7,14.5,19,334,s.o.,s.o.
2015,GMC,Yukon XL Denali 4WD,Véhicule utilitaire sport : ordinaire,6.2,8,A8,Z,16.4,11.7,14.3,20,329,s.o.,s.o.
2015,Honda,Accord,Intermédiaire,2.4,4,AV,X,8.8,6.5,7.8,36,179,s.o.,s.o.
2015,Honda,Accord,Intermédiaire,2.4,4,AV7,X,9.0,6.7,8.0,35,184,s.o.,s.o.
2015,Honda,Accord,Intermédiaire,2.4,4,M6,X,10.1,6.9,8.7,32,200,s.o.,s.o.
2015,Honda,Accord,Intermédiaire,3.5,6,A6,X,11.0,6.8,9.1,31,209,s.o.,s.o.
2015,Honda,Accord,Intermédiaire,3.5,6,AS6,X,11.4,7.3,9.5,30,219,s.o.,s.o.
2015,Honda,Accord,Intermédiaire,3.5,6,M6,X,13.0,8.4,10.9,26,251,s.o.,s.o.
2015,Honda,Accord Hybrid,Intermédiaire,2.0,4,AV,X,4.7,5.3,5.0,56,115,s.o.,s.o.
2015,Honda,Civic,Compacte,1.8,4,AV,X,7.9,6.1,7.1,40,163,s.o.,s.o.
2015,Honda,Civic,Compacte,1.8,4,AV7,X,8.1,6.2,7.2,39,166,s.o.,s.o.
2015,Honda,Civic,Compacte,1.8,4,M5,X,8.6,6.6,7.7,37,177,s.o.,s.o.
2015,Honda,Civic Si,Compacte,2.4,4,M6,Z,10.8,7.6,9.4,30,216,s.o.,s.o.
2015,Honda,Civic Hybrid,Compacte,1.5,4,AV,X,5.3,5.0,5.2,54,120,s.o.,s.o.
2015,Honda,CR-V,Véhicule utilitaire sport : petit,2.4,4,AV,X,8.6,6.9,7.8,36,179,s.o.,s.o.
2015,Honda,CR-V AWD,Véhicule utilitaire sport : petit,2.4,4,AV,X,9.1,7.2,8.3,34,191,s.o.,s.o.
2015,Honda,CR-Z,Deux places,1.5,4,AV7,X,6.6,6.0,6.3,45,145,s.o.,s.o.
2015,Honda,CR-Z,Deux places,1.5,4,M6,X,7.6,6.1,6.9,41,159,s.o.,s.o.
2015,Honda,Fit,Familiale : petite,1.5,4,AV,X,7.0,5.7,6.4,44,147,s.o.,s.o.
2015,Honda,Fit,Familiale : petite,1.5,4,AV7,X,7.3,6.1,6.8,42,156,s.o.,s.o.
2015,Honda,Fit,Familiale : petite,1.5,4,M6,X,8.1,6.4,7.3,39,168,s.o.,s.o.
2015,Honda,Odyssey,Fourgonnette,3.5,6,A6,X,12.3,8.5,10.6,27,244,s.o.,s.o.
2015,Honda,Pilot,Véhicule utilitaire sport : petit,3.5,6,A5,X,13.3,9.3,11.5,25,264,s.o.,s.o.
2015,Honda,Pilot 4WD,Véhicule utilitaire sport : petit,3.5,6,A5,X,13.8,9.7,12.0,24,276,s.o.,s.o.
2015,Hyundai,Accent,Compacte,1.6,4,AS6,X,8.9,6.3,7.7,37,177,s.o.,s.o.
2015,Hyundai,Accent,Compacte,1.6,4,M6,X,8.7,6.3,7.6,37,175,s.o.,s.o.
2015,Hyundai,Elantra,Intermédiaire,1.8,4,AS6,X,8.5,6.3,7.5,38,172,s.o.,s.o.
2015,Hyundai,Elantra,Intermédiaire,1.8,4,M6,X,8.8,6.4,7.7,37,177,s.o.,s.o.
2015,Hyundai,Elantra,Intermédiaire,2.0,4,AS6,X,9.7,6.7,8.3,34,191,s.o.,s.o.
2015,Hyundai,Elantra,Intermédiaire,2.0,4,M6,X,9.8,7.0,8.5,33,196,s.o.,s.o.
2015,Hyundai,Elantra Coupe,Intermédiaire,2.0,4,AS6,X,9.6,6.8,8.3,34,191,s.o.,s.o.
2015,Hyundai,Elantra Coupe,Intermédiaire,2.0,4,M6,X,9.7,6.7,8.3,34,191,s.o.,s.o.
2015,Hyundai,Elantra GT,Intermédiaire,2.0,4,AS6,X,9.7,7.2,8.6,33,198,s.o.,s.o.
2015,Hyundai,Elantra GT,Intermédiaire,2.0,4,M6,X,9.8,6.9,8.5,33,196,s.o.,s.o.
2015,Hyundai,Equus,Grande berline,5.0,8,AS8,Z,15.8,10.2,13.3,21,306,s.o.,s.o.
2015,Hyundai,Genesis AWD,Grande berline,3.8,6,AS8,X,14.4,9.4,12.1,23,278,s.o.,s.o.
2015,Hyundai,Genesis AWD,Grande berline,5.0,8,AS8,Z,17.3,10.5,14.2,20,327,s.o.,s.o.
2015,Hyundai,Genesis Coupe,Sous-compacte,3.8,6,AS8,Z,14.6,9.6,12.3,23,283,s.o.,s.o.
2015,Hyundai,Genesis Coupe,Sous-compacte,3.8,6,M6,Z,14.4,9.9,12.4,23,285,s.o.,s.o.
2015,Hyundai,Santa Fe,Véhicule utilitaire sport : petit,3.3,6,AS6,X,12.9,9.4,11.3,25,260,s.o.,s.o.
2015,Hyundai,Santa Fe AWD,Véhicule utilitaire sport : petit,3.3,6,AS6,X,13.0,9.7,11.5,25,264,s.o.,s.o.
2015,Hyundai,Santa Fe Ultimate AWD,Véhicule utilitaire sport : petit,3.3,6,AS6,X,13.9,10.8,12.5,23,287,s.o.,s.o.
2015,Hyundai,Santa Fe Sport,Véhicule utilitaire sport : petit,2.4,4,AS6,X,11.7,8.7,10.3,27,237,s.o.,s.o.
2015,Hyundai,Santa Fe Sport AWD,Véhicule utilitaire sport : petit,2.0,4,AS6,X,12.9,9.8,11.5,25,264,s.o.,s.o.
2015,Hyundai,Santa Fe Sport AWD,Véhicule utilitaire sport : petit,2.4,4,AS6,X,12.5,9.3,11.1,25,255,s.o.,s.o.
2015,Hyundai,Sonata,Grande berline,2.0,4,AS6,X,10.4,7.4,9.1,31,209,s.o.,s.o.
2015,Hyundai,Sonata,Grande berline,2.4,4,AS6,X,9.8,6.7,8.4,34,193,s.o.,s.o.
2015,Hyundai,Sonata Sport/Limited,Grande berline,2.4,4,AS6,X,9.8,6.7,8.4,34,193,s.o.,s.o.
2015,Hyundai,Sonata Hybrid,Intermédiaire,2.4,4,AS6,X,6.6,5.9,6.3,45,145,s.o.,s.o.
2015,Hyundai,Sonata Hybrid Limited,Intermédiaire,2.4,4,AS6,X,6.6,5.9,6.3,45,145,s.o.,s.o.
2015,Hyundai,Tucson,Véhicule utilitaire sport : petit,2.0,4,AS6,X,10.2,8.2,9.3,30,214,s.o.,s.o.
2015,Hyundai,Tucson,Véhicule utilitaire sport : petit,2.0,4,M6,X,11.4,8.5,10.1,28,232,s.o.,s.o.
2015,Hyundai,Tucson,Véhicule utilitaire sport : petit,2.4,4,AS6,X,11.3,8.3,10.0,28,230,s.o.,s.o.
2015,Hyundai,Tucson AWD,Véhicule utilitaire sport : petit,2.0,4,AS6,X,11.4,9.3,10.4,27,239,s.o.,s.o.
2015,Hyundai,Tucson AWD,Véhicule utilitaire sport : petit,2.4,4,AS6,X,11.6,9.3,10.6,27,244,s.o.,s.o.
2015,Hyundai,Veloster,Compacte,1.6,4,AM6,X,8.6,6.6,7.7,37,177,s.o.,s.o.
2015,Hyundai,Veloster,Compacte,1.6,4,M6,X,9.0,6.7,8.0,35,184,s.o.,s.o.
2015,Hyundai,Veloster Turbo,Compacte,1.6,4,AS6,X,9.9,7.6,8.8,32,202,s.o.,s.o.
2015,Hyundai,Veloster Turbo,Compacte,1.6,4,M6,X,9.7,7.0,8.5,33,196,s.o.,s.o.
2015,Infiniti,Q50,Intermédiaire,3.7,6,AS7,Z,12.0,8.1,10.3,27,237,s.o.,s.o.
2015,Infiniti,Q50 AWD,Intermédiaire,3.7,6,AS7,Z,12.5,8.7,10.8,26,248,s.o.,s.o.
2015,Infiniti,Q50 Hybrid,Compacte,3.5,6,AS7,Z,8.2,6.7,7.5,38,172,s.o.,s.o.
2015,Infiniti,Q50 Hybrid AWD,Compacte,3.5,6,AS7,Z,8.7,7.5,8.2,34,189,s.o.,s.o.
2015,Infiniti,Q60,Sous-compacte,3.7,6,AS7,Z,12.4,8.7,10.7,26,246,s.o.,s.o.
2015,Infiniti,Q60,Sous-compacte,3.7,6,M6,Z,13.6,9.3,11.6,24,267,s.o.,s.o.
2015,Infiniti,Q60 AWD,Sous-compacte,3.7,6,AS7,Z,13.3,9.4,11.5,25,264,s.o.,s.o.
2015,Infiniti,Q60 Convertible,Sous-compacte,3.7,6,AS7,Z,13.6,9.3,11.7,24,269,s.o.,s.o.
2015,Infiniti,Q60 Convertible,Sous-compacte,3.7,6,M6,Z,14.3,9.8,12.3,23,283,s.o.,s.o.
2015,Infiniti,Q70,Intermédiaire,3.7,6,AS7,Z,12.8,8.9,11.0,26,253,s.o.,s.o.
2015,Infiniti,Q70,Intermédiaire,5.6,8,AS7,Z,14.8,9.5,12.4,23,285,s.o.,s.o.
2015,Infiniti,Q70 AWD,Intermédiaire,3.7,6,AS7,Z,13.2,9.6,11.6,24,267,s.o.,s.o.
2015,Infiniti,Q70 AWD,Intermédiaire,5.6,8,AS7,Z,15.0,10.2,12.9,22,297,s.o.,s.o.
2015,Infiniti,Q70 Hybrid,Intermédiaire,3.5,6,AS7,Z,8.0,6.9,7.5,38,172,s.o.,s.o.
2015,Infiniti,QX50 AWD,Familiale : petite,3.7,6,AS7,Z,13.7,9.7,11.9,24,274,s.o.,s.o.
2015,Infiniti,QX60,Véhicule utilitaire sport : petit,3.5,6,AV7,Z,11.4,8.5,10.1,28,232,s.o.,s.o.
2015,Infiniti,QX60 AWD,Véhicule utilitaire sport : petit,3.5,6,AV7,Z,12.2,8.9,10.7,26,246,s.o.,s.o.
2015,Infiniti,QX60 Hybrid AWD,Véhicule utilitaire sport : ordinaire,2.5,4,AV,X,8.9,8.4,8.7,32,200,s.o.,s.o.
2015,Infiniti,QX70 AWD,Véhicule utilitaire sport : petit,3.7,6,AS7,Z,14.6,10.7,12.8,22,294,s.o.,s.o.
2015,Infiniti,QX80 4WD,Véhicule utilitaire sport : ordinaire,5.6,8,AS7,Z,16.9,11.9,14.7,19,338,s.o.,s.o.
2015,Jaguar,F-TYPE Convertible,Deux places,3.0,6,AS8,Z,11.8,8.4,10.3,27,237,s.o.,s.o.
2015,Jaguar,F-TYPE Coupe,Deux places,3.0,6,AS8,Z,11.8,8.4,10.3,27,237,s.o.,s.o.
2015,Jaguar,F-TYPE S Convertible,Deux places,3.0,6,AS8,Z,12.2,8.7,10.6,27,244,s.o.,s.o.
2015,Jaguar,F-TYPE S Coupe,Deux places,3.0,6,AS8,Z,12.2,8.7,10.6,27,244,s.o.,s.o.
2015,Jaguar,F-TYPE V8 R Coupe,Deux places,5.0,8,AS8,Z,15.0,10.2,12.8,22,294,s.o.,s.o.
2015,Jaguar,F-TYPE V8 S Convertible,Deux places,5.0,8,AS8,Z,15.0,10.2,12.8,22,294,s.o.,s.o.
2015,Jaguar,XF,Intermédiaire,2.0,4,AS8,Z,12.3,8.2,10.5,27,242,s.o.,s.o.
2015,Jaguar,XF AWD,Intermédiaire,3.0,6,AS8,Z,13.9,8.8,11.6,24,267,s.o.,s.o.
2015,Jaguar,XFR,Intermédiaire,5.0,8,AS8,Z,15.7,10.3,13.2,21,304,s.o.,s.o.
2015,Jaguar,XFR,Intermédiaire,5.0,8,AS8,E,21.3,14.1,18.1,16,290,s.o.,s.o.
2015,Jaguar,XFR-S,Intermédiaire,5.0,8,AS8,Z,15.7,10.3,13.2,21,304,s.o.,s.o.
2015,Jaguar,XJ AWD,Grande berline,3.0,6,AS8,Z,14.6,9.6,12.4,23,285,s.o.,s.o.
2015,Jaguar,XJ Supercharged,Grande berline,5.0,8,AS8,Z,15.8,10.2,13.3,21,306,s.o.,s.o.
2015,Jaguar,XJ Supercharged,Grande berline,5.0,8,AS8,E,20.6,13.6,17.5,16,280,s.o.,s.o.
2015,Jaguar,XJL AWD Portfolio,Grande berline,3.0,6,AS8,Z,14.7,9.6,12.5,23,288,s.o.,s.o.
2015,Jaguar,XJL Supercharged,Grande berline,5.0,8,AS8,Z,15.8,10.2,13.3,21,306,s.o.,s.o.
2015,Jaguar,XJL Supercharged,Grande berline,5.0,8,AS8,E,20.6,13.6,17.5,16,280,s.o.,s.o.
2015,Jaguar,XJR,Grande berline,5.0,8,AS8,Z,15.8,10.2,13.3,21,306,s.o.,s.o.
2015,Jaguar,XJR LWB,Grande berline,5.0,8,AS8,Z,15.8,10.2,13.3,21,306,s.o.,s.o.
2015,Jaguar,XKR Convertible,Minicompacte,5.0,8,AS6,Z,15.9,10.9,13.6,21,313,s.o.,s.o.
2015,Jaguar,XKR Coupe,Minicompacte,5.0,8,AS6,Z,15.6,10.9,13.4,21,308,s.o.,s.o.
2015,Jaguar,XKR-S Convertible,Minicompacte,5.0,8,AS6,Z,15.9,10.9,13.6,21,313,s.o.,s.o.
2015,Jaguar,XKR-S Coupe,Minicompacte,5.0,8,AS6,Z,15.6,10.9,13.4,21,308,s.o.,s.o.
2015,Jeep,Cherokee,Véhicule utilitaire sport : petit,2.4,4,A9,X,10.9,7.7,9.5,30,218,s.o.,s.o.
2015,Jeep,Cherokee FFV,Véhicule utilitaire sport : petit,2.4,4,A9,X,10.9,7.7,9.5,30,218,s.o.,s.o.
2015,Jeep,Cherokee FFV,Véhicule utilitaire sport : petit,2.4,4,A9,E,15.2,10.2,12.9,22,206,s.o.,s.o.
2015,Jeep,Cherokee,Véhicule utilitaire sport : petit,3.2,6,A9,X,11.4,8.1,9.9,29,228,s.o.,s.o.
2015,Jeep,Cherokee 4X4,Véhicule utilitaire sport : petit,2.4,4,A9,X,11.3,8.3,10.0,28,230,s.o.,s.o.
2015,Jeep,Cherokee 4X4 FFV,Véhicule utilitaire sport : petit,2.4,4,A9,X,11.3,8.3,10.0,28,230,s.o.,s.o.
2015,Jeep,Cherokee 4X4 FFV,Véhicule utilitaire sport : petit,2.4,4,A9,E,15.9,11.0,13.7,21,219,s.o.,s.o.
2015,Jeep,Cherokee 4X4,Véhicule utilitaire sport : petit,3.2,6,A9,X,11.6,8.5,10.2,28,235,s.o.,s.o.
2015,Jeep,Cherokee 4X4 Active Drive II,Véhicule utilitaire sport : petit,2.4,4,A9,X,11.4,8.6,10.1,28,232,s.o.,s.o.
2015,Jeep,Cherokee 4X4 Active Drive II,Véhicule utilitaire sport : petit,3.2,6,A9,X,12.6,8.9,10.9,26,251,s.o.,s.o.
2015,Jeep,Cherokee Trailhawk 4X4,Véhicule utilitaire sport : petit,2.4,4,A9,X,12.1,9.4,10.9,26,251,s.o.,s.o.
2015,Jeep,Cherokee Trailhawk 4X4,Véhicule utilitaire sport : petit,3.2,6,A9,X,12.2,9.0,10.8,26,248,s.o.,s.o.
2015,Jeep,Compass,Véhicule utilitaire sport : petit,2.0,4,AV,X,10.7,8.8,9.9,29,228,s.o.,s.o.
2015,Jeep,Compass,Véhicule utilitaire sport : petit,2.0,4,M5,X,10.2,7.8,9.2,31,212,s.o.,s.o.
2015,Jeep,Compass,Véhicule utilitaire sport : petit,2.4,4,A6,X,11.2,8.6,10.0,28,230,s.o.,s.o.
2015,Jeep,Compass,Véhicule utilitaire sport : petit,2.4,4,M5,X,10.2,8.2,9.3,30,214,s.o.,s.o.
2015,Jeep,Compass 4X4,Véhicule utilitaire sport : petit,2.4,4,A6,X,11.4,8.7,10.2,28,235,s.o.,s.o.
2015,Jeep,Compass 4X4,Véhicule utilitaire sport : petit,2.4,4,M5,X,10.6,8.6,9.7,29,223,s.o.,s.o.
2015,Jeep,Compass 4X4 Trail Rated,Véhicule utilitaire sport : petit,2.4,4,AV,X,11.7,10.3,11.1,25,255,s.o.,s.o.
2015,Jeep,Grand Cherokee 4X4 FFV,Véhicule utilitaire sport : ordinaire,3.6,6,A8,X,13.9,9.8,12.1,23,278,s.o.,s.o.
2015,Jeep,Grand Cherokee 4X4 FFV,Véhicule utilitaire sport : ordinaire,3.6,6,A8,E,17.7,13.0,15.6,18,250,s.o.,s.o.
2015,Jeep,Grand Cherokee 4X4 (MDS),Véhicule utilitaire sport : ordinaire,5.7,8,A8,X,17.3,11.5,14.7,19,338,s.o.,s.o.
2015,Jeep,Grand Cherokee SRT 4X4 (MDS),Véhicule utilitaire sport : ordinaire,6.4,8,A8,Z,18.5,12.6,15.8,18,363,s.o.,s.o.
2015,Jeep,Patriot,Véhicule utilitaire sport : petit,2.0,4,AV,X,10.7,8.8,9.9,29,228,s.o.,s.o.
2015,Jeep,Patriot,Véhicule utilitaire sport : petit,2.0,4,M5,X,10.2,7.8,9.2,31,212,s.o.,s.o.
2015,Jeep,Patriot,Véhicule utilitaire sport : petit,2.4,4,A6,X,11.2,8.6,10.0,28,230,s.o.,s.o.
2015,Jeep,Patriot,Véhicule utilitaire sport : petit,2.4,4,M5,X,10.2,8.2,9.3,30,214,s.o.,s.o.
2015,Jeep,Patriot 4X4,Véhicule utilitaire sport : petit,2.4,4,A6,X,11.4,8.7,10.2,28,235,s.o.,s.o.
2015,Jeep,Patriot 4X4,Véhicule utilitaire sport : petit,2.4,4,M5,X,10.6,8.6,9.7,29,223,s.o.,s.o.
2015,Jeep,Patriot 4X4 Trail Rated,Véhicule utilitaire sport : petit,2.4,4,AV,X,11.7,10.3,11.1,25,255,s.o.,s.o.
2015,Jeep,Renegade,Véhicule utilitaire sport : petit,1.4,4,M6,X,9.9,7.5,8.8,32,202,s.o.,s.o.
2015,Jeep,Renegade FFV,Véhicule utilitaire sport : petit,2.4,4,A9,X,10.8,7.7,9.4,30,216,s.o.,s.o.
2015,Jeep,Renegade FFV,Véhicule utilitaire sport : petit,2.4,4,A9,E,14.2,9.9,12.2,23,195,s.o.,s.o.
2015,Jeep,Renegade 4X4,Véhicule utilitaire sport : petit,1.4,4,M6,X,9.9,7.5,8.8,32,202,s.o.,s.o.
2015,Jeep,Renegade 4X4,Véhicule utilitaire sport : petit,2.4,4,A9,X,11.2,8.0,9.8,29,225,s.o.,s.o.
2015,Jeep,Wrangler 4X4,Véhicule utilitaire sport : petit,3.6,6,A5,X,14.1,11.1,12.8,22,294,s.o.,s.o.
2015,Jeep,Wrangler 4X4,Véhicule utilitaire sport : petit,3.6,6,M6,X,14.2,11.0,12.8,22,294,s.o.,s.o.
2015,Jeep,Wrangler Unlimited 4X4,Véhicule utilitaire sport : petit,3.6,6,A5,X,14.8,11.7,13.4,21,308,s.o.,s.o.
2015,Jeep,Wrangler Unlimited 4X4,Véhicule utilitaire sport : petit,3.6,6,M6,X,15.0,11.4,13.4,21,308,s.o.,s.o.
2015,Kia,Cadenza,Grande berline,3.3,6,AS6,X,12.7,8.4,10.7,26,246,s.o.,s.o.
2015,Kia,Forte,Intermédiaire,1.8,4,AS6,X,8.8,6.1,7.6,37,175,s.o.,s.o.
2015,Kia,Forte,Intermédiaire,1.8,4,M6,X,9.3,6.3,7.9,36,182,s.o.,s.o.
2015,Kia,Forte,Intermédiaire,2.0,4,AS6,X,9.7,6.7,8.3,34,191,s.o.,s.o.
2015,Kia,Forte,Intermédiaire,2.0,4,M6,X,9.8,6.9,8.5,33,196,s.o.,s.o.
2015,Kia,Forte 5,Grande berline,1.6,4,AS6,X,11.1,8.0,9.7,29,223,s.o.,s.o.
2015,Kia,Forte 5,Grande berline,1.6,4,M6,X,11.1,8.2,9.8,29,225,s.o.,s.o.
2015,Kia,Forte 5,Grande berline,2.0,4,AS6,X,9.5,7.2,8.5,33,196,s.o.,s.o.
2015,Kia,Forte 5,Grande berline,2.0,4,M6,X,9.7,6.9,8.4,34,193,s.o.,s.o.
2015,Kia,Forte Koup,Compacte,1.6,4,AS6,X,10.6,7.8,9.4,30,216,s.o.,s.o.
2015,Kia,Forte Koup,Compacte,1.6,4,M6,X,10.8,8.1,9.6,29,221,s.o.,s.o.
2015,Kia,Forte Koup,Compacte,2.0,4,AS6,X,9.7,7.1,8.6,33,198,s.o.,s.o.
2015,Kia,Forte Koup,Compacte,2.0,4,M6,X,10.0,7.4,8.8,32,202,s.o.,s.o.
2015,Kia,K900,Grande berline,3.8,6,AS8,X,13.3,8.9,11.3,25,260,s.o.,s.o.
2015,Kia,K900,Grande berline,5.0,8,AS8,Z,15.7,10.3,13.3,21,306,s.o.,s.o.
2015,Kia,Optima,Intermédiaire,2.0,4,AS6,X,11.7,7.7,9.9,29,228,s.o.,s.o.
2015,Kia,Optima,Intermédiaire,2.4,4,AS6,X,10.2,6.9,8.7,32,200,s.o.,s.o.
2015,Kia,Optima Hybrid,Intermédiaire,2.4,4,AS6,X,6.6,5.9,6.3,45,145,s.o.,s.o.
2015,Kia,Optima Hybrid EX,Intermédiaire,2.4,4,AS6,X,6.7,6.1,6.4,44,147,s.o.,s.o.
2015,Kia,Rio,Compacte,1.6,4,AS6,X,8.8,6.3,7.7,37,177,s.o.,s.o.
2015,Kia,Rio Eco,Compacte,1.6,4,AS6,X,8.5,6.3,7.6,37,175,s.o.,s.o.
2015,Kia,Rio,Compacte,1.6,4,M6,X,8.7,6.4,7.7,37,177,s.o.,s.o.
2015,Kia,Rondo,Familiale : intermédiaire,2.0,4,AS6,X,10.6,7.6,9.3,30,214,s.o.,s.o.
2015,Kia,Rondo,Familiale : intermédiaire,2.0,4,M6,X,10.8,7.4,9.3,30,214,s.o.,s.o.
2015,Kia,Sedona,Fourgonnette,3.3,6,AS6,X,13.2,9.7,11.6,24,267,s.o.,s.o.
2015,Kia,Sedona SX,Fourgonnette,3.3,6,AS6,X,12.9,9.5,11.4,25,262,s.o.,s.o.
2015,Kia,Sedona SXL,Fourgonnette,3.3,6,AS6,X,14.2,10.5,12.5,23,288,s.o.,s.o.
2015,Kia,Sorento,Véhicule utilitaire sport : petit,2.4,4,AS6,X,11.8,8.7,10.4,27,239,s.o.,s.o.
2015,Kia,Sorento,Véhicule utilitaire sport : petit,3.3,6,AS6,X,12.7,9.0,11.1,25,255,s.o.,s.o.
2015,Kia,Sorento AWD,Véhicule utilitaire sport : petit,2.4,4,AS6,X,12.2,9.4,10.9,26,251,s.o.,s.o.
2015,Kia,Sorento AWD,Véhicule utilitaire sport : petit,3.3,6,AS6,X,13.4,10.0,11.8,24,271,s.o.,s.o.
2015,Kia,Soul,Familiale : petite,1.6,4,AS6,X,9.8,7.8,8.9,32,205,s.o.,s.o.
2015,Kia,Soul,Familiale : petite,1.6,4,M6,X,9.9,7.8,9.0,31,207,s.o.,s.o.
2015,Kia,Soul,Familiale : petite,2.0,4,AS6,X,10.1,7.7,9.0,31,207,s.o.,s.o.
2015,Kia,Soul ECO Dynamics,Familiale : petite,2.0,4,AS6,X,9.7,7.7,8.8,32,202,s.o.,s.o.
2015,Kia,Sportage,Véhicule utilitaire sport : petit,2.4,4,AS6,X,11.4,8.3,10.0,28,230,s.o.,s.o.
2015,Kia,Sportage,Véhicule utilitaire sport : petit,2.4,4,M6,X,12.9,9.2,11.3,25,260,s.o.,s.o.
2015,Kia,Sportage AWD,Véhicule utilitaire sport : petit,2.0,4,AS6,X,12.6,9.7,11.3,25,260,s.o.,s.o.
2015,Kia,Sportage AWD,Véhicule utilitaire sport : petit,2.4,4,AS6,X,12.0,9.1,10.7,26,246,s.o.,s.o.
2015,Lamborghini,Aventador Coupe,Deux places,6.5,12,AM7,Z,22.2,12.7,17.9,16,412,s.o.,s.o.
2015,Lamborghini,Aventador Roadster,Deux places,6.5,12,AM7,Z,24.0,14.5,19.7,14,453,s.o.,s.o.
2015,Lamborghini,Huracan,Deux places,5.2,10,AM7,Z,16.8,11.7,14.5,19,334,s.o.,s.o.
2015,Lamborghini,Veneno Roadster,Deux places,6.5,12,AM7,Z,22.1,13.9,18.4,15,423,s.o.,s.o.
2015,Land Rover,LR2,Véhicule utilitaire sport : petit,2.0,4,AS6,Z,13.5,9.9,11.9,24,274,s.o.,s.o.
2015,Land Rover,LR4,Véhicule utilitaire sport : ordinaire,3.0,6,AS8,Z,16.2,12.1,14.3,20,329,s.o.,s.o.
2015,Land Rover,Range Rover,Véhicule utilitaire sport : ordinaire,3.0,6,AS8,Z,13.9,10.4,12.3,23,283,s.o.,s.o.
2015,Land Rover,Range Rover Supercharged,Véhicule utilitaire sport : ordinaire,5.0,8,AS8,Z,17.2,12.5,15.1,19,347,s.o.,s.o.
2015,Land Rover,Range Rover Supercharged,Véhicule utilitaire sport : ordinaire,5.0,8,AS8,E,25.0,16.9,21.4,13,342,s.o.,s.o.
2015,Land Rover,Range Rover Supercharged LWB,Véhicule utilitaire sport : ordinaire,5.0,8,AS8,Z,17.2,12.5,15.1,19,347,s.o.,s.o.
2015,Land Rover,Range Rover Supercharged LWB,Véhicule utilitaire sport : ordinaire,5.0,8,AS8,E,25.0,16.9,21.4,13,342,s.o.,s.o.
2015,Land Rover,Range Rover Sport,Véhicule utilitaire sport : ordinaire,3.0,6,AS8,Z,14.0,10.5,12.4,23,285,s.o.,s.o.
2015,Land Rover,Range Rover Sport Supercharged,Véhicule utilitaire sport : ordinaire,5.0,8,AS8,Z,16.6,12.3,14.7,19,338,s.o.,s.o.
2015,Land Rover,Range Rover Sport Supercharged,Véhicule utilitaire sport : ordinaire,5.0,8,AS8,E,24.0,16.6,20.7,14,331,s.o.,s.o.
2015,Land Rover,Range Rover Evoque,Véhicule utilitaire sport : petit,2.0,4,AS9,Z,11.3,7.9,9.7,29,223,s.o.,s.o.
2015,Land Rover,Range Rover Evoque Coupe,Véhicule utilitaire sport : petit,2.0,4,AS9,Z,11.3,7.9,9.7,29,223,s.o.,s.o.
2015,Lexus,CT 200h,Compacte,1.8,4,AV,X,5.5,5.9,5.7,50,131,s.o.,s.o.
2015,Lexus,ES 300h,Intermédiaire,2.5,4,AV6,X,5.8,6.1,5.9,48,136,s.o.,s.o.
2015,Lexus,ES 350,Intermédiaire,3.5,6,AS6,X,11.3,7.5,9.6,29,221,s.o.,s.o.
2015,Lexus,GS 350,Intermédiaire,3.5,6,AS8,Z,12.3,8.5,10.6,27,244,s.o.,s.o.
2015,Lexus,GS 350 AWD,Intermédiaire,3.5,6,AS6,Z,12.6,9.1,11.0,26,253,s.o.,s.o.
2015,Lexus,GS 450h,Intermédiaire,3.5,6,AV8,Z,8.0,6.9,7.5,38,172,s.o.,s.o.
2015,Lexus,GX 460,Véhicule utilitaire sport : ordinaire,4.6,8,AS6,Z,15.7,11.7,13.9,20,320,s.o.,s.o.
2015,Lexus,IS 250,Compacte,2.5,6,AS6,Z,11.1,7.8,9.6,29,221,s.o.,s.o.
2015,Lexus,IS 250 AWD,Compacte,2.5,6,AS6,Z,11.8,8.7,10.4,27,239,s.o.,s.o.
2015,Lexus,IS 250 C,Sous-compacte,2.5,6,AS6,Z,11.2,7.8,9.6,29,221,s.o.,s.o.
2015,Lexus,IS 350,Compacte,3.5,6,AS8,Z,12.3,8.5,10.6,27,244,s.o.,s.o.
2015,Lexus,IS 350 AWD,Compacte,3.5,6,AS6,Z,12.6,9.1,11.0,26,253,s.o.,s.o.
2015,Lexus,IS 350 C,Sous-compacte,3.5,6,AS6,Z,12.2,8.7,10.6,27,244,s.o.,s.o.
2015,Lexus,LS 460,Intermédiaire,4.6,8,AS8,Z,14.4,9.6,12.3,23,283,s.o.,s.o.
2015,Lexus,LS 460 AWD,Intermédiaire,4.6,8,AS8,Z,15.2,10.2,12.9,22,297,s.o.,s.o.
2015,Lexus,LS 460 L AWD,Intermédiaire,4.6,8,AS8,Z,15.2,10.2,12.9,22,297,s.o.,s.o.
2015,Lexus,LS 600h L,Intermédiaire,5.0,8,AV8,Z,12.7,10.1,11.5,25,264,s.o.,s.o.
2015,Lexus,LX 570,Véhicule utilitaire sport : ordinaire,5.7,8,AS6,Z,19.0,13.6,16.6,17,382,s.o.,s.o.
2015,Lexus,NX 200t AWD,Véhicule utilitaire sport : petit,2.0,4,AS6,Z,10.6,8.4,9.6,29,221,s.o.,s.o.
2015,Lexus,NX 200t AWD F SPORT,Véhicule utilitaire sport : petit,2.0,4,AS6,Z,10.8,8.8,9.9,29,228,s.o.,s.o.
2015,Lexus,NX 300h AWD,Véhicule utilitaire sport : petit,2.5,4,AV6,X,7.1,7.7,7.4,38,170,s.o.,s.o.
2015,Lexus,RC 350,Sous-compacte,3.5,6,AS8,Z,12.3,8.5,10.6,27,244,s.o.,s.o.
2015,Lexus,RC 350 AWD,Sous-compacte,3.5,6,AS6,Z,12.6,9.1,11.0,26,253,s.o.,s.o.
2015,Lexus,RC F,Sous-compacte,5.0,8,AS8,Z,15.2,9.5,12.6,22,290,s.o.,s.o.
2015,Lexus,RX 350 AWD,Véhicule utilitaire sport : petit,3.5,6,AS6,X,13.3,9.8,11.7,24,269,s.o.,s.o.
2015,Lexus,RX 350 AWD,Véhicule utilitaire sport : petit,3.5,6,AS8,X,12.7,9.1,11.1,25,255,s.o.,s.o.
2015,Lexus,RX 450h AWD,Véhicule utilitaire sport : petit,3.5,6,AV6,Z,8.0,8.5,8.2,34,189,s.o.,s.o.
2015,Lincoln,MKC AWD,Véhicule utilitaire sport : petit,2.0,4,AS6,X,12.4,9.0,10.9,26,251,s.o.,s.o.
2015,Lincoln,MKC AWD,Véhicule utilitaire sport : petit,2.3,4,AS6,X,12.9,9.2,11.2,25,258,s.o.,s.o.
2015,Lincoln,MKS AWD,Grande berline,3.5,6,AS6,X,13.9,9.5,11.9,24,274,s.o.,s.o.
2015,Lincoln,MKS AWD,Grande berline,3.7,6,AS6,X,13.1,9.0,11.2,25,258,s.o.,s.o.
2015,Lincoln,MKT AWD,Véhicule utilitaire sport : ordinaire,3.5,6,AS6,X,14.6,10.4,12.8,22,294,s.o.,s.o.
2015,Lincoln,MKT Livery,Véhicule à usage spécial,2.0,4,AS6,X,11.5,8.4,10.1,28,232,s.o.,s.o.
2015,Lincoln,MKT Livery AWD,Véhicule à usage spécial,3.7,6,A6,X,14.1,10.0,12.2,23,281,s.o.,s.o.
2015,Lincoln,MKX AWD,Véhicule utilitaire sport : petit,3.7,6,AS6,X,13.7,10.3,12.1,23,278,s.o.,s.o.
2015,Lincoln,MKZ,Intermédiaire,2.0,4,AS6,X,10.5,7.0,8.9,32,205,s.o.,s.o.
2015,Lincoln,MKZ AWD,Intermédiaire,3.7,6,AS6,X,13.1,9.2,11.3,25,260,s.o.,s.o.
2015,Lincoln,MKZ Hybrid,Intermédiaire,2.0,4,AV,X,5.7,6.0,5.8,49,133,s.o.,s.o.
2015,Lincoln,Navigator 4X4,Véhicule utilitaire sport : ordinaire,3.5,6,AS6,X,16.2,11.8,14.2,20,327,s.o.,s.o.
2015,Lincoln,Navigator L 4X4,Véhicule utilitaire sport : ordinaire,3.5,6,AS6,X,16.1,12.3,14.4,20,331,s.o.,s.o.
2015,Maserati,Ghibli,Intermédiaire,3.0,6,AS8,Z,15.2,9.6,12.7,22,292,s.o.,s.o.
2015,Maserati,Ghibli AWD,Intermédiaire,3.0,6,AS8,Z,15.6,9.5,12.8,22,294,s.o.,s.o.
2015,Maserati,GranTurismo,Sous-compacte,4.7,8,AS6,Z,18.2,11.4,15.1,19,347,s.o.,s.o.
2015,Maserati,GranTurismo Convertible,Sous-compacte,4.7,8,AS6,Z,18.2,11.6,15.2,19,350,s.o.,s.o.
2015,Maserati,Quattroporte GTS,Grande berline,3.8,8,AS8,Z,17.5,10.7,14.5,19,334,s.o.,s.o.
2015,Maserati,Quattroporte SQ4,Grande berline,3.0,6,AS8,Z,15.7,9.7,13.0,22,299,s.o.,s.o.
2015,Mazda,CX-5,Véhicule utilitaire sport : petit,2.0,4,AS6,X,8.9,7.3,8.2,34,189,s.o.,s.o.
2015,Mazda,CX-5,Véhicule utilitaire sport : petit,2.0,4,M6,X,9.0,6.8,8.0,35,184,s.o.,s.o.
2015,Mazda,CX-5,Véhicule utilitaire sport : petit,2.5,4,AS6,X,9.6,7.4,8.6,33,198,s.o.,s.o.
2015,Mazda,CX-5 4WD,Véhicule utilitaire sport : petit,2.0,4,AS6,X,9.3,7.6,8.5,33,196,s.o.,s.o.
2015,Mazda,CX-5 4WD,Véhicule utilitaire sport : petit,2.5,4,AS6,X,9.9,7.9,9.0,31,207,s.o.,s.o.
2015,Mazda,CX-9,Véhicule utilitaire sport : petit,3.7,6,AS6,X,14.2,10.0,12.3,23,283,s.o.,s.o.
2015,Mazda,CX-9 4WD,Véhicule utilitaire sport : petit,3.7,6,AS6,X,14.3,10.6,12.7,22,292,s.o.,s.o.
2015,Mazda,Mazda3 4-Door,Compacte,2.0,4,AS6,X,7.9,5.7,6.9,41,159,s.o.,s.o.
2015,Mazda,Mazda3 4-Door (SIL),Compacte,2.0,4,M6,X,8.0,5.8,7.0,40,161,s.o.,s.o.
2015,Mazda,Mazda3 4-Door,Compacte,2.5,4,AS6,X,8.4,6.1,7.4,38,170,s.o.,s.o.
2015,Mazda,Mazda3 4-Door (i-ELOOP),Compacte,2.5,4,AS6,X,8.2,5.9,7.2,39,166,s.o.,s.o.
2015,Mazda,Mazda3 4-Door (SIL),Compacte,2.5,4,M6,X,9.3,6.4,8.0,35,184,s.o.,s.o.
2015,Mazda,Mazda3 5-Door,Intermédiaire,2.0,4,AS6,X,8.0,5.9,7.0,40,161,s.o.,s.o.
2015,Mazda,Mazda3 5-Door (SIL),Intermédiaire,2.0,4,M6,X,8.2,5.9,7.1,40,163,s.o.,s.o.
2015,Mazda,Mazda3 5-Door,Intermédiaire,2.5,4,AS6,X,8.7,6.5,7.7,37,177,s.o.,s.o.
2015,Mazda,Mazda3 5-Door (i-ELOOP),Intermédiaire,2.5,4,AS6,X,8.2,6.0,7.2,39,166,s.o.,s.o.
2015,Mazda,Mazda3 5-Door (SIL),Intermédiaire,2.5,4,M6,X,9.2,6.6,8.1,35,186,s.o.,s.o.
2015,Mazda,Mazda5,Fourgonnette,2.5,4,AS5,X,10.7,8.2,9.6,29,221,s.o.,s.o.
2015,Mazda,Mazda5,Fourgonnette,2.5,4,M6,X,11.1,8.3,9.8,29,225,s.o.,s.o.
2015,Mazda,Mazda6,Intermédiaire,2.5,4,AS6,X,8.8,6.1,7.6,37,175,s.o.,s.o.
2015,Mazda,Mazda6 (i-ELOOP),Intermédiaire,2.5,4,AS6,X,8.4,5.9,7.3,39,168,s.o.,s.o.
2015,Mazda,Mazda6,Intermédiaire,2.5,4,M6,X,9.4,6.4,8.1,35,186,s.o.,s.o.
2015,Mazda,MX-5,Deux places,2.0,4,AS6,Z,11.5,8.5,10.1,28,232,s.o.,s.o.
2015,Mazda,MX-5,Deux places,2.0,4,M5,Z,10.5,8.5,9.6,29,221,s.o.,s.o.
2015,Mazda,MX-5,Deux places,2.0,4,M6,Z,11.1,8.4,9.9,29,228,s.o.,s.o.
2015,Mercedes-Benz,B 250,Familiale : petite,2.0,4,AS7,Z,9.2,6.6,8.0,35,184,s.o.,s.o.
2015,Mercedes-Benz,B 250 4MATIC,Familiale : petite,2.0,4,AS7,Z,10.0,7.5,8.9,32,205,s.o.,s.o.
2015,Mercedes-Benz,C 250 Coupe,Sous-compacte,1.8,4,AS7,Z,10.9,7.5,9.4,30,216,s.o.,s.o.
2015,Mercedes-Benz,C 300 4MATIC,Compacte,2.0,4,AS7,Z,10.1,7.8,9.0,31,207,s.o.,s.o.
2015,Mercedes-Benz,C 350 4MATIC Coupe,Sous-compacte,3.5,6,AS7,Z,12.1,8.7,10.6,27,244,s.o.,s.o.
2015,Mercedes-Benz,C 350 Coupe,Sous-compacte,3.5,6,AS7,Z,12.1,8.6,10.5,27,242,s.o.,s.o.
2015,Mercedes-Benz,C 400 4MATIC,Compacte,3.0,6,AS7,Z,11.1,8.4,9.9,29,228,s.o.,s.o.
2015,Mercedes-Benz,C 63 AMG Coupe,Sous-compacte,6.2,8,AS7,Z,17.9,12.3,15.4,18,354,s.o.,s.o.
2015,Mercedes-Benz,CLA 250,Sous-compacte,2.0,4,AS7,Z,9.4,6.4,8.1,35,186,s.o.,s.o.
2015,Mercedes-Benz,CLA 250 4MATIC,Sous-compacte,2.0,4,AS7,Z,9.9,7.4,8.8,32,202,s.o.,s.o.
2015,Mercedes-Benz,CLA 45 AMG,Compacte,2.0,4,AS7,Z,10.2,7.7,9.1,31,209,s.o.,s.o.
2015,Mercedes-Benz,CLS 400 4MATIC,Compacte,3.0,6,AS7,Z,12.1,8.5,10.5,27,242,s.o.,s.o.
2015,Mercedes-Benz,CLS 550 4MATIC,Compacte,4.7,8,AS7,Z,14.5,10.1,12.5,23,288,s.o.,s.o.
2015,Mercedes-Benz,CLS 63 AMG 4MATIC,Compacte,5.5,8,AS7,Z,15.1,10.8,13.1,22,301,s.o.,s.o.
2015,Mercedes-Benz,E 250 BlueTec 4MATIC,Intermédiaire,2.1,4,AS7,D,8.6,5.9,7.4,38,200,s.o.,s.o.
2015,Mercedes-Benz,E 300 4MATIC,Intermédiaire,3.5,6,AS7,Z,11.9,8.2,10.2,28,235,s.o.,s.o.
2015,Mercedes-Benz,E 400 4MATIC,Intermédiaire,3.0,6,AS7,Z,12.0,8.5,10.4,27,239,s.o.,s.o.
2015,Mercedes-Benz,E 400 4MATIC Wagon,Familiale : intermédiaire,3.5,6,AS7,Z,12.4,8.8,10.8,26,248,s.o.,s.o.
2015,Mercedes-Benz,E 400 Cabriolet,Sous-compacte,3.5,6,AS7,Z,11.5,8.1,10.0,28,230,s.o.,s.o.
2015,Mercedes-Benz,E 400 Coupe,Sous-compacte,3.5,6,AS7,Z,11.8,8.3,10.2,28,235,s.o.,s.o.
2015,Mercedes-Benz,E 550 4MATIC,Intermédiaire,4.7,8,AS7,Z,12.9,9.6,11.4,25,262,s.o.,s.o.
2015,Mercedes-Benz,E 550 Cabriolet,Sous-compacte,4.7,8,AS7,Z,13.7,9.2,11.7,24,269,s.o.,s.o.
2015,Mercedes-Benz,E 550 Coupe,Sous-compacte,4.7,8,AS7,Z,13.3,8.9,11.4,25,262,s.o.,s.o.
2015,Mercedes-Benz,E 63 AMG S 4MATIC,Intermédiaire,5.5,8,AS7,Z,15.3,10.8,13.3,21,306,s.o.,s.o.
2015,Mercedes-Benz,E 63 AMG S 4MATIC Wagon,Familiale : intermédiaire,5.5,8,AS7,Z,15.2,11.0,13.3,21,306,s.o.,s.o.
2015,Mercedes-Benz,G 550,Véhicule utilitaire sport : ordinaire,5.5,8,AS7,Z,19.9,16.1,18.2,16,419,s.o.,s.o.
2015,Mercedes-Benz,G 63 AMG,Véhicule utilitaire sport : ordinaire,5.5,8,AS7,Z,20.0,16.6,18.5,15,426,s.o.,s.o.
2015,Mercedes-Benz,GL 350 BlueTec 4MATIC,Véhicule utilitaire sport : ordinaire,3.0,6,AS7,D,13.6,10.0,12.0,24,324,s.o.,s.o.
2015,Mercedes-Benz,GL 450 4MATIC,Véhicule utilitaire sport : ordinaire,3.0,6,AS7,Z,15.2,12.6,14.0,20,322,s.o.,s.o.
2015,Mercedes-Benz,GL 550 4MATIC,Véhicule utilitaire sport : ordinaire,4.7,8,AS7,Z,17.5,13.2,15.6,18,359,s.o.,s.o.
2015,Mercedes-Benz,GL 63 AMG,Véhicule utilitaire sport : ordinaire,5.5,8,AS7,Z,18.2,14.0,16.3,17,375,s.o.,s.o.
2015,Mercedes-Benz,GLA 250 4MATIC,Véhicule utilitaire sport : petit,2.0,4,AS7,Z,9.8,7.4,8.7,32,200,s.o.,s.o.
2015,Mercedes-Benz,GLA 45 AMG 4MATIC,Familiale : intermédiaire,2.0,4,AS7,Z,10.5,8.1,9.4,30,216,s.o.,s.o.
2015,Mercedes-Benz,GLK 250 BlueTec 4MATIC,Véhicule utilitaire sport : petit,2.1,4,AS7,D,9.6,7.0,8.5,33,230,s.o.,s.o.
2015,Mercedes-Benz,GLK 350 4MATIC,Véhicule utilitaire sport : petit,3.5,6,AS7,Z,12.6,9.6,11.2,25,258,s.o.,s.o.
2015,Mercedes-Benz,ML 350 BlueTec 4MATIC,Véhicule utilitaire sport : ordinaire,3.0,6,AS7,D,11.8,8.5,10.3,27,278,s.o.,s.o.
2015,Mercedes-Benz,ML 400 4MATIC,Véhicule utilitaire sport : ordinaire,3.0,6,AS7,Z,13.3,10.4,12.0,24,276,s.o.,s.o.
2015,Mercedes-Benz,ML 550 4MATIC,Véhicule utilitaire sport : ordinaire,4.7,8,AS7,Z,16.3,11.8,14.2,20,327,s.o.,s.o.
2015,Mercedes-Benz,ML 63 AMG 4MATIC,Véhicule utilitaire sport : ordinaire,5.5,8,AS7,Z,17.3,13.5,15.6,18,359,s.o.,s.o.
2015,Mercedes-Benz,S 400 4MATIC,Intermédiaire,4.7,6,AS7,Z,12.6,8.6,10.8,26,248,s.o.,s.o.
2015,Mercedes-Benz,S 550 4MATIC SWB,Intermédiaire,4.7,8,AS7,Z,14.7,9.1,12.2,23,281,s.o.,s.o.
2015,Mercedes-Benz,S 550 4MATIC LWB,Grande berline,4.7,8,AS7,Z,14.8,9.8,12.5,23,288,s.o.,s.o.
2015,Mercedes-Benz,S 550 4MATIC Coupe,Compacte,4.7,8,AS7,Z,14.4,9.8,12.3,23,283,s.o.,s.o.
2015,Mercedes-Benz,S 600,Grande berline,6.0,12,AS7,Z,18.1,11.0,14.9,19,343,s.o.,s.o.
2015,Mercedes-Benz,S 63 AMG 4MATIC,Grande berline,5.5,8,AS7,Z,15.7,10.1,13.2,21,304,s.o.,s.o.
2015,Mercedes-Benz,S 63 AMG Coupe,Compacte,5.5,8,AS7,Z,15.7,10.1,13.2,21,304,s.o.,s.o.
2015,Mercedes-Benz,S 65 AMG,Grande berline,6.0,12,AS7,Z,18.5,11.8,15.5,18,357,s.o.,s.o.
2015,Mercedes-Benz,S 65 AMG Coupe,Compacte,6.0,12,AS7,Z,18.0,11.3,15.0,19,345,s.o.,s.o.
2015,Mercedes-Benz,SL 550,Deux places,4.7,8,AS7,Z,13.8,9.5,11.9,24,274,s.o.,s.o.
2015,Mercedes-Benz,SL 63 AMG,Deux places,5.5,8,AS7,Z,14.7,9.5,12.4,23,285,s.o.,s.o.
2015,Mercedes-Benz,SL 65 AMG,Deux places,6.0,12,AS7,Z,16.7,11.2,14.2,20,327,s.o.,s.o.
2015,Mercedes-Benz,SLK 250,Deux places,1.8,4,AS7,Z,10.4,7.2,9.0,31,207,s.o.,s.o.
2015,Mercedes-Benz,SLK 250,Deux places,1.8,4,M6,Z,10.4,7.2,9.0,31,207,s.o.,s.o.
2015,Mercedes-Benz,SLK 350,Deux places,3.5,6,AS7,Z,11.1,8.1,9.8,29,225,s.o.,s.o.
2015,Mercedes-Benz,SLK 55 AMG,Deux places,5.5,8,AS7,Z,12.4,8.5,10.6,27,244,s.o.,s.o.
2015,Mercedes-Benz,SLS AMG GT Coupe,Deux places,6.2,8,AM7,Z,18.1,12.6,15.6,18,359,s.o.,s.o.
2015,Mercedes-Benz,SLS AMG GT Roadster,Deux places,6.2,8,AM7,Z,18.1,12.6,15.6,18,359,s.o.,s.o.
2015,MINI,Cooper 3 Door,Sous-compacte,1.5,3,AS6,Z,8.5,6.3,7.5,38,172,s.o.,s.o.
2015,MINI,Cooper 3 Door,Sous-compacte,1.5,3,M6,Z,8.1,5.9,7.1,40,163,s.o.,s.o.
2015,MINI,Cooper 5 Door,Sous-compacte,1.5,3,AS6,Z,8.5,6.3,7.5,38,172,s.o.,s.o.
2015,MINI,Cooper 5 Door,Sous-compacte,1.5,3,M6,Z,8.2,5.9,7.2,39,166,s.o.,s.o.
2015,MINI,Cooper Convertible,Minicompacte,1.6,4,AS6,Z,8.6,6.5,7.7,37,177,s.o.,s.o.
2015,MINI,Cooper Convertible,Minicompacte,1.6,4,M6,Z,8.4,6.4,7.5,38,172,s.o.,s.o.
2015,MINI,Cooper Countryman,Compacte,1.6,4,AS6,Z,9.4,7.9,8.7,32,200,s.o.,s.o.
2015,MINI,Cooper Countryman,Compacte,1.6,4,M6,Z,8.4,6.4,7.5,38,172,s.o.,s.o.
2015,MINI,Cooper Coupe,Deux places,1.6,4,AS6,Z,8.5,6.5,7.6,37,175,s.o.,s.o.
2015,MINI,Cooper Coupe,Deux places,1.6,4,M6,Z,8.0,6.4,7.3,39,168,s.o.,s.o.
2015,MINI,Cooper Paceman,Compacte,1.6,4,AS6,Z,9.4,7.9,8.7,32,200,s.o.,s.o.
2015,MINI,Cooper Paceman,Compacte,1.6,4,M6,Z,8.4,6.4,7.5,38,172,s.o.,s.o.
2015,MINI,Cooper Roadster,Deux places,1.6,4,AS6,Z,8.6,6.5,7.7,37,177,s.o.,s.o.
2015,MINI,Cooper Roadster,Deux places,1.6,4,M6,Z,8.4,6.4,7.5,38,172,s.o.,s.o.
2015,MINI,Cooper S 3 Door,Sous-compacte,2.0,4,AS6,Z,9.2,7.0,8.2,34,189,s.o.,s.o.
2015,MINI,Cooper S 3 Door,Sous-compacte,2.0,4,M6,Z,10.0,7.0,8.6,33,198,s.o.,s.o.
2015,MINI,Cooper S 5 Door,Sous-compacte,2.0,4,AS6,Z,9.2,7.0,8.2,34,189,s.o.,s.o.
2015,MINI,Cooper S 5 Door,Sous-compacte,2.0,4,M6,Z,10.0,7.0,8.6,33,198,s.o.,s.o.
2015,MINI,Cooper S Convertible,Minicompacte,1.6,4,AS6,Z,9.2,6.8,8.1,35,186,s.o.,s.o.
2015,MINI,Cooper S Convertible,Minicompacte,1.6,4,M6,Z,9.1,6.8,8.1,35,186,s.o.,s.o.
2015,MINI,Cooper S Countryman ALL4,Compacte,1.6,4,AS6,Z,10.1,7.8,9.0,31,207,s.o.,s.o.
2015,MINI,Cooper S Countryman ALL4,Compacte,1.6,4,M6,Z,9.5,7.7,8.7,32,200,s.o.,s.o.
2015,MINI,Cooper S Coupe,Deux places,1.6,4,AS6,Z,9.2,6.8,8.1,35,186,s.o.,s.o.
2015,MINI,Cooper S Coupe,Deux places,1.6,4,M6,Z,9.1,6.8,8.1,35,186,s.o.,s.o.
2015,MINI,Cooper S Paceman ALL4,Compacte,1.6,4,AS6,Z,10.1,7.8,9.0,31,207,s.o.,s.o.
2015,MINI,Cooper S Paceman ALL4,Compacte,1.6,4,M6,Z,9.5,7.7,8.7,32,200,s.o.,s.o.
2015,MINI,Cooper S Roadster,Deux places,1.6,4,AS6,Z,9.2,6.8,8.1,35,186,s.o.,s.o.
2015,MINI,Cooper S Roadster,Deux places,1.6,4,M6,Z,9.1,6.8,8.1,35,186,s.o.,s.o.
2015,MINI,John Cooper Works,Sous-compacte,2.0,4,AS6,Z,9.3,7.3,8.4,34,193,s.o.,s.o.
2015,MINI,John Cooper Works,Sous-compacte,2.0,4,M6,Z,10.4,7.7,9.2,31,212,s.o.,s.o.
2015,MINI,John Cooper Works Convertible,Minicompacte,1.6,4,AS6,Z,9.2,6.8,8.1,35,186,s.o.,s.o.
2015,MINI,John Cooper Works Convertible,Minicompacte,1.6,4,M6,Z,9.1,6.8,8.1,35,186,s.o.,s.o.
2015,MINI,John Cooper Works Countryman ALL4,Compacte,1.6,4,AS6,Z,10.1,7.8,9.0,31,207,s.o.,s.o.
2015,MINI,John Cooper Works Countryman ALL4,Compacte,1.6,4,M6,Z,9.5,7.7,8.7,32,200,s.o.,s.o.
2015,MINI,John Cooper Works Coupe,Deux places,1.6,4,AS6,Z,9.2,6.8,8.1,35,186,s.o.,s.o.
2015,MINI,John Cooper Works Coupe,Deux places,1.6,4,M6,Z,9.1,6.8,8.1,35,186,s.o.,s.o.
2015,MINI,John Cooper Works Paceman ALL4,Compacte,1.6,4,AS6,Z,10.1,7.8,9.0,31,207,s.o.,s.o.
2015,MINI,John Cooper Works Paceman ALL4,Compacte,1.6,4,M6,Z,9.5,7.7,8.7,32,200,s.o.,s.o.
2015,MINI,John Cooper Works Roadster,Deux places,1.6,4,AS6,Z,9.2,6.8,8.1,35,186,s.o.,s.o.
2015,MINI,John Cooper Works Roadster,Deux places,1.6,4,M6,Z,9.1,6.8,8.1,35,186,s.o.,s.o.
2015,Mitsubishi,Lancer,Compacte,2.0,4,AV6,X,9.2,6.9,8.2,34,189,s.o.,s.o.
2015,Mitsubishi,Lancer,Compacte,2.0,4,M5,X,9.6,6.9,8.4,34,193,s.o.,s.o.
2015,Mitsubishi,Lancer AWD,Compacte,2.4,4,AV6,X,10.5,8.2,9.5,30,219,s.o.,s.o.
2015,Mitsubishi,Lancer Evolution,Compacte,2.0,4,AM6,Z,14.2,10.5,12.5,23,288,s.o.,s.o.
2015,Mitsubishi,Lancer Evolution,Compacte,2.0,4,M5,Z,14.0,10.3,12.3,23,283,s.o.,s.o.
2015,Mitsubishi,Lancer Ralliart,Compacte,2.0,4,AM6,Z,13.4,9.4,11.6,24,267,s.o.,s.o.
2015,Mitsubishi,Lancer Sportback,Familiale : petite,2.0,4,AV6,X,9.6,7.3,8.6,33,198,s.o.,s.o.
2015,Mitsubishi,Lancer Sportback,Familiale : petite,2.0,4,M5,X,9.8,7.1,8.6,33,198,s.o.,s.o.
2015,Mitsubishi,Mirage,Compacte,1.2,3,AV,X,6.4,5.3,5.9,48,136,s.o.,s.o.
2015,Mitsubishi,Mirage,Compacte,1.2,3,M5,X,7.0,5.5,6.4,44,147,s.o.,s.o.
2015,Mitsubishi,Outlander,Véhicule utilitaire sport : petit,2.4,4,AV6,X,9.5,7.5,8.6,33,198,s.o.,s.o.
2015,Mitsubishi,Outlander 4WD,Véhicule utilitaire sport : petit,2.4,4,AV6,X,9.9,8.1,9.1,31,209,s.o.,s.o.
2015,Mitsubishi,Outlander 4WD,Véhicule utilitaire sport : petit,3.0,6,AS6,Z,11.5,8.4,10.1,28,232,s.o.,s.o.
2015,Mitsubishi,RVR,Véhicule utilitaire sport : petit,2.0,4,AV6,X,9.3,7.3,8.4,34,193,s.o.,s.o.
2015,Mitsubishi,RVR,Véhicule utilitaire sport : petit,2.0,4,M5,X,9.9,7.6,8.8,32,202,s.o.,s.o.
2015,Mitsubishi,RVR 4WD,Véhicule utilitaire sport : petit,2.0,4,AV6,X,9.6,7.7,8.8,32,202,s.o.,s.o.
2015,Mitsubishi,RVR 4WD,Véhicule utilitaire sport : petit,2.4,4,AV6,X,10.4,8.5,9.6,29,221,s.o.,s.o.
2015,Nissan,370Z Coupe,Deux places,3.7,6,AS7,Z,12.6,9.2,11.1,25,255,s.o.,s.o.
2015,Nissan,370Z Coupe,Deux places,3.7,6,M6,Z,13.3,9.3,11.5,25,264,s.o.,s.o.
2015,Nissan,370Z Roadster,Deux places,3.7,6,AS7,Z,13.0,9.6,11.5,25,264,s.o.,s.o.
2015,Nissan,370Z Roadster,Deux places,3.7,6,M6,Z,13.6,9.7,11.8,24,271,s.o.,s.o.
2015,Nissan,Altima,Intermédiaire,2.5,4,AV,X,8.7,6.2,7.6,37,175,s.o.,s.o.
2015,Nissan,Altima,Intermédiaire,3.5,6,AV,X,10.3,7.4,9.0,31,207,s.o.,s.o.
2015,Nissan,Armada 4WD,Véhicule utilitaire sport : ordinaire,5.6,8,A5,X,19.2,13.4,16.6,17,382,s.o.,s.o.
2015,Nissan,Frontier,Camionnette : petite,2.5,4,A5,X,13.7,10.6,12.3,23,283,s.o.,s.o.
2015,Nissan,Frontier,Camionnette : petite,2.5,4,M5,X,12.2,10.2,11.3,25,260,s.o.,s.o.
2015,Nissan,Frontier,Camionnette : petite,4.0,6,A5,X,14.8,10.3,12.7,22,292,s.o.,s.o.
2015,Nissan,Frontier 4WD,Camionnette : petite,4.0,6,A5,X,15.7,11.3,13.7,21,315,s.o.,s.o.
2015,Nissan,Frontier 4WD,Camionnette : petite,4.0,6,M6,X,15.0,11.2,13.3,21,306,s.o.,s.o.
2015,Nissan,GT-R,Sous-compacte,3.8,6,AM6,Z,14.3,10.5,12.6,22,290,s.o.,s.o.
2015,Nissan,Juke,Familiale : petite,1.6,4,AV7,X,8.5,7.2,7.9,36,182,s.o.,s.o.
2015,Nissan,Juke,Familiale : petite,1.6,4,M6,X,8.4,6.9,7.7,37,177,s.o.,s.o.
2015,Nissan,Juke AWD,Familiale : petite,1.6,4,AV7,X,8.8,7.5,8.2,34,189,s.o.,s.o.
2015,Nissan,Juke Nismo RS,Familiale : petite,1.6,4,M6,Z,8.9,7.5,8.3,34,191,s.o.,s.o.
2015,Nissan,Juke Nismo RS AWD,Familiale : petite,1.6,4,AV8,Z,9.4,8.1,8.8,32,202,s.o.,s.o.
2015,Nissan,Micra,Compacte,1.6,4,A4,X,8.8,6.6,7.8,36,179,s.o.,s.o.
2015,Nissan,Micra,Compacte,1.6,4,M5,X,8.6,6.6,7.7,37,177,s.o.,s.o.
2015,Nissan,Murano,Familiale : intermédiaire,3.5,6,AV7,X,11.0,8.2,9.8,29,225,s.o.,s.o.
2015,Nissan,Murano AWD,Familiale : intermédiaire,3.5,6,AV7,X,11.2,8.3,9.9,29,228,s.o.,s.o.
2015,Nissan,NV200 Cargo Van,Véhicule à usage spécial,2.0,4,AV,X,9.7,9.0,9.4,30,216,s.o.,s.o.
2015,Nissan,Pathfinder,Véhicule utilitaire sport : petit,3.5,6,AV,X,11.9,8.6,10.4,27,239,s.o.,s.o.
2015,Nissan,Pathfinder 4WD,Véhicule utilitaire sport : petit,3.5,6,AV,X,12.1,8.9,10.7,26,246,s.o.,s.o.
2015,Nissan,Pathfinder 4WD Platinum,Véhicule utilitaire sport : petit,3.5,6,AV,X,12.7,9.0,11.0,26,253,s.o.,s.o.
2015,Nissan,Pathfinder Hybrid 4WD,Véhicule utilitaire sport : ordinaire,2.5,4,AV,X,9.1,8.5,8.8,32,202,s.o.,s.o.
2015,Nissan,Quest,Fourgonnette,3.5,6,AV,X,12.0,8.7,10.5,27,242,s.o.,s.o.
2015,Nissan,Rogue,Véhicule utilitaire sport : petit,2.5,4,AV,X,9.2,7.2,8.3,34,191,s.o.,s.o.
2015,Nissan,Rogue AWD,Véhicule utilitaire sport : petit,2.5,4,AV,X,9.5,7.4,8.5,33,196,s.o.,s.o.
2015,Nissan,Sentra,Intermédiaire,1.8,4,AV,X,8.0,6.1,7.2,39,166,s.o.,s.o.
2015,Nissan,Sentra,Intermédiaire,1.8,4,M6,X,8.9,6.6,7.9,36,182,s.o.,s.o.
2015,Nissan,Titan,Camionnette : ordinaire,5.6,8,A5,X,18.4,13.3,16.1,18,370,s.o.,s.o.
2015,Nissan,Titan 4WD,Camionnette : ordinaire,5.6,8,A5,X,19.7,14.3,17.2,16,396,s.o.,s.o.
2015,Nissan,Versa,Compacte,1.6,4,AV,X,7.5,6.0,6.8,42,156,s.o.,s.o.
2015,Nissan,Versa,Compacte,1.6,4,M5,X,8.6,6.5,7.7,37,177,s.o.,s.o.
2015,Nissan,Xterra 4WD,Véhicule utilitaire sport : petit,4.0,6,A5,X,16.0,12.0,14.2,20,327,s.o.,s.o.
2015,Nissan,Xterra 4WD,Véhicule utilitaire sport : petit,4.0,6,M6,X,16.0,12.3,14.4,20,331,s.o.,s.o.
2015,Porsche,911 Carrera,Minicompacte,3.4,6,AM7,Z,11.6,8.4,10.1,28,232,s.o.,s.o.
2015,Porsche,911 Carrera,Minicompacte,3.4,6,M7,Z,12.3,8.6,10.6,27,244,s.o.,s.o.
2015,Porsche,911 Carrera 4,Minicompacte,3.4,6,AM7,Z,11.6,8.5,10.2,28,235,s.o.,s.o.
2015,Porsche,911 Carrera 4,Minicompacte,3.4,6,M7,Z,12.3,8.7,10.7,26,246,s.o.,s.o.
2015,Porsche,911 Carrera Cabriolet,Minicompacte,3.4,6,AM7,Z,11.5,8.3,10.1,28,232,s.o.,s.o.
2015,Porsche,911 Carrera Cabriolet,Minicompacte,3.4,6,M7,Z,12.3,8.7,10.7,26,246,s.o.,s.o.
2015,Porsche,911 Carrera 4 Cabriolet,Minicompacte,3.4,6,AM7,Z,11.9,8.7,10.5,27,242,s.o.,s.o.
2015,Porsche,911 Carrera 4 Cabriolet,Minicompacte,3.4,6,M7,Z,12.5,9.0,10.9,26,251,s.o.,s.o.
2015,Porsche,911 Carrera S,Minicompacte,3.8,6,AM7,Z,11.9,8.7,10.5,27,242,s.o.,s.o.
2015,Porsche,911 Carrera S,Minicompacte,3.8,6,M7,Z,12.4,8.7,10.7,26,246,s.o.,s.o.
2015,Porsche,911 Carrera 4S,Minicompacte,3.8,6,AM7,Z,12.2,8.9,10.7,26,246,s.o.,s.o.
2015,Porsche,911 Carrera 4S,Minicompacte,3.8,6,M7,Z,12.6,8.9,11.0,26,253,s.o.,s.o.
2015,Porsche,911 Carrera S Cabriolet,Minicompacte,3.8,6,AM7,Z,12.2,8.7,10.6,27,244,s.o.,s.o.
2015,Porsche,911 Carrera S Cabriolet,Minicompacte,3.8,6,M7,Z,12.5,8.9,10.9,26,251,s.o.,s.o.
2015,Porsche,911 Carrera 4S Cabriolet,Minicompacte,3.8,6,AM7,Z,12.5,9.0,11.0,26,253,s.o.,s.o.
2015,Porsche,911 Carrera 4S Cabriolet,Minicompacte,3.8,6,M7,Z,12.9,9.2,11.2,25,258,s.o.,s.o.
2015,Porsche,911 Carrera GTS,Minicompacte,3.8,6,AM7,Z,12.6,9.0,11.0,26,253,s.o.,s.o.
2015,Porsche,911 Carrera GTS,Minicompacte,3.8,6,M7,Z,12.9,9.0,11.2,25,258,s.o.,s.o.
2015,Porsche,911 Carrera 4 GTS,Minicompacte,3.8,6,AM7,Z,12.6,9.2,11.1,25,255,s.o.,s.o.
2015,Porsche,911 Carrera 4 GTS,Minicompacte,3.8,6,M7,Z,13.0,9.2,11.3,25,260,s.o.,s.o.
2015,Porsche,911 Carrera GTS Cabriolet,Minicompacte,3.8,6,AM7,Z,12.6,9.2,11.1,25,255,s.o.,s.o.
2015,Porsche,911 Carrera GTS Cabriolet,Minicompacte,3.8,6,M7,Z,13.4,9.3,11.6,24,267,s.o.,s.o.
2015,Porsche,911 Carrera 4 GTS Cabriolet,Minicompacte,3.8,6,AM7,Z,13.1,9.4,11.4,25,262,s.o.,s.o.
2015,Porsche,911 Carrera 4 GTS Cabriolet,Minicompacte,3.8,6,M7,Z,13.4,9.3,11.6,24,267,s.o.,s.o.
2015,Porsche,911 GT3,Deux places,3.8,6,AM7,Z,16.0,11.5,14.0,20,322,s.o.,s.o.
2015,Porsche,911 Targa 4,Minicompacte,3.4,6,AM7,Z,12.3,8.9,10.8,26,248,s.o.,s.o.
2015,Porsche,911 Targa 4,Minicompacte,3.4,6,M7,Z,12.9,9.0,11.1,25,255,s.o.,s.o.
2015,Porsche,911 Targa 4S,Minicompacte,3.8,6,AM7,Z,12.8,9.3,11.2,25,258,s.o.,s.o.
2015,Porsche,911 Targa 4S,Minicompacte,3.8,6,M7,Z,13.1,9.2,11.4,25,262,s.o.,s.o.
2015,Porsche,911 Turbo,Minicompacte,3.8,6,AM7,Z,13.7,9.6,11.9,24,274,s.o.,s.o.
2015,Porsche,911 Turbo Cabriolet,Minicompacte,3.8,6,AM7,Z,13.7,9.6,11.9,24,274,s.o.,s.o.
2015,Porsche,911 Turbo S,Minicompacte,3.8,6,AM7,Z,13.7,9.6,11.9,24,274,s.o.,s.o.
2015,Porsche,911 Turbo S Cabriolet,Minicompacte,3.8,6,AM7,Z,13.7,9.6,11.9,24,274,s.o.,s.o.
2015,Porsche,Boxster,Deux places,2.7,6,AM7,Z,10.7,7.4,9.2,31,212,s.o.,s.o.
2015,Porsche,Boxster,Deux places,2.7,6,M6,Z,11.5,7.9,9.9,29,228,s.o.,s.o.
2015,Porsche,Boxster S,Deux places,3.4,6,AM7,Z,11.3,7.9,9.8,29,225,s.o.,s.o.
2015,Porsche,Boxster S,Deux places,3.4,6,M6,Z,11.9,8.6,10.4,27,239,s.o.,s.o.
2015,Porsche,Boxster GTS,Deux places,3.4,6,AM7,Z,10.9,7.7,9.5,30,218,s.o.,s.o.
2015,Porsche,Boxster GTS,Deux places,3.4,6,M6,Z,12.1,8.9,10.7,26,246,s.o.,s.o.
2015,Porsche,Cayenne Diesel (modified),Véhicule utilitaire sport : ordinaire,3.0,6,A8,D,11.8,8.1,10.2,28,277,s.o.,s.o.
2015,Porsche,Cayenne S,Véhicule utilitaire sport : ordinaire,3.6,6,A8,Z,14.3,9.6,12.2,23,286,s.o.,s.o.
2015,Porsche,Cayenne Turbo,Véhicule utilitaire sport : ordinaire,4.8,8,A8,Z,16.7,11.2,14.2,20,327,s.o.,s.o.
2015,Porsche,Cayman,Deux places,2.7,6,AM7,Z,10.7,7.4,9.2,31,212,s.o.,s.o.
2015,Porsche,Cayman,Deux places,2.7,6,M6,Z,11.5,7.9,9.9,29,228,s.o.,s.o.
2015,Porsche,Cayman S,Deux places,3.4,6,AM7,Z,11.3,7.9,9.8,29,225,s.o.,s.o.
2015,Porsche,Cayman S,Deux places,3.4,6,M6,Z,11.9,8.6,10.4,27,239,s.o.,s.o.
2015,Porsche,Cayman GTS,Deux places,3.4,6,AM7,Z,10.9,7.7,9.5,30,218,s.o.,s.o.
2015,Porsche,Cayman GTS,Deux places,3.4,6,M6,Z,12.1,8.9,10.7,26,246,s.o.,s.o.
2015,Porsche,Macan S,Véhicule utilitaire sport : petit,3.0,6,A7,Z,13.7,10.3,12.2,23,281,s.o.,s.o.
2015,Porsche,Macan Turbo,Véhicule utilitaire sport : petit,3.6,6,A7,Z,14.2,10.1,12.3,23,283,s.o.,s.o.
2015,Porsche,Panamera,Grande berline,3.6,6,AM7,Z,12.9,8.4,10.9,26,251,s.o.,s.o.
2015,Porsche,Panamera 4,Grande berline,3.6,6,AM7,Z,13.1,8.7,11.1,25,255,s.o.,s.o.
2015,Porsche,Panamera S,Grande berline,3.0,6,AM7,Z,13.4,8.8,11.4,25,262,s.o.,s.o.
2015,Porsche,Panamera 4S,Grande berline,3.0,6,AM7,Z,13.4,8.8,11.4,25,262,s.o.,s.o.
2015,Porsche,Panamera 4S Executive,Grande berline,3.0,6,AM7,Z,13.7,8.9,11.5,25,264,s.o.,s.o.
2015,Porsche,Panamera GTS,Grande berline,4.8,8,AM7,Z,15.1,9.7,12.7,22,292,s.o.,s.o.
2015,Porsche,Panamera Turbo,Grande berline,4.8,8,AM7,Z,15.3,9.7,12.8,22,294,s.o.,s.o.
2015,Porsche,Panamera Turbo Executive,Grande berline,4.8,8,AM7,Z,15.4,9.8,12.9,22,297,s.o.,s.o.
2015,Porsche,Panamera Turbo S,Grande berline,4.8,8,AM7,Z,15.3,9.7,12.8,22,294,s.o.,s.o.
2015,Porsche,Panamera Turbo S Executive,Grande berline,4.8,8,AM7,Z,15.4,9.8,12.9,22,297,s.o.,s.o.
2015,Ram,1500,Camionnette : ordinaire,3.6,6,A8,X,13.9,9.5,11.9,24,274,s.o.,s.o.
2015,Ram,1500 FFV,Camionnette : ordinaire,3.6,6,A8,X,13.9,9.5,11.9,24,274,s.o.,s.o.
2015,Ram,1500 FFV,Camionnette : ordinaire,3.6,6,A8,E,19.4,13.6,16.8,17,269,s.o.,s.o.
2015,Ram,1500 HFE,Camionnette : ordinaire,3.6,6,A8,X,12.9,9.3,11.3,25,260,s.o.,s.o.
2015,Ram,1500 (MDS),Camionnette : ordinaire,5.7,8,A6,X,17.1,12.0,14.8,19,340,s.o.,s.o.
2015,Ram,1500 (MDS),Camionnette : ordinaire,5.7,8,A8,X,15.7,10.9,13.6,21,313,s.o.,s.o.
2015,Ram,1500 4X4,Camionnette : ordinaire,3.6,6,A8,X,14.6,10.1,12.6,22,290,s.o.,s.o.
2015,Ram,1500 4X4 FFV,Camionnette : ordinaire,3.6,6,A8,X,14.6,10.1,12.6,22,290,s.o.,s.o.
2015,Ram,1500 4X4 FFV,Camionnette : ordinaire,3.6,6,A8,E,20.5,14.5,17.8,16,285,s.o.,s.o.
2015,Ram,1500 4X4 (MDS),Camionnette : ordinaire,5.7,8,A6,X,17.7,12.7,15.4,18,354,s.o.,s.o.
2015,Ram,1500 4X4 (MDS),Camionnette : ordinaire,5.7,8,A8,X,16.2,11.5,14.1,20,324,s.o.,s.o.
2015,Ram,Cargo Van FFV,Fourgonnette,3.6,6,A6,X,13.3,9.1,11.4,25,262,s.o.,s.o.
2015,Ram,Cargo Van FFV,Fourgonnette,3.6,6,A6,E,18.6,12.7,15.9,18,254,s.o.,s.o.
2015,Ram,ProMaster City,Véhicule à usage spécial,2.4,4,A9,X,11.2,8.1,9.8,29,225,s.o.,s.o.
2015,Rolls-Royce,Ghost,Grande berline,6.6,12,AS8,Z,19.2,12.4,16.1,18,370,s.o.,s.o.
2015,Rolls-Royce,Ghost EWB,Grande berline,6.6,12,AS8,Z,19.2,12.4,16.1,18,370,s.o.,s.o.
2015,Rolls-Royce,Phantom,Grande berline,6.7,12,AS8,Z,20.9,12.7,17.2,16,396,s.o.,s.o.
2015,Rolls-Royce,Phantom EWB,Grande berline,6.7,12,AS8,Z,20.7,12.9,17.2,16,396,s.o.,s.o.
2015,Rolls-Royce,Phantom Coupe,Compacte,6.7,12,AS8,Z,20.9,12.7,17.2,16,396,s.o.,s.o.
2015,Rolls-Royce,Phantom Drophead Coupe,Compacte,6.7,12,AS8,Z,20.7,12.9,17.2,16,396,s.o.,s.o.
2015,Rolls-Royce,Wraith,Intermédiaire,6.6,12,AS8,Z,18.7,11.8,15.6,18,359,s.o.,s.o.
2015,Scion,FR-S,Minicompacte,2.0,4,AS6,Z,9.6,7.0,8.4,34,193,s.o.,s.o.
2015,Scion,FR-S,Minicompacte,2.0,4,M6,Z,10.9,7.9,9.6,29,221,s.o.,s.o.
2015,Scion,iQ,Minicompacte,1.3,4,AV,X,6.5,6.3,6.4,44,147,s.o.,s.o.
2015,Scion,tC,Compacte,2.5,4,AS6,X,10.2,7.6,9.0,31,207,s.o.,s.o.
2015,Scion,tC,Compacte,2.5,4,M6,X,10.2,7.7,9.0,31,207,s.o.,s.o.
2015,Scion,xB,Familiale : petite,2.4,4,AS4,X,10.9,8.5,9.8,29,225,s.o.,s.o.
2015,Scion,xB,Familiale : petite,2.4,4,M5,X,10.8,8.5,9.8,29,225,s.o.,s.o.
2015,smart,fortwo cabriolet,Deux places,1.0,3,AM5,Z,6.8,6.2,6.5,43,150,s.o.,s.o.
2015,smart,fortwo coupe,Deux places,1.0,3,AM5,Z,6.8,6.2,6.5,43,150,s.o.,s.o.
2015,Subaru,BRZ,Minicompacte,2.0,4,AS6,Z,9.6,7.0,8.4,34,193,s.o.,s.o.
2015,Subaru,BRZ,Minicompacte,2.0,4,M6,Z,10.9,7.9,9.6,29,221,s.o.,s.o.
2015,Subaru,Forester AWD,Véhicule utilitaire sport : petit,2.0,4,AV8,Z,10.2,8.5,9.4,30,216,s.o.,s.o.
2015,Subaru,Forester AWD,Véhicule utilitaire sport : petit,2.5,4,AV6,X,9.6,7.5,8.7,32,200,s.o.,s.o.
2015,Subaru,Forester AWD,Véhicule utilitaire sport : petit,2.5,4,M6,X,10.6,8.4,9.6,29,221,s.o.,s.o.
2015,Subaru,Impreza AWD,Compacte,2.0,4,AV6,X,8.5,6.4,7.6,37,175,s.o.,s.o.
2015,Subaru,Impreza AWD,Compacte,2.0,4,M5,X,9.5,7.0,8.4,34,193,s.o.,s.o.
2015,Subaru,Impreza Wagon AWD,Familiale : petite,2.0,4,AV6,X,8.5,6.4,7.6,37,175,s.o.,s.o.
2015,Subaru,Impreza Wagon AWD,Familiale : petite,2.0,4,M5,X,9.5,7.0,8.4,34,193,s.o.,s.o.
2015,Subaru,Legacy AWD,Intermédiaire,2.5,4,AV6,X,9.0,6.5,7.9,36,182,s.o.,s.o.
2015,Subaru,Legacy AWD,Intermédiaire,2.5,4,M6,X,10.7,7.8,9.4,30,216,s.o.,s.o.
2015,Subaru,Legacy AWD,Intermédiaire,3.6,6,AV6,X,11.9,8.2,10.2,28,235,s.o.,s.o.
2015,Subaru,Outback AWD,Véhicule utilitaire sport : petit,2.5,4,AV6,X,9.3,7.1,8.3,34,191,s.o.,s.o.
2015,Subaru,Outback AWD,Véhicule utilitaire sport : petit,2.5,4,M6,X,11.0,8.2,9.7,29,223,s.o.,s.o.
2015,Subaru,Outback AWD,Véhicule utilitaire sport : petit,3.6,6,AV6,X,12.0,8.6,10.5,27,242,s.o.,s.o.
2015,Subaru,WRX,Compacte,2.0,4,AV8,Z,12.4,9.4,11.1,25,255,s.o.,s.o.
2015,Subaru,WRX,Compacte,2.0,4,M6,Z,11.1,8.3,9.8,29,225,s.o.,s.o.
2015,Subaru,WRX,Compacte,2.5,4,M6,Z,13.8,10.2,12.2,23,281,s.o.,s.o.
2015,Subaru,XV Crosstrek AWD,Véhicule utilitaire sport : petit,2.0,4,AV6,X,9.1,7.0,8.1,35,186,s.o.,s.o.
2015,Subaru,XV Crosstrek AWD,Véhicule utilitaire sport : petit,2.0,4,M5,X,10.2,7.7,9.1,31,209,s.o.,s.o.
2015,Subaru,XV Crosstrek Hybrid AWD,Véhicule utilitaire sport : petit,2.0,4,AV6,X,7.9,6.9,7.5,38,173,s.o.,s.o.
2015,Toyota,4Runner 4WD,Véhicule utilitaire sport : ordinaire,4.0,6,AS5,X,14.2,11.1,12.8,22,294,s.o.,s.o.
2015,Toyota,4Runner 4WD (Part-Time 4WD),Véhicule utilitaire sport : ordinaire,4.0,6,AS5,X,14.2,11.1,12.8,22,294,s.o.,s.o.
2015,Toyota,Avalon,Intermédiaire,3.5,6,AS6,X,11.3,7.5,9.6,29,221,s.o.,s.o.
2015,Toyota,Camry,Intermédiaire,2.5,4,AS6,X,9.7,6.9,8.4,34,193,s.o.,s.o.
2015,Toyota,Camry,Intermédiaire,3.5,6,AS6,X,11.0,7.7,9.5,30,218,s.o.,s.o.
2015,Toyota,Camry Hybrid LE,Intermédiaire,2.5,4,AV,X,5.5,6.0,5.7,50,131,s.o.,s.o.
2015,Toyota,Camry Hybrid XLE/SE,Intermédiaire,2.5,4,AV,X,5.7,6.1,5.9,48,136,s.o.,s.o.
2015,Toyota,Corolla,Intermédiaire,1.8,4,A4,X,8.6,6.5,7.6,37,175,s.o.,s.o.
2015,Toyota,Corolla,Intermédiaire,1.8,4,AV,X,8.2,6.2,7.3,39,168,s.o.,s.o.
2015,Toyota,Corolla LE Eco (1-Mode),Intermédiaire,1.8,4,AV,X,7.7,5.6,6.8,42,156,s.o.,s.o.
2015,Toyota,Corolla LE Eco (2-Mode),Intermédiaire,1.8,4,AV,X,7.7,6.0,6.9,41,159,s.o.,s.o.
2015,Toyota,Corolla,Intermédiaire,1.8,4,AV7,X,7.9,6.1,7.1,40,163,s.o.,s.o.
2015,Toyota,Corolla,Intermédiaire,1.8,4,M6,X,8.3,6.2,7.4,38,170,s.o.,s.o.
2015,Toyota,Highlander,Véhicule utilitaire sport : petit,2.7,4,AS6,X,11.7,9.5,10.7,26,246,s.o.,s.o.
2015,Toyota,Highlander,Véhicule utilitaire sport : petit,3.5,6,AS6,X,12.5,9.3,11.1,25,255,s.o.,s.o.
2015,Toyota,Highlander AWD,Véhicule utilitaire sport : ordinaire,3.5,6,AS6,X,13.0,9.8,11.6,24,267,s.o.,s.o.
2015,Toyota,Highlander Hybrid AWD,Véhicule utilitaire sport : ordinaire,3.5,6,AV6,X,8.6,8.5,8.5,33,196,s.o.,s.o.
2015,Toyota,Highlander Hybrid AWD LE,Véhicule utilitaire sport : ordinaire,3.5,6,AV6,X,8.4,8.3,8.4,34,193,s.o.,s.o.
2015,Toyota,Prius,Intermédiaire,1.8,4,AV,X,4.6,4.9,4.7,60,108,s.o.,s.o.
2015,Toyota,Prius c,Compacte,1.5,4,AV,X,4.5,5.1,4.8,59,110,s.o.,s.o.
2015,Toyota,Prius v,Familiale : intermédiaire,1.8,4,AV,X,5.4,5.8,5.6,50,129,s.o.,s.o.
2015,Toyota,RAV4,Véhicule utilitaire sport : petit,2.5,4,AS6,X,10.0,7.6,8.9,32,205,s.o.,s.o.
2015,Toyota,RAV4 AWD,Véhicule utilitaire sport : petit,2.5,4,AS6,X,10.5,8.2,9.5,30,218,s.o.,s.o.
2015,Toyota,RAV4 LE/XLE,Véhicule utilitaire sport : petit,2.5,4,AS6,X,10.0,7.6,8.9,32,205,s.o.,s.o.
2015,Toyota,RAV4 Limited AWD,Véhicule utilitaire sport : petit,2.5,4,AS6,X,10.7,8.3,9.6,29,221,s.o.,s.o.
2015,Toyota,Sequoia 4WD,Véhicule utilitaire sport : ordinaire,5.7,8,AS6,X,18.8,14.0,16.6,17,382,s.o.,s.o.
2015,Toyota,Sienna,Fourgonnette,3.5,6,AS6,X,13.0,9.5,11.4,25,262,s.o.,s.o.
2015,Toyota,Sienna AWD,Fourgonnette,3.5,6,AS6,X,14.4,10.2,12.5,23,288,s.o.,s.o.
2015,Toyota,Tacoma,Camionnette : petite,2.7,4,A4,X,12.2,9.9,11.2,25,258,s.o.,s.o.
2015,Toyota,Tacoma,Camionnette : petite,2.7,4,M5,X,11.3,9.5,10.5,27,242,s.o.,s.o.
2015,Toyota,Tacoma,Camionnette : petite,4.0,6,M6,X,14.5,11.3,13.1,22,301,s.o.,s.o.
2015,Toyota,Tacoma 4WD,Camionnette : petite,2.7,4,A4,X,13.1,11.3,12.3,23,283,s.o.,s.o.
2015,Toyota,Tacoma 4WD,Camionnette : petite,2.7,4,M5,X,12.9,11.5,12.3,23,283,s.o.,s.o.
2015,Toyota,Tacoma 4WD,Camionnette : petite,4.0,6,A5,X,14.8,11.6,13.4,21,308,s.o.,s.o.
2015,Toyota,Tacoma 4WD,Camionnette : petite,4.0,6,M6,X,15.3,12.3,14.0,20,322,s.o.,s.o.
2015,Toyota,Tundra,Camionnette : ordinaire,4.6,8,AS6,X,15.9,12.3,14.3,20,329,s.o.,s.o.
2015,Toyota,Tundra,Camionnette : ordinaire,5.7,8,AS6,X,17.2,12.8,15.2,19,350,s.o.,s.o.
2015,Toyota,Tundra 4WD,Camionnette : ordinaire,4.6,8,AS6,X,16.9,12.8,15.1,19,347,s.o.,s.o.
2015,Toyota,Tundra 4WD,Camionnette : ordinaire,5.7,8,AS6,X,18.5,14.2,16.6,17,382,s.o.,s.o.
2015,Toyota,Venza,Véhicule utilitaire sport : petit,2.7,4,AS6,X,11.6,9.0,10.4,27,239,s.o.,s.o.
2015,Toyota,Venza,Véhicule utilitaire sport : petit,3.5,6,AS6,X,12.5,9.0,10.9,26,251,s.o.,s.o.
2015,Toyota,Venza 4WD,Véhicule utilitaire sport : petit,2.7,4,AS6,X,11.6,9.2,10.5,27,242,s.o.,s.o.
2015,Toyota,Venza 4WD,Véhicule utilitaire sport : petit,3.5,6,AS6,X,12.8,9.3,11.3,25,260,s.o.,s.o.
2015,Toyota,Yaris,Compacte,1.5,4,A4,X,7.8,6.6,7.3,39,168,s.o.,s.o.
2015,Toyota,Yaris,Compacte,1.5,4,M5,X,7.7,6.3,7.1,40,163,s.o.,s.o.
2015,Volkswagen,Beetle,Compacte,1.8,4,AS6,X,9.6,7.2,8.5,33,196,s.o.,s.o.
2015,Volkswagen,Beetle,Compacte,1.8,4,M5,X,9.9,7.2,8.7,32,200,s.o.,s.o.
2015,Volkswagen,Beetle,Compacte,2.0,4,AM6,Z,10.0,7.9,9.1,31,209,s.o.,s.o.
2015,Volkswagen,Beetle,Compacte,2.0,4,M6,Z,10.4,7.7,9.2,31,212,s.o.,s.o.
2015,Volkswagen,Beetle TDI (modified),Compacte,2.0,4,AM6,D,7.6,5.7,6.9,41,183,s.o.,s.o.
2015,Volkswagen,Beetle TDI (modified),Compacte,2.0,4,M6,D,7.6,5.7,6.9,41,184,s.o.,s.o.
2015,Volkswagen,Beetle Convertible,Sous-compacte,1.8,4,AS6,X,9.8,7.3,8.7,32,200,s.o.,s.o.
2015,Volkswagen,Beetle Convertible,Sous-compacte,2.0,4,AM6,Z,10.3,8.2,9.4,30,216,s.o.,s.o.
2015,Volkswagen,Beetle Convertible,Sous-compacte,2.0,4,M6,Z,10.4,7.7,9.2,31,212,s.o.,s.o.
2015,Volkswagen,CC,Compacte,2.0,4,AM6,Z,10.7,7.7,9.3,30,214,s.o.,s.o.
2015,Volkswagen,CC,Compacte,2.0,4,M6,Z,11.4,7.4,9.6,29,221,s.o.,s.o.
2015,Volkswagen,CC 4MOTION,Compacte,3.6,6,AS6,Z,13.9,9.3,11.8,24,271,s.o.,s.o.
2015,Volkswagen,Eos,Sous-compacte,2.0,4,AM6,Z,10.8,7.8,9.5,30,219,s.o.,s.o.
2015,Volkswagen,Golf,Compacte,1.8,4,AS6,X,9.3,6.5,8.1,35,186,s.o.,s.o.
2015,Volkswagen,Golf,Compacte,1.8,4,M5,X,9.3,6.4,8.0,35,184,s.o.,s.o.
2015,Volkswagen,Golf TDI (modified),Compacte,2.0,4,AM6,D,7.6,5.5,6.5,43,177,s.o.,s.o.
2015,Volkswagen,Golf TDI (modified),Compacte,2.0,4,M6,D,7.8,5.2,6.5,43,178,s.o.,s.o.
2015,Volkswagen,Golf GTI,Compacte,2.0,4,AM6,Z,9.5,7.2,8.5,33,196,s.o.,s.o.
2015,Volkswagen,Golf GTI,Compacte,2.0,4,M6,Z,9.4,6.9,8.3,34,191,s.o.,s.o.
2015,Volkswagen,Golf Sportwagon,Familiale : petite,1.8,4,AS6,X,9.4,6.8,8.2,34,193,s.o.,s.o.
2015,Volkswagen,Golf Sportwagon,Familiale : petite,1.8,4,M5,X,9.5,6.6,8.2,34,189,s.o.,s.o.
2015,Volkswagen,Golf SportWagon TDI (modified),Familiale : petite,2.0,4,AM6,D,7.6,5.6,6.7,42,180,s.o.,s.o.
2015,Volkswagen,Golf SportWagon TDI (modified),Familiale : petite,2.0,4,M6,D,7.6,5.5,6.7,42,179,s.o.,s.o.
2015,Volkswagen,Jetta,Compacte,1.8,4,AS6,X,9.3,6.3,7.9,36,182,s.o.,s.o.
2015,Volkswagen,Jetta,Compacte,1.8,4,M5,X,9.3,6.3,8.0,35,184,s.o.,s.o.
2015,Volkswagen,Jetta,Compacte,2.0,4,AS6,X,10.4,7.0,8.9,32,205,s.o.,s.o.
2015,Volkswagen,Jetta,Compacte,2.0,4,M5,X,9.5,6.9,8.4,34,193,s.o.,s.o.
2015,Volkswagen,Jetta TDI (modified),Compacte,2.0,4,AM6,D,7.6,5.2,6.5,43,175,s.o.,s.o.
2015,Volkswagen,Jetta TDI (modified),Compacte,2.0,4,M6,D,7.6,5.1,6.5,43,176,s.o.,s.o.
2015,Volkswagen,Jetta GLI,Compacte,2.0,4,AM6,Z,10.0,7.3,8.8,32,202,s.o.,s.o.
2015,Volkswagen,Jetta GLI,Compacte,2.0,4,M6,Z,10.3,7.2,8.9,32,205,s.o.,s.o.
2015,Volkswagen,Jetta Hybrid,Compacte,1.4,4,AM7,Z,5.6,4.9,5.3,53,122,s.o.,s.o.
2015,Volkswagen,Passat,Intermédiaire,1.8,4,AS6,X,9.7,6.6,8.3,34,191,s.o.,s.o.
2015,Volkswagen,Passat,Intermédiaire,1.8,4,M5,X,9.8,6.7,8.4,34,193,s.o.,s.o.
2015,Volkswagen,Passat TDI (modified),Intermédiaire,2.0,4,AM6,D,7.8,5.6,6.9,41,185,s.o.,s.o.
2015,Volkswagen,Passat TDI (modified),Intermédiaire,2.0,4,M6,D,7.8,5.3,6.7,42,182,s.o.,s.o.
2015,Volkswagen,Passat,Intermédiaire,3.6,6,AM6,Z,11.9,8.5,10.4,27,239,s.o.,s.o.
2015,Volkswagen,Tiguan,Véhicule utilitaire sport : petit,2.0,4,AS6,Z,11.5,9.3,10.5,27,242,s.o.,s.o.
2015,Volkswagen,Tiguan,Véhicule utilitaire sport : petit,2.0,4,M6,Z,13.0,9.0,11.2,25,258,s.o.,s.o.
2015,Volkswagen,Tiguan 4MOTION,Véhicule utilitaire sport : petit,2.0,4,AS6,Z,11.7,9.4,10.7,26,246,s.o.,s.o.
2015,Volkswagen,Touareg TDI (modified),Véhicule utilitaire sport : ordinaire,3.0,6,AS8,D,11.8,8.1,10.2,28,277,s.o.,s.o.
2015,Volkswagen,Touareg,Véhicule utilitaire sport : ordinaire,3.6,6,AS8,Z,14.1,10.4,12.4,23,292,s.o.,s.o.
2015,Volvo,S60 T5,Compacte,2.0,4,AS8,X,9.8,6.6,8.4,34,193,s.o.,s.o.
2015,Volvo,S60 T5 AWD,Compacte,2.5,5,AS6,X,11.6,8.2,10.1,28,232,s.o.,s.o.
2015,Volvo,S60 T6,Compacte,2.0,4,AS8,Z,10.1,7.3,8.9,32,205,s.o.,s.o.
2015,Volvo,S60 T6 AWD,Compacte,3.0,6,AS6,X,12.9,9.0,11.2,25,258,s.o.,s.o.
2015,Volvo,S60 Polestar AWD,Compacte,3.0,6,AS6,X,12.8,8.9,11.0,26,253,s.o.,s.o.
2015,Volvo,S80 T5,Intermédiaire,2.0,4,AS8,X,9.8,6.6,8.4,34,193,s.o.,s.o.
2015,Volvo,S80 T6 AWD,Intermédiaire,3.0,6,AS6,X,12.9,9.0,11.2,25,258,s.o.,s.o.
2015,Volvo,V60 T5,Familiale : petite,2.0,4,AS8,X,9.8,6.6,8.4,34,193,s.o.,s.o.
2015,Volvo,V60 T5 AWD,Familiale : petite,2.5,5,AS6,X,11.6,8.2,10.1,28,232,s.o.,s.o.
2015,Volvo,V60 T6 AWD,Familiale : petite,3.0,6,AS6,X,12.9,9.0,11.2,25,258,s.o.,s.o.
2015,Volvo,V60 Polestar AWD,Familiale : petite,3.0,6,AS6,X,12.8,8.9,11.0,26,253,s.o.,s.o.
2015,Volvo,V60 CC,Véhicule utilitaire sport : petit,2.0,4,AS8,X,9.8,7.6,8.8,32,202,s.o.,s.o.
2015,Volvo,V60 CC AWD,Véhicule utilitaire sport : petit,2.5,5,AS6,X,11.8,8.5,10.3,27,237,s.o.,s.o.
2015,Volvo,XC60 T5,Véhicule utilitaire sport : petit,2.0,4,AS8,X,9.8,7.6,8.8,32,202,s.o.,s.o.
2015,Volvo,XC60 T5 AWD,Véhicule utilitaire sport : petit,2.5,5,AS6,X,13.0,9.4,11.4,25,262,s.o.,s.o.
2015,Volvo,XC60 T6,Véhicule utilitaire sport : petit,2.0,4,AS8,Z,10.7,7.8,9.4,30,216,s.o.,s.o.
2015,Volvo,XC60 T6 AWD,Véhicule utilitaire sport : petit,3.0,6,AS6,X,13.6,9.9,11.9,24,274,s.o.,s.o.
2015,Volvo,XC60 3.2 AWD,Véhicule utilitaire sport : petit,3.2,6,AS6,X,13.1,9.5,11.5,25,264,s.o.,s.o.
2015,Volvo,XC70 T5,Véhicule utilitaire sport : petit,2.0,4,AS8,X,9.8,7.6,8.8,32,202,s.o.,s.o.
2015,Volvo,XC70 T6 AWD,Véhicule utilitaire sport : petit,3.0,6,AS6,X,13.6,9.9,11.9,24,274,s.o.,s.o.
2015,Volvo,XC70 3.2 AWD,Véhicule utilitaire sport : petit,3.2,6,AS6,X,13.1,9.1,11.3,25,260,s.o.,s.o.
2016,Acura,ILX,Compacte,2.4,4,AM8,Z,9.3,6.6,8.1,35,189,7,s.o.
2016,Acura,MDX SH-AWD,Véhicule utilitaire sport : petit,3.5,6,AS9,Z,12.7,9.1,11.1,25,254,5,s.o.
2016,Acura,MDX SH-AWD Elite,Véhicule utilitaire sport : petit,3.5,6,AS9,Z,12.2,9.1,10.7,26,251,5,s.o.
2016,Acura,RDX AWD,Véhicule utilitaire sport : petit,3.5,6,AS6,Z,12.4,8.6,10.7,26,249,5,s.o.
2016,Acura,RLX,Intermédiaire,3.5,6,AS6,Z,11.9,7.7,10.0,28,235,5,s.o.
2016,Acura,RLX Hybrid,Intermédiaire,3.5,6,AM7,Z,8.0,7.5,7.7,37,180,7,s.o.
2016,Acura,TLX,Compacte,2.4,4,AM8,Z,9.6,6.6,8.3,34,196,7,s.o.
2016,Acura,TLX SH-AWD,Compacte,3.5,6,AS9,Z,11.2,7.5,9.6,29,226,5,s.o.
2016,Alfa Romeo,4C,Deux places,1.8,4,AM6,Z,9.7,6.9,8.4,34,197,7,s.o.
2016,Aston Martin,DB9 GT,Minicompacte,5.9,12,A6,Z,18.0,12.6,15.6,18,365,2,s.o.
2016,Aston Martin,Rapide S,Sous-compacte,6.0,12,A8,Z,16.8,10.9,14.2,20,332,3,s.o.
2016,Aston Martin,Vanquish,Minicompacte,6.0,12,A8,Z,17.6,11.4,14.8,19,346,3,s.o.
2016,Aston Martin,V8 Vantage,Deux places,4.7,8,AM7,Z,17.4,11.3,14.7,19,343,3,s.o.
2016,Aston Martin,V8 Vantage,Deux places,4.7,8,M6,Z,18.1,12.3,15.5,18,362,2,s.o.
2016,Aston Martin,V8 Vantage S,Deux places,4.7,8,AM7,Z,17.4,11.3,14.7,19,343,3,s.o.
2016,Aston Martin,V8 Vantage S,Deux places,4.7,8,M6,Z,18.1,12.3,15.5,18,362,2,s.o.
2016,Aston Martin,V12 Vantage S,Deux places,6.0,12,AM7,Z,19.5,12.8,16.5,17,390,2,s.o.
2016,Aston Martin,Vantage GT,Deux places,4.7,8,AM7,Z,17.4,11.3,14.7,19,343,3,s.o.
2016,Aston Martin,Vantage GT,Deux places,4.7,8,M6,Z,18.1,12.3,15.5,18,362,2,s.o.
2016,Audi,A3,Sous-compacte,1.8,4,AM6,X,10.0,7.1,8.7,32,204,6,s.o.
2016,Audi,A3 quattro,Sous-compacte,2.0,4,AM6,X,9.8,7.2,8.6,33,201,7,s.o.
2016,Audi,A3 Cabriolet quattro,Sous-compacte,2.0,4,AM6,X,10.1,7.5,8.9,32,208,6,s.o.
2016,Audi,A4,Compacte,2.0,4,AV8,Z,9.9,7.6,8.9,32,212,6,s.o.
2016,Audi,A4 quattro,Compacte,2.0,4,AS8,Z,11.0,7.8,9.6,29,224,6,s.o.
2016,Audi,A4 quattro,Compacte,2.0,4,M6,Z,10.6,7.3,9.1,31,214,6,s.o.
2016,Audi,A4 allroad quattro,Familiale : petite,2.0,4,AS8,Z,11.2,8.4,9.9,29,232,5,s.o.
2016,Audi,A5 quattro,Sous-compacte,2.0,4,AS8,Z,11.0,7.8,9.6,29,224,6,s.o.
2016,Audi,A5 quattro,Sous-compacte,2.0,4,M6,Z,10.6,7.3,9.1,31,214,6,s.o.
2016,Audi,A5 Cabriolet quattro,Sous-compacte,2.0,4,AS8,Z,11.3,8.0,9.8,29,230,5,s.o.
2016,Audi,A6 quattro,Intermédiaire,2.0,4,AS8,Z,10.8,7.3,9.2,31,211,6,s.o.
2016,Audi,A6 quattro,Intermédiaire,3.0,6,AS8,Z,11.6,7.9,9.9,29,232,5,s.o.
2016,Audi,A6 quattro TDI (modified),Intermédiaire,3.0,6,AS8,D,9.4,6.2,7.8,36,213,6,s.o.
2016,Audi,A7 quattro,Intermédiaire,3.0,6,AS8,Z,11.6,7.9,9.9,29,232,5,s.o.
2016,Audi,A7 quattro TDI (modified),Intermédiaire,3.0,6,AS8,D,9.4,6.2,7.8,36,213,6,s.o.
2016,Audi,A8 quattro,Intermédiaire,3.0,6,AS8,Z,12.6,8.0,10.5,27,247,5,s.o.
2016,Audi,A8 quattro TDI (modified),Intermédiaire,3.0,6,AS8,D,9.8,6.5,8.4,34,224,6,s.o.
2016,Audi,A8 quattro,Intermédiaire,4.0,8,AS8,Z,12.9,8.0,10.7,26,249,5,s.o.
2016,Audi,A8L quattro,Grande berline,4.0,8,AS8,Z,13.1,8.3,10.9,26,255,5,s.o.
2016,Audi,A8L quattro,Grande berline,6.3,12,AS8,Z,17.8,10.8,14.6,19,344,3,s.o.
2016,Audi,Q3,Compacte,2.0,4,AS6,Z,12.0,8.2,10.3,27,242,5,s.o.
2016,Audi,Q3 quattro,Compacte,2.0,4,AS6,Z,11.9,8.4,10.3,27,240,5,s.o.
2016,Audi,Q5 quattro,Véhicule utilitaire sport : petit,2.0,4,AS8,Z,12.0,8.5,10.4,27,244,5,s.o.
2016,Audi,Q5 quattro,Véhicule utilitaire sport : petit,3.0,6,AS8,Z,13.2,9.2,11.4,25,267,5,s.o.
2016,Audi,Q5 quattro TDI (modified),Véhicule utilitaire sport : petit,3.0,6,AS8,D,10.2,7.8,9.0,31,244,5,s.o.
2016,Audi,Q5 Hybrid quattro,Véhicule utilitaire sport : petit,2.0,4,AS8,Z,9.8,7.9,8.9,32,209,6,s.o.
2016,Audi,RS 7 quattro,Intermédiaire,4.0,8,AS8,Z,16.6,9.4,13.3,21,313,4,s.o.
2016,Audi,S3 quattro,Sous-compacte,2.0,4,AM6,Z,10.1,7.7,9.0,31,211,6,s.o.
2016,Audi,S4 quattro,Compacte,3.0,6,AM7,Z,13.0,8.5,11.0,26,257,5,s.o.
2016,Audi,S4 quattro,Compacte,3.0,6,M6,Z,13.8,9.0,11.7,24,273,4,s.o.
2016,Audi,S5 quattro,Sous-compacte,3.0,6,AM7,Z,13.0,8.5,11.0,26,257,5,s.o.
2016,Audi,S5 quattro,Sous-compacte,3.0,6,M6,Z,13.8,9.0,11.7,24,273,4,s.o.
2016,Audi,S5 Cabriolet quattro,Sous-compacte,3.0,6,AM7,Z,13.3,9.1,11.4,25,266,5,s.o.
2016,Audi,S6 quattro,Intermédiaire,4.0,8,AM7,Z,13.3,8.8,11.3,25,263,5,s.o.
2016,Audi,S7 quattro,Intermédiaire,4.0,8,AM7,Z,13.4,8.8,11.4,25,265,5,s.o.
2016,Audi,S8 quattro,Intermédiaire,4.0,8,AS8,Z,15.7,9.4,12.8,22,300,4,s.o.
2016,Audi,SQ5 quattro,Véhicule utilitaire sport : petit,3.0,6,AS8,Z,14.1,9.9,12.2,23,285,4,s.o.
2016,Audi,TT Coupe quattro,Sous-compacte,2.0,4,AM6,X,10.1,7.8,9.1,31,209,6,s.o.
2016,Audi,TT Roadster quattro,Deux places,2.0,4,AM6,X,10.1,7.8,9.1,31,209,6,s.o.
2016,Audi,TTS Coupe quattro,Sous-compacte,2.0,4,AM6,Z,10.3,8.6,9.5,30,222,6,s.o.
2016,Bentley,Continental GT,Compacte,4.0,8,AS8,Z,16.1,9.4,13.1,22,307,4,s.o.
2016,Bentley,Continental GT,Compacte,6.0,12,AS8,Z,18.9,11.2,15.4,18,360,2,s.o.
2016,Bentley,Continental GT Convertible,Sous-compacte,4.0,8,AS8,Z,17.7,10.3,14.4,20,337,3,s.o.
2016,Bentley,Continental GT Convertible,Sous-compacte,6.0,12,AS8,Z,19.6,11.7,16.0,18,375,2,s.o.
2016,Bentley,Flying Spur,Intermédiaire,4.0,8,AS8,Z,17.7,10.0,14.2,20,334,3,s.o.
2016,Bentley,Flying Spur,Intermédiaire,6.0,12,AS8,Z,20.3,11.9,16.5,17,388,2,s.o.
2016,Bentley,Mulsanne,Intermédiaire,6.8,8,AS8,Z,21.0,13.1,17.5,16,408,2,s.o.
2016,BMW,228i,Sous-compacte,2.0,4,AS8,Z,9.9,6.5,8.4,34,197,7,s.o.
2016,BMW,228i,Sous-compacte,2.0,4,M6,Z,10.7,7.0,9.0,31,211,6,s.o.
2016,BMW,228i xDrive,Sous-compacte,2.0,4,AS8,Z,10.4,6.8,8.8,32,207,6,s.o.
2016,BMW,228i xDrive Cabriolet,Sous-compacte,2.0,4,AS8,Z,10.5,6.9,8.9,32,209,6,s.o.
2016,BMW,320i,Compacte,2.0,4,AS8,Z,9.9,6.5,8.4,34,197,7,s.o.
2016,BMW,320i,Compacte,2.0,4,M6,Z,10.7,7.0,9.0,31,211,6,s.o.
2016,BMW,320i xDrive,Compacte,2.0,4,AS8,Z,10.4,6.8,8.8,32,207,6,s.o.
2016,BMW,328d xDrive,Compacte,2.0,4,AS8,D,7.7,5.7,6.8,42,183,7,s.o.
2016,BMW,328d xDrive Touring,Familiale : petite,2.0,4,AS8,D,7.7,5.7,6.8,42,183,7,s.o.
2016,BMW,328i xDrive,Compacte,2.0,4,AS8,Z,10.5,6.9,8.9,32,209,6,s.o.
2016,BMW,328i xDrive Gran Turismo,Grande berline,2.0,4,AS8,Z,10.5,6.9,8.9,32,209,6,s.o.
2016,BMW,328i xDrive Touring,Familiale : petite,2.0,4,AS8,Z,10.5,6.9,8.9,32,209,6,s.o.
2016,BMW,335i xDrive Gran Turismo,Grande berline,3.0,6,AS8,Z,12.0,7.9,10.2,28,238,5,s.o.
2016,BMW,340i,Compacte,3.0,6,AS8,Z,10.9,7.2,9.3,30,217,6,s.o.
2016,BMW,340i,Compacte,3.0,6,M6,Z,11.6,7.8,9.9,29,231,5,s.o.
2016,BMW,340i xDrive,Compacte,3.0,6,AS8,Z,10.9,7.3,9.3,30,216,6,s.o.
2016,BMW,340i xDrive,Compacte,3.0,6,M6,Z,11.9,8.3,10.3,27,241,5,s.o.
2016,BMW,428i Cabriolet,Sous-compacte,2.0,4,AS8,Z,10.8,6.7,8.9,32,211,6,s.o.
2016,BMW,428i xDrive Cabriolet,Sous-compacte,2.0,4,AS8,Z,11.3,7.1,9.4,30,221,6,s.o.
2016,BMW,428i Coupe,Compacte,2.0,4,AS8,Z,9.9,6.5,8.4,34,197,7,s.o.
2016,BMW,428i Coupe,Compacte,2.0,4,M6,Z,10.7,7.0,9.0,31,211,6,s.o.
2016,BMW,428i xDrive Coupe,Compacte,2.0,4,AS8,Z,10.5,6.9,8.9,32,209,6,s.o.
2016,BMW,428i Gran Coupe,Compacte,2.0,4,AS8,Z,10.8,6.7,8.9,32,211,6,s.o.
2016,BMW,428i Gran Coupe,Compacte,2.0,4,M6,Z,10.9,6.8,9.0,31,210,6,s.o.
2016,BMW,428i xDrive Gran Coupe,Compacte,2.0,4,AS8,Z,10.5,6.9,8.9,32,209,6,s.o.
2016,BMW,435i Cabriolet,Sous-compacte,3.0,6,AS8,Z,11.8,7.6,9.9,29,232,5,s.o.
2016,BMW,435i xDrive Cabriolet,Sous-compacte,3.0,6,AS8,Z,11.9,8.1,10.2,28,238,5,s.o.
2016,BMW,435i Coupe,Compacte,3.0,6,AS8,Z,11.6,7.7,9.9,29,232,5,s.o.
2016,BMW,435i Coupe,Compacte,3.0,6,M6,Z,12.1,8.4,10.5,27,246,5,s.o.
2016,BMW,435i xDrive Coupe,Compacte,3.0,6,AS8,Z,12.0,7.9,10.2,28,238,5,s.o.
2016,BMW,435i xDrive Coupe,Compacte,3.0,6,M6,Z,12.3,8.4,10.5,27,247,5,s.o.
2016,BMW,435i xDrive Gran Coupe,Compacte,3.0,6,AS8,Z,12.0,7.9,10.2,28,238,5,s.o.
2016,BMW,528i xDrive,Intermédiaire,2.0,4,AS8,Z,10.5,6.9,8.9,32,209,6,s.o.
2016,BMW,535d xDrive,Intermédiaire,3.0,6,AS8,D,9.2,6.3,7.9,36,212,6,s.o.
2016,BMW,535i xDrive,Intermédiaire,3.0,6,AS8,Z,11.9,8.1,10.2,28,238,5,s.o.
2016,BMW,535i xDrive Gran Turismo,Grande berline,3.0,6,AS8,Z,13.0,9.1,11.2,25,263,5,s.o.
2016,BMW,550i xDrive,Intermédiaire,4.4,8,AS8,Z,14.4,9.6,12.3,23,288,4,s.o.
2016,BMW,550i xDrive Gran Turismo,Grande berline,4.4,8,AS8,Z,14.3,9.3,12.1,23,283,4,s.o.
2016,BMW,640i xDrive Cabriolet,Sous-compacte,3.0,6,AS8,Z,11.9,8.1,10.2,28,238,5,s.o.
2016,BMW,640i xDrive Gran Coupe,Compacte,3.0,6,AS8,Z,11.9,8.1,10.2,28,238,5,s.o.
2016,BMW,650i xDrive Cabriolet,Sous-compacte,4.4,8,AS8,Z,14.3,9.3,12.1,23,283,4,s.o.
2016,BMW,650i xDrive Coupe,Compacte,4.4,8,AS8,Z,14.4,9.6,12.3,23,288,4,s.o.
2016,BMW,650i xDrive Gran Coupe,Compacte,4.4,8,AS8,Z,14.3,9.3,12.1,23,283,4,s.o.
2016,BMW,750i xDrive,Grande berline,4.4,8,AS8,Z,14.3,9.3,12.1,23,283,4,s.o.
2016,BMW,750Li xDrive,Grande berline,4.4,8,AS8,Z,14.3,9.3,12.1,23,283,4,s.o.
2016,BMW,ActiveHybrid 5,Intermédiaire,3.0,6,AS8,Z,10.6,7.9,9.4,30,219,6,s.o.
2016,BMW,Alpina B6 xDrive Gran Coupe,Compacte,4.4,8,AS8,Z,14.3,9.3,12.1,23,283,4,s.o.
2016,BMW,M2,Sous-compacte,3.0,6,AM7,Z,11.8,8.8,10.4,27,244,5,s.o.
2016,BMW,M2,Sous-compacte,3.0,6,M6,Z,12.7,9.2,11.1,25,260,5,s.o.
2016,BMW,M235i,Sous-compacte,3.0,6,AS8,Z,11.6,7.7,9.9,29,232,5,s.o.
2016,BMW,M235i,Sous-compacte,3.0,6,M6,Z,11.9,8.6,10.4,27,245,5,s.o.
2016,BMW,M235i xDrive,Sous-compacte,3.0,6,AS8,Z,12.0,7.9,10.2,28,238,5,s.o.
2016,BMW,M235i Cabriolet,Sous-compacte,3.0,6,AS8,Z,11.6,7.7,9.9,29,232,5,s.o.
2016,BMW,M235i Cabriolet,Sous-compacte,3.0,6,M6,Z,12.1,8.4,10.5,27,246,5,s.o.
2016,BMW,M235i xDrive Cabriolet,Sous-compacte,3.0,6,AS8,Z,12.0,7.9,10.2,28,238,5,s.o.
2016,BMW,M3,Compacte,3.0,6,AM7,Z,14.1,9.7,12.1,23,284,4,s.o.
2016,BMW,M3,Compacte,3.0,6,M6,Z,13.7,9.0,11.6,24,271,4,s.o.
2016,BMW,M4 Cabriolet,Sous-compacte,3.0,6,AM7,Z,14.2,9.6,12.1,23,282,4,s.o.
2016,BMW,M4 Cabriolet,Sous-compacte,3.0,6,M6,Z,14.1,9.0,11.8,24,278,4,s.o.
2016,BMW,M4 Coupe,Compacte,3.0,6,AM7,Z,14.1,9.7,12.1,23,284,4,s.o.
2016,BMW,M4 Coupe,Compacte,3.0,6,M6,Z,13.7,9.0,11.6,24,271,4,s.o.
2016,BMW,M5,Intermédiaire,4.4,8,AM7,Z,17.3,11.5,14.7,19,344,3,s.o.
2016,BMW,M5,Intermédiaire,4.4,8,M6,Z,16.1,10.9,13.7,21,321,3,s.o.
2016,BMW,M6,Compacte,4.4,8,AM7,Z,17.3,11.5,14.7,19,344,3,s.o.
2016,BMW,M6,Compacte,4.4,8,M6,Z,16.1,10.9,13.7,21,321,3,s.o.
2016,BMW,M6 Cabriolet,Sous-compacte,4.4,8,AM7,Z,17.3,11.5,14.7,19,344,3,s.o.
2016,BMW,M6 Cabriolet,Sous-compacte,4.4,8,M6,Z,16.1,10.9,13.7,21,321,3,s.o.
2016,BMW,M6 Gran Coupe,Compacte,4.4,8,AM7,Z,17.3,11.5,14.7,19,344,3,s.o.
2016,BMW,M6 Gran Coupe,Compacte,4.4,8,M6,Z,16.1,10.9,13.7,21,321,3,s.o.
2016,BMW,X1 xDrive28i,Véhicule utilitaire sport : petit,2.0,4,AS8,Z,10.7,7.4,9.2,31,215,6,s.o.
2016,BMW,X3 xDrive28d,Véhicule utilitaire sport : petit,2.0,4,AS8,D,8.6,6.9,7.9,36,211,6,s.o.
2016,BMW,X3 xDrive28i,Véhicule utilitaire sport : petit,2.0,4,AS8,Z,11.1,8.4,9.9,29,231,5,s.o.
2016,BMW,X3 xDrive35i,Véhicule utilitaire sport : petit,3.0,6,AS8,Z,12.7,8.8,10.9,26,257,5,s.o.
2016,BMW,X4 xDrive28i,Véhicule utilitaire sport : petit,2.0,4,AS8,Z,11.7,8.4,10.2,28,238,5,s.o.
2016,BMW,X4 xDrive35i,Véhicule utilitaire sport : petit,3.0,6,AS8,Z,12.7,8.8,10.9,26,257,5,s.o.
2016,BMW,X4 M40i,Véhicule utilitaire sport : petit,3.0,6,AS8,Z,12.8,9.5,11.3,25,264,5,s.o.
2016,BMW,X5 xDrive35d,Véhicule utilitaire sport : ordinaire,3.0,6,AS8,D,10.0,7.6,8.9,32,233,5,s.o.
2016,BMW,X5 xDrive35i,Véhicule utilitaire sport : ordinaire,3.0,6,AS8,Z,13.0,9.7,11.5,25,269,5,s.o.
2016,BMW,X5 xDrive50i,Véhicule utilitaire sport : ordinaire,4.4,8,AS8,Z,15.7,11.4,13.8,20,322,3,s.o.
2016,BMW,X5 M,Véhicule utilitaire sport : ordinaire,4.4,8,AS8,Z,16.6,12.1,14.6,19,343,3,s.o.
2016,BMW,X6 xDrive35i,Véhicule utilitaire sport : ordinaire,3.0,6,AS8,Z,13.0,9.7,11.5,25,269,5,s.o.
2016,BMW,X6 xDrive50i,Véhicule utilitaire sport : ordinaire,4.4,8,AS8,Z,15.7,11.4,13.8,20,322,3,s.o.
2016,BMW,X6 M,Véhicule utilitaire sport : ordinaire,4.4,8,AS8,Z,16.6,12.1,14.6,19,343,3,s.o.
2016,BMW,Z4 sDrive28i,Deux places,2.0,4,AS8,Z,10.7,7.1,9.1,31,212,6,s.o.
2016,BMW,Z4 sDrive28i,Deux places,2.0,4,M6,Z,10.7,7.0,9.0,31,211,6,s.o.
2016,BMW,Z4 sDrive35i,Deux places,3.0,6,AM7,Z,13.7,10.0,12.1,23,282,4,s.o.
2016,BMW,Z4 sDrive35is,Deux places,3.0,6,AM7,Z,13.7,10.0,12.1,23,282,4,s.o.
2016,Buick,Enclave,Véhicule utilitaire sport : ordinaire,3.6,6,A6,X,15.8,10.6,13.4,21,315,4,s.o.
2016,Buick,Enclave AWD,Véhicule utilitaire sport : ordinaire,3.6,6,A6,X,16.1,10.8,13.7,21,323,3,s.o.
2016,Buick,Encore,Véhicule utilitaire sport : petit,1.4,4,AS6,X,9.5,7.2,8.5,33,199,7,s.o.
2016,Buick,Encore AWD,Véhicule utilitaire sport : petit,1.4,4,AS6,X,10.2,8.0,9.2,31,215,6,s.o.
2016,Buick,Encore Sport Touring,Véhicule utilitaire sport : petit,1.4,4,AS6,X,8.5,6.9,7.8,36,182,7,s.o.
2016,Buick,Encore Sport Touring AWD,Véhicule utilitaire sport : petit,1.4,4,AS6,X,8.9,7.4,8.2,34,192,7,s.o.
2016,Buick,Envision AWD,Véhicule utilitaire sport : petit,2.0,4,A6,Z,11.8,9.1,10.6,27,248,5,s.o.
2016,Buick,LaCrosse eAssist,Intermédiaire,2.4,4,AS6,X,9.6,6.5,8.2,34,193,7,s.o.
2016,Buick,LaCrosse FFV,Intermédiaire,3.6,6,AS6,X,13.7,8.6,11.4,25,268,5,s.o.
2016,Buick,LaCrosse FFV,Intermédiaire,3.6,6,AS6,E,18.7,12.4,15.8,18,260,5,s.o.
2016,Buick,LaCrosse AWD FFV,Intermédiaire,3.6,6,AS6,X,13.8,9.0,11.7,24,274,4,s.o.
2016,Buick,LaCrosse AWD FFV,Intermédiaire,3.6,6,AS6,E,18.5,12.5,15.8,18,263,5,s.o.
2016,Buick,Regal,Intermédiaire,2.0,4,AS6,Z,11.4,7.9,9.8,29,231,5,s.o.
2016,Buick,Regal,Intermédiaire,2.0,4,M6,Z,11.6,7.6,9.8,29,230,5,s.o.
2016,Buick,Regal eAssist,Intermédiaire,2.4,4,AS6,X,9.6,6.5,8.2,34,193,7,s.o.
2016,Buick,Regal AWD,Intermédiaire,2.0,4,AS6,Z,12.4,8.7,10.7,26,252,5,s.o.
2016,Buick,Verano,Compacte,2.0,4,AS6,Z,11.4,7.9,9.8,29,231,5,s.o.
2016,Buick,Verano,Compacte,2.0,4,M6,Z,11.6,7.6,9.8,29,230,5,s.o.
2016,Buick,Verano,Compacte,2.4,4,AS6,X,11.3,7.4,9.6,29,224,6,s.o.
2016,Cadillac,ATS,Compacte,2.0,4,AS8,Z,10.5,7.6,9.2,31,215,6,s.o.
2016,Cadillac,ATS,Compacte,2.0,4,M6,Z,12.0,8.1,10.3,27,240,5,s.o.
2016,Cadillac,ATS,Compacte,2.5,4,AS8,X,10.6,7.3,9.1,31,214,6,s.o.
2016,Cadillac,ATS,Compacte,3.6,6,AS8,X,11.6,7.9,9.9,29,233,5,s.o.
2016,Cadillac,ATS AWD,Compacte,2.0,4,AS8,Z,10.8,7.8,9.4,30,221,6,s.o.
2016,Cadillac,ATS AWD,Compacte,3.6,6,AS8,X,12.2,8.5,10.5,27,247,5,s.o.
2016,Cadillac,ATS-V,Compacte,3.6,6,AS8,Z,14.7,9.8,12.5,23,293,4,s.o.
2016,Cadillac,ATS-V,Compacte,3.6,6,M6,Z,14.2,10.2,12.4,23,289,4,s.o.
2016,Cadillac,CT6,Grande berline,2.0,4,AS8,Z,11.0,7.6,9.5,30,222,6,s.o.
2016,Cadillac,CT6 AWD,Grande berline,3.0,6,AS8,Z,13.0,9.0,11.2,25,263,5,s.o.
2016,Cadillac,CT6 AWD,Grande berline,3.6,6,AS8,X,12.8,8.7,11.0,26,257,5,s.o.
2016,Cadillac,CTS,Intermédiaire,2.0,4,AS8,Z,11.0,7.6,9.5,30,221,6,s.o.
2016,Cadillac,CTS,Intermédiaire,3.6,6,AS8,X,11.6,7.9,9.9,29,233,5,s.o.
2016,Cadillac,CTS AWD,Intermédiaire,2.0,4,AS8,Z,11.2,8.1,9.8,29,229,5,s.o.
2016,Cadillac,CTS AWD,Intermédiaire,3.6,6,AS8,X,12.2,8.5,10.5,27,247,5,s.o.
2016,Cadillac,CTS Vsport,Intermédiaire,3.6,6,AS8,Z,14.7,9.8,12.5,23,293,4,s.o.
2016,Cadillac,CTS-V,Intermédiaire,6.2,8,AS8,Z,16.6,11.1,14.1,20,332,3,s.o.
2016,Cadillac,Escalade 4WD,Véhicule utilitaire sport : ordinaire,6.2,8,A8,Z,16.0,11.2,13.9,20,325,3,s.o.
2016,Cadillac,SRX,Véhicule utilitaire sport : ordinaire,3.6,6,AS6,X,14.2,9.8,12.3,23,287,4,s.o.
2016,Cadillac,SRX AWD,Véhicule utilitaire sport : ordinaire,3.6,6,AS6,X,14.8,10.4,12.8,22,300,4,s.o.
2016,Cadillac,XTS,Grande berline,3.6,6,AS6,X,13.6,8.6,11.3,25,263,5,s.o.
2016,Cadillac,XTS AWD,Grande berline,3.6,6,AS6,X,13.9,8.9,11.6,24,273,4,s.o.
2016,Cadillac,XTS Vsport AWD,Grande berline,3.6,6,AS6,Z,15.0,10.2,12.8,22,302,4,s.o.
2016,Chevrolet,Camaro,Compacte,2.0,4,AS8,Z,10.9,7.5,9.3,30,218,6,s.o.
2016,Chevrolet,Camaro,Compacte,2.0,4,M6,Z,11.4,7.9,9.8,29,229,5,s.o.
2016,Chevrolet,Camaro,Compacte,3.6,6,AS8,X,12.3,8.5,10.6,27,248,5,s.o.
2016,Chevrolet,Camaro,Compacte,3.6,6,M6,X,13.2,8.7,11.2,25,261,5,s.o.
2016,Chevrolet,Camaro SS,Compacte,6.2,8,AS8,Z,14.2,8.4,11.6,24,272,4,s.o.
2016,Chevrolet,Camaro SS,Compacte,6.2,8,M6,Z,14.3,9.4,12.1,23,284,4,s.o.
2016,Chevrolet,City Express,Véhicule à usage spécial,2.0,4,AV,X,9.7,9.0,9.4,30,220,6,s.o.
2016,Chevrolet,Colorado,Camionnette : petite,2.5,4,A6,X,11.9,8.9,10.5,27,247,5,s.o.
2016,Chevrolet,Colorado,Camionnette : petite,2.5,4,M6,X,12.2,9.1,10.8,26,253,5,s.o.
2016,Chevrolet,Colorado,Camionnette : petite,2.8,4,A6,D,10.8,7.7,9.4,30,252,5,s.o.
2016,Chevrolet,Colorado,Camionnette : petite,3.6,6,A6,X,13.0,9.2,11.3,25,265,5,s.o.
2016,Chevrolet,Colorado 4WD,Camionnette : petite,2.5,4,A6,X,12.7,9.6,11.3,25,265,5,s.o.
2016,Chevrolet,Colorado 4WD,Camionnette : petite,2.8,4,A6,D,12.0,8.2,10.3,27,277,4,s.o.
2016,Chevrolet,Colorado 4WD,Camionnette : petite,3.6,6,A6,X,13.6,9.9,11.9,24,279,4,s.o.
2016,Chevrolet,Corvette,Deux places,6.2,8,AS8,Z,14.6,8.1,11.7,24,275,4,s.o.
2016,Chevrolet,Corvette,Deux places,6.2,8,M7,Z,13.7,8.2,11.2,25,263,5,s.o.
2016,Chevrolet,Corvette Z06,Deux places,6.2,8,AS8,Z,17.7,10.2,14.3,20,335,3,s.o.
2016,Chevrolet,Corvette Z06,Deux places,6.2,8,M7,Z,15.7,10.6,13.4,21,313,4,s.o.
2016,Chevrolet,Cruze,Compacte,1.4,4,AS6,X,7.8,5.6,6.8,42,159,8,s.o.
2016,Chevrolet,Cruze,Compacte,1.4,4,M6,X,8.2,5.8,7.1,40,167,8,s.o.
2016,Chevrolet,Cruze Premier,Compacte,1.4,4,AS6,X,7.8,5.9,6.9,41,160,8,s.o.
2016,Chevrolet,Cruze Limited,Intermédiaire,1.4,4,AS6,X,9.1,6.3,7.8,36,184,7,s.o.
2016,Chevrolet,Cruze Limited,Intermédiaire,1.4,4,M6,X,9.0,6.2,7.8,36,182,7,s.o.
2016,Chevrolet,Cruze Limited Eco,Intermédiaire,1.4,4,A6,X,9.0,6.1,7.7,37,181,7,s.o.
2016,Chevrolet,Cruze Limited Eco,Intermédiaire,1.4,4,M6,X,8.4,5.6,7.1,40,167,8,s.o.
2016,Chevrolet,Cruze Limited,Intermédiaire,1.8,4,AS6,X,10.5,6.8,8.8,32,207,6,s.o.
2016,Chevrolet,Cruze Limited,Intermédiaire,1.8,4,M6,X,9.4,6.6,8.1,35,190,7,s.o.
2016,Chevrolet,Equinox,Véhicule utilitaire sport : petit,2.4,4,A6,X,10.5,7.3,9.1,31,214,6,s.o.
2016,Chevrolet,Equinox FFV,Véhicule utilitaire sport : petit,2.4,4,A6,X,10.5,7.3,9.1,31,214,6,s.o.
2016,Chevrolet,Equinox FFV,Véhicule utilitaire sport : petit,2.4,4,A6,E,15.6,10.8,13.4,21,221,6,s.o.
2016,Chevrolet,Equinox,Véhicule utilitaire sport : petit,3.6,6,A6,X,14.2,9.5,12.1,23,285,4,s.o.
2016,Chevrolet,Equinox AWD,Véhicule utilitaire sport : petit,2.4,4,A6,X,11.5,8.2,10.0,28,235,5,s.o.
2016,Chevrolet,Equinox AWD FFV,Véhicule utilitaire sport : petit,2.4,4,A6,X,11.5,8.2,10.0,28,235,5,s.o.
2016,Chevrolet,Equinox AWD FFV,Véhicule utilitaire sport : petit,2.4,4,A6,E,16.3,11.6,14.2,20,236,5,s.o.
2016,Chevrolet,Equinox AWD,Véhicule utilitaire sport : petit,3.6,6,A6,X,14.9,10.1,12.8,22,300,4,s.o.
2016,Chevrolet,Express 2500 Passenger,Fourgon : passager,6.0,8,A6,X,22.0,14.9,18.8,15,441,1,s.o.
2016,Chevrolet,Express 3500 Passenger,Fourgon : passager,6.0,8,A6,X,23.0,16.0,19.8,14,465,1,s.o.
2016,Chevrolet,Impala,Grande berline,2.5,4,AS6,X,10.6,7.5,9.2,31,215,6,s.o.
2016,Chevrolet,Impala FFV,Grande berline,3.6,6,AS6,X,12.5,8.2,10.6,27,248,5,s.o.
2016,Chevrolet,Impala FFV,Grande berline,3.6,6,AS6,E,17.0,11.5,14.5,19,239,5,s.o.
2016,Chevrolet,Impala Dual Fuel,Intermédiaire,3.6,6,AS6,X,13.9,9.3,11.9,24,272,4,s.o.
2016,Chevrolet,Impala Dual Fuel,Intermédiaire,3.6,6,AS6,N,15.2,9.5,12.7,22,213,6,s.o.
2016,Chevrolet,Malibu,Intermédiaire,1.5,4,A6,X,8.7,6.3,7.6,37,179,7,s.o.
2016,Chevrolet,Malibu,Intermédiaire,2.0,4,AS8,Z,10.6,7.1,9.0,31,211,6,s.o.
2016,Chevrolet,Malibu Limited,Intermédiaire,2.5,4,AS6,X,10.0,7.0,8.6,33,202,6,s.o.
2016,Chevrolet,Malibu Hybrid,Intermédiaire,1.8,4,AV,X,5.0,5.1,5.1,55,122,9,s.o.
2016,Chevrolet,Silverado FFV,Camionnette : ordinaire,4.3,6,A6,X,13.5,10.0,11.9,24,280,4,s.o.
2016,Chevrolet,Silverado FFV,Camionnette : ordinaire,4.3,6,A6,E,19.3,14.4,17.1,17,284,4,s.o.
2016,Chevrolet,Silverado,Camionnette : ordinaire,5.3,8,A6,X,14.6,10.4,12.7,22,298,4,s.o.
2016,Chevrolet,Silverado FFV,Camionnette : ordinaire,5.3,8,A6,X,14.6,10.4,12.7,22,298,4,s.o.
2016,Chevrolet,Silverado FFV,Camionnette : ordinaire,5.3,8,A6,E,19.9,14.0,17.2,16,286,4,s.o.
2016,Chevrolet,Silverado,Camionnette : ordinaire,6.2,8,A8,Z,16.1,11.4,14.0,20,328,3,s.o.
2016,Chevrolet,Silverado 4WD FFV,Camionnette : ordinaire,4.3,6,A6,X,14.2,10.7,12.6,22,296,4,s.o.
2016,Chevrolet,Silverado 4WD FFV,Camionnette : ordinaire,4.3,6,A6,E,20.3,15.3,18.1,16,301,4,s.o.
2016,Chevrolet,Silverado 4WD,Camionnette : ordinaire,5.3,8,A6,X,15.0,10.7,13.1,22,307,4,s.o.
2016,Chevrolet,Silverado 4WD FFV,Camionnette : ordinaire,5.3,8,A6,X,15.0,10.7,13.1,22,306,4,s.o.
2016,Chevrolet,Silverado 4WD FFV,Camionnette : ordinaire,5.3,8,A6,E,20.5,14.4,17.8,16,295,4,s.o.
2016,Chevrolet,Silverado eAssist 4WD,Camionnette : ordinaire,5.3,8,A8,X,14.4,11.2,13.0,22,304,4,s.o.
2016,Chevrolet,Silverado 4WD,Camionnette : ordinaire,6.2,8,A8,Z,16.3,11.6,14.2,20,332,3,s.o.
2016,Chevrolet,Sonic,Compacte,1.4,4,AS6,X,9.0,6.8,8.0,35,188,7,s.o.
2016,Chevrolet,Sonic,Compacte,1.4,4,M6,X,8.5,6.2,7.5,38,175,8,s.o.
2016,Chevrolet,Sonic,Compacte,1.8,4,AS6,X,9.6,6.7,8.3,34,195,7,s.o.
2016,Chevrolet,Sonic,Compacte,1.8,4,M5,X,9.0,6.8,8.0,35,187,7,s.o.
2016,Chevrolet,Sonic RS,Compacte,1.4,4,AS6,X,9.5,7.1,8.4,34,195,7,s.o.
2016,Chevrolet,Sonic RS,Compacte,1.4,4,M6,X,8.9,7.0,8.0,35,189,7,s.o.
2016,Chevrolet,Sonic 5,Familiale : petite,1.4,4,AS6,X,9.0,6.8,8.0,35,188,7,s.o.
2016,Chevrolet,Sonic 5,Familiale : petite,1.4,4,M6,X,8.5,6.2,7.5,38,175,8,s.o.
2016,Chevrolet,Sonic 5,Familiale : petite,1.8,4,AS6,X,9.6,6.7,8.3,34,195,7,s.o.
2016,Chevrolet,Sonic 5,Familiale : petite,1.8,4,M5,X,9.0,6.8,8.0,35,187,7,s.o.
2016,Chevrolet,Sonic 5 RS,Familiale : petite,1.4,4,AS6,X,9.5,7.1,8.4,34,195,7,s.o.
2016,Chevrolet,Sonic 5 RS,Familiale : petite,1.4,4,M6,X,8.9,7.0,8.0,35,189,7,s.o.
2016,Chevrolet,Spark,Sous-compacte,1.4,4,AV,X,7.6,5.7,6.7,42,157,8,s.o.
2016,Chevrolet,Spark,Sous-compacte,1.4,4,M5,X,7.8,5.8,6.9,41,162,8,s.o.
2016,Chevrolet,Suburban,Véhicule utilitaire sport : ordinaire,5.3,8,A6,X,15.1,10.4,13.0,22,304,4,s.o.
2016,Chevrolet,Suburban FFV,Véhicule utilitaire sport : ordinaire,5.3,8,A6,X,15.1,10.4,13.0,22,304,4,s.o.
2016,Chevrolet,Suburban FFV,Véhicule utilitaire sport : ordinaire,5.3,8,A6,E,20.5,14.0,17.6,16,288,4,s.o.
2016,Chevrolet,Suburban 4WD,Véhicule utilitaire sport : ordinaire,5.3,8,A6,X,15.4,10.8,13.3,21,312,4,s.o.
2016,Chevrolet,Suburban 4WD FFV,Véhicule utilitaire sport : ordinaire,5.3,8,A6,X,15.4,10.8,13.3,21,312,4,s.o.
2016,Chevrolet,Suburban 4WD FFV,Véhicule utilitaire sport : ordinaire,5.3,8,A6,E,22.2,15.3,19.1,15,317,3,s.o.
2016,Chevrolet,Tahoe,Véhicule utilitaire sport : ordinaire,5.3,8,A6,X,15.1,10.4,13.0,22,304,4,s.o.
2016,Chevrolet,Tahoe FFV,Véhicule utilitaire sport : ordinaire,5.3,8,A6,X,15.1,10.4,13.0,22,304,4,s.o.
2016,Chevrolet,Tahoe FFV,Véhicule utilitaire sport : ordinaire,5.3,8,A6,E,20.5,14.0,17.6,16,288,4,s.o.
2016,Chevrolet,Tahoe 4WD,Véhicule utilitaire sport : ordinaire,5.3,8,A6,X,15.2,10.8,13.2,21,310,4,s.o.
2016,Chevrolet,Tahoe 4WD FFV,Véhicule utilitaire sport : ordinaire,5.3,8,A6,X,15.2,10.8,13.2,21,310,4,s.o.
2016,Chevrolet,Tahoe 4WD FFV,Véhicule utilitaire sport : ordinaire,5.3,8,A6,E,20.9,14.5,18.0,16,300,4,s.o.
2016,Chevrolet,Traverse,Véhicule utilitaire sport : ordinaire,3.6,6,A6,X,15.8,10.6,13.4,21,315,4,s.o.
2016,Chevrolet,Traverse AWD,Véhicule utilitaire sport : ordinaire,3.6,6,A6,X,16.1,10.8,13.7,21,323,3,s.o.
2016,Chevrolet,Trax,Véhicule utilitaire sport : petit,1.4,4,AS6,X,9.2,7.0,8.2,34,193,7,s.o.
2016,Chevrolet,Trax,Véhicule utilitaire sport : petit,1.4,4,M6,X,9.1,6.9,8.1,35,190,7,s.o.
2016,Chevrolet,Trax 4WD,Véhicule utilitaire sport : petit,1.4,4,AS6,X,9.7,7.6,8.7,32,205,6,s.o.
2016,Chrysler,200 FFV,Intermédiaire,2.4,4,A9,X,10.2,6.4,8.5,33,198,7,s.o.
2016,Chrysler,200 FFV,Intermédiaire,2.4,4,A9,E,13.6,8.5,11.3,25,186,7,s.o.
2016,Chrysler,200 FFV,Intermédiaire,3.6,6,A9,X,12.4,7.5,10.2,28,239,5,s.o.
2016,Chrysler,200 FFV,Intermédiaire,3.6,6,A9,E,16.5,10.1,13.6,21,225,6,s.o.
2016,Chrysler,200 AWD FFV,Intermédiaire,3.6,6,A9,X,12.8,8.1,10.7,26,250,5,s.o.
2016,Chrysler,200 AWD FFV,Intermédiaire,3.6,6,A9,E,16.9,10.8,14.1,20,232,5,s.o.
2016,Chrysler,300,Grande berline,3.6,6,A8,X,12.4,7.7,10.3,27,240,5,s.o.
2016,Chrysler,300 FFV,Grande berline,3.6,6,A8,X,12.4,7.7,10.3,27,240,5,s.o.
2016,Chrysler,300 FFV,Grande berline,3.6,6,A8,E,16.8,10.3,13.9,20,229,5,s.o.
2016,Chrysler,300 (MDS),Grande berline,5.7,8,A8,X,14.8,9.3,12.3,23,289,4,s.o.
2016,Chrysler,300 AWD,Grande berline,3.6,6,A8,X,12.8,8.6,10.9,26,257,5,s.o.
2016,Chrysler,300 AWD FFV,Grande berline,3.6,6,A8,X,12.8,8.6,10.9,26,257,5,s.o.
2016,Chrysler,300 AWD FFV,Grande berline,3.6,6,A8,E,17.3,11.7,14.8,19,243,5,s.o.
2016,Chrysler,Town & Country FFV,Fourgonnette,3.6,6,A6,X,14.1,9.5,12.0,24,282,4,s.o.
2016,Chrysler,Town & Country FFV,Fourgonnette,3.6,6,A6,E,19.7,13.3,16.8,17,279,4,s.o.
2016,Dodge,Challenger,Intermédiaire,3.6,6,A8,X,12.4,7.8,10.3,27,242,5,s.o.
2016,Dodge,Challenger (MDS),Intermédiaire,5.7,8,A8,X,14.8,9.3,12.3,23,289,4,s.o.
2016,Dodge,Challenger,Intermédiaire,5.7,8,M6,X,15.6,10.0,13.1,22,307,4,s.o.
2016,Dodge,Challenger (MDS),Intermédiaire,6.4,8,A8,Z,15.7,9.5,12.9,22,302,4,s.o.
2016,Dodge,Challenger,Intermédiaire,6.4,8,M6,Z,16.8,10.4,13.9,20,326,3,s.o.
2016,Dodge,Challenger SRT (MDS),Intermédiaire,6.4,8,A8,Z,15.7,9.5,12.9,22,302,4,s.o.
2016,Dodge,Challenger SRT,Intermédiaire,6.4,8,M6,Z,16.8,10.4,13.9,20,326,3,s.o.
2016,Dodge,Challenger SRT Hellcat,Intermédiaire,6.2,8,A8,Z,17.6,10.7,14.5,19,339,3,s.o.
2016,Dodge,Challenger SRT Hellcat,Intermédiaire,6.2,8,M6,Z,18.1,11.4,15.1,19,353,3,s.o.
2016,Dodge,Charger,Grande berline,3.6,6,A5,X,13.7,8.9,11.5,25,271,4,s.o.
2016,Dodge,Charger FFV,Grande berline,3.6,6,A5,X,13.7,8.9,11.5,25,271,4,s.o.
2016,Dodge,Charger FFV,Grande berline,3.6,6,A5,E,18.7,12.4,15.9,18,264,5,s.o.
2016,Dodge,Charger,Grande berline,3.6,6,A8,X,12.4,7.7,10.3,27,240,5,s.o.
2016,Dodge,Charger FFV,Grande berline,3.6,6,A8,X,12.4,7.7,10.3,27,240,5,s.o.
2016,Dodge,Charger FFV,Grande berline,3.6,6,A8,E,16.8,10.3,13.9,20,229,5,s.o.
2016,Dodge,Charger (MDS),Grande berline,5.7,8,A5,X,15.7,9.6,12.9,22,302,4,s.o.
2016,Dodge,Charger (MDS),Grande berline,5.7,8,A8,X,14.8,9.3,12.3,23,289,4,s.o.
2016,Dodge,Charger (MDS),Grande berline,6.4,8,A8,Z,15.7,9.5,12.9,22,302,4,s.o.
2016,Dodge,Charger AWD,Grande berline,3.6,6,A8,X,12.8,8.6,10.9,26,257,5,s.o.
2016,Dodge,Charger AWD FFV,Grande berline,3.6,6,A8,X,12.8,8.6,10.9,26,257,5,s.o.
2016,Dodge,Charger AWD FFV,Grande berline,3.6,6,A8,E,17.3,11.7,14.8,19,243,5,s.o.
2016,Dodge,Charger AWD (MDS),Grande berline,5.7,8,A5,X,16.1,10.0,13.4,21,313,4,s.o.
2016,Dodge,Charger SRT (MDS),Grande berline,6.4,8,A8,Z,15.7,9.5,12.9,22,302,4,s.o.
2016,Dodge,Charger SRT Hellcat,Grande berline,6.2,8,A8,Z,17.6,10.7,14.5,19,339,3,s.o.
2016,Dodge,Dart FFV,Intermédiaire,2.0,4,A6,X,9.9,7.0,8.6,33,201,6,s.o.
2016,Dodge,Dart FFV,Intermédiaire,2.0,4,A6,E,13.3,9.3,11.5,25,187,7,s.o.
2016,Dodge,Dart,Intermédiaire,2.0,4,M6,X,9.4,6.5,8.1,35,189,7,s.o.
2016,Dodge,Dart,Intermédiaire,2.4,4,A6,X,10.1,6.8,8.6,33,202,6,s.o.
2016,Dodge,Dart,Intermédiaire,2.4,4,M6,X,10.5,6.7,8.8,32,205,6,s.o.
2016,Dodge,Dart GT,Intermédiaire,2.4,4,A6,X,10.6,7.5,9.2,31,215,6,s.o.
2016,Dodge,Dart GT,Intermédiaire,2.4,4,M6,X,10.2,7.0,8.8,32,207,6,s.o.
2016,Dodge,Dart Turbo Aero,Intermédiaire,1.4,4,AM6,X,8.4,5.9,7.3,39,171,8,s.o.
2016,Dodge,Dart Turbo Aero,Intermédiaire,1.4,4,M6,X,8.5,5.8,7.3,39,171,8,s.o.
2016,Dodge,Durango AWD,Véhicule utilitaire sport : ordinaire,3.6,6,A8,X,12.8,9.5,11.3,25,265,5,s.o.
2016,Dodge,Durango AWD (MDS),Véhicule utilitaire sport : ordinaire,5.7,8,A8,X,16.7,10.7,14.0,20,329,3,s.o.
2016,Dodge,Grand Caravan FFV,Fourgonnette,3.6,6,A6,X,13.7,9.4,11.8,24,276,4,s.o.
2016,Dodge,Grand Caravan FFV,Fourgonnette,3.6,6,A6,E,19.2,13.1,16.4,17,269,5,s.o.
2016,Dodge,Journey,Véhicule utilitaire sport : petit,2.4,4,A4,X,12.7,9.1,11.1,25,260,5,s.o.
2016,Dodge,Journey FFV,Véhicule utilitaire sport : petit,3.6,6,A6,X,14.2,9.4,12.1,23,283,4,s.o.
2016,Dodge,Journey FFV,Véhicule utilitaire sport : petit,3.6,6,A6,E,18.9,12.9,16.2,17,270,5,s.o.
2016,Dodge,Journey AWD,Véhicule utilitaire sport : petit,3.6,6,A6,X,14.5,9.9,12.4,23,292,4,s.o.
2016,Dodge,Viper SRT,Deux places,8.4,10,M6,Z,19.2,11.3,15.6,18,364,2,s.o.
2016,FIAT,500 Cabrio,Minicompacte,1.4,4,A6,X,8.7,6.9,7.9,36,183,7,s.o.
2016,FIAT,500 Cabrio,Minicompacte,1.4,4,M5,X,7.9,6.3,7.2,39,168,8,s.o.
2016,FIAT,500 Hatchback,Minicompacte,1.4,4,A6,X,8.7,6.9,7.9,36,183,7,s.o.
2016,FIAT,500 Hatchback,Minicompacte,1.4,4,M5,X,7.6,5.9,6.8,42,160,8,s.o.
2016,FIAT,500 Hatchback Turbo,Minicompacte,1.4,4,A6,X,9.6,7.3,8.6,33,200,7,s.o.
2016,FIAT,500 Hatchback Turbo,Minicompacte,1.4,4,M5,X,8.5,6.9,7.8,36,183,7,s.o.
2016,FIAT,500 Abarth Cabrio,Minicompacte,1.4,4,A6,X,9.6,7.3,8.6,33,200,7,s.o.
2016,FIAT,500 Abarth Cabrio,Minicompacte,1.4,4,M5,X,8.5,6.9,7.8,36,183,7,s.o.
2016,FIAT,500 Abarth Hatchback,Minicompacte,1.4,4,A6,X,9.6,7.3,8.6,33,200,7,s.o.
2016,FIAT,500 Abarth Hatchback,Minicompacte,1.4,4,M5,X,8.5,6.9,7.8,36,183,7,s.o.
2016,FIAT,500L,Familiale : petite,1.4,4,A6,X,10.6,7.8,9.4,30,218,6,s.o.
2016,FIAT,500L,Familiale : petite,1.4,4,AM6,X,9.9,7.2,8.7,32,203,6,s.o.
2016,FIAT,500L,Familiale : petite,1.4,4,M6,X,9.3,7.1,8.3,34,194,7,s.o.
2016,FIAT,500X,Véhicule utilitaire sport : petit,1.4,4,M6,X,9.5,6.9,8.3,34,194,7,s.o.
2016,FIAT,500X,Véhicule utilitaire sport : petit,2.4,4,A9,X,10.6,7.6,9.3,30,217,6,s.o.
2016,FIAT,500X AWD,Véhicule utilitaire sport : petit,2.4,4,A9,X,11.0,7.9,9.6,29,224,6,s.o.
2016,Ford,C-MAX Hybrid,Grande berline,2.0,4,AV,X,5.6,6.4,6.0,47,140,9,s.o.
2016,Ford,Edge,Véhicule utilitaire sport : petit,2.0,4,AS6,X,11.5,7.8,9.8,29,231,5,s.o.
2016,Ford,Edge (Start/Stop),Véhicule utilitaire sport : petit,2.0,4,AS6,X,11.3,7.9,9.8,29,228,5,s.o.
2016,Ford,Edge,Véhicule utilitaire sport : petit,3.5,6,AS6,X,13.4,9.0,11.4,25,268,5,s.o.
2016,Ford,Edge AWD,Véhicule utilitaire sport : petit,2.0,4,AS6,X,11.8,8.4,10.3,27,240,5,s.o.
2016,Ford,Edge AWD,Véhicule utilitaire sport : petit,2.7,6,AS6,X,13.6,9.8,11.9,24,278,4,s.o.
2016,Ford,Edge AWD,Véhicule utilitaire sport : petit,3.5,6,AS6,X,13.7,9.6,11.8,24,278,4,s.o.
2016,Ford,Escape,Véhicule utilitaire sport : petit,1.6,4,AS6,X,10.1,7.4,8.9,32,208,6,s.o.
2016,Ford,Escape,Véhicule utilitaire sport : petit,2.0,4,AS6,X,10.9,7.9,9.6,29,224,6,s.o.
2016,Ford,Escape,Véhicule utilitaire sport : petit,2.5,4,AS6,X,10.9,7.6,9.4,30,220,6,s.o.
2016,Ford,Escape AWD,Véhicule utilitaire sport : petit,1.6,4,AS6,X,10.5,7.9,9.4,30,220,6,s.o.
2016,Ford,Escape AWD,Véhicule utilitaire sport : petit,2.0,4,AS6,X,11.4,8.4,10.0,28,236,5,s.o.
2016,Ford,Expedition 4X4,Véhicule utilitaire sport : ordinaire,3.5,6,AS6,X,16.2,11.9,14.3,20,334,3,s.o.
2016,Ford,Expedition EL 4X4,Véhicule utilitaire sport : ordinaire,3.5,6,AS6,X,16.4,12.1,14.4,20,338,3,s.o.
2016,Ford,Explorer,Véhicule utilitaire sport : ordinaire,2.3,4,AS6,X,12.6,8.5,10.8,26,253,5,s.o.
2016,Ford,Explorer FFV,Véhicule utilitaire sport : ordinaire,3.5,6,AS6,X,13.9,9.6,12.0,24,280,4,s.o.
2016,Ford,Explorer FFV,Véhicule utilitaire sport : ordinaire,3.5,6,AS6,E,18.7,12.9,16.1,18,264,5,s.o.
2016,Ford,Explorer AWD,Véhicule utilitaire sport : ordinaire,2.3,4,AS6,X,13.1,9.1,11.3,25,265,5,s.o.
2016,Ford,Explorer AWD,Véhicule utilitaire sport : ordinaire,3.5,6,AS6,X,14.9,10.7,13.0,22,305,4,s.o.
2016,Ford,Explorer FFV AWD,Véhicule utilitaire sport : ordinaire,3.5,6,AS6,X,14.4,10.4,12.6,22,295,4,s.o.
2016,Ford,Explorer FFV AWD,Véhicule utilitaire sport : ordinaire,3.5,6,AS6,E,19.7,14.1,17.2,16,282,4,s.o.
2016,Ford,F-150,Camionnette : ordinaire,2.7,6,AS6,X,12.3,9.2,10.9,26,256,5,s.o.
2016,Ford,F-150 (Payload Pkg),Camionnette : ordinaire,2.7,6,AS6,X,13.1,9.8,11.2,25,263,5,s.o.
2016,Ford,F-150,Camionnette : ordinaire,3.5,6,AS6,X,13.5,9.8,11.9,24,278,4,s.o.
2016,Ford,F-150 FFV,Camionnette : ordinaire,3.5,6,A6,X,13.2,9.6,11.6,24,272,4,s.o.
2016,Ford,F-150 FFV,Camionnette : ordinaire,3.5,6,A6,E,17.9,13.0,15.7,18,261,5,s.o.
2016,Ford,F-150 (Payload Pkg),Camionnette : ordinaire,3.5,6,AS6,X,14.7,10.7,12.9,22,303,4,s.o.
2016,Ford,F-150 FFV,Camionnette : ordinaire,5.0,8,AS6,X,15.3,10.6,13.2,21,309,4,s.o.
2016,Ford,F-150 FFV,Camionnette : ordinaire,5.0,8,AS6,E,20.6,14.3,17.8,16,292,4,s.o.
2016,Ford,F-150 FFV (Payload Pkg),Camionnette : ordinaire,5.0,8,AS6,X,16.8,11.8,14.5,19,341,3,s.o.
2016,Ford,F-150 FFV (Payload Pkg),Camionnette : ordinaire,5.0,8,AS6,E,20.6,14.3,17.8,16,293,4,s.o.
2016,Ford,F-150 4X4,Camionnette : ordinaire,2.7,6,AS6,X,13.1,10.1,11.7,24,275,4,s.o.
2016,Ford,F-150 4X4 (Payload Pkg),Camionnette : ordinaire,2.7,6,AS6,X,13.3,10.7,12.3,23,288,4,s.o.
2016,Ford,F-150 4X4,Camionnette : ordinaire,3.5,6,AS6,X,14.7,10.7,12.9,22,303,4,s.o.
2016,Ford,F-150 FFV 4X4,Camionnette : ordinaire,3.5,6,A6,X,14.0,10.6,12.5,23,292,4,s.o.
2016,Ford,F-150 FFV 4X4,Camionnette : ordinaire,3.5,6,A6,E,19.1,14.3,16.9,17,278,4,s.o.
2016,Ford,F-150 4X4 (Payload Pkg),Camionnette : ordinaire,3.5,6,AS6,X,15.6,11.7,13.8,20,324,3,s.o.
2016,Ford,F-150 FFV 4X4,Camionnette : ordinaire,5.0,8,AS6,X,16.0,11.3,13.8,20,324,3,s.o.
2016,Ford,F-150 FFV 4X4,Camionnette : ordinaire,5.0,8,AS6,E,21.6,15.1,18.7,15,306,4,s.o.
2016,Ford,F-150 FFV 4X4 (Payload Pkg),Camionnette : ordinaire,5.0,8,AS6,X,16.8,12.4,14.8,19,347,3,s.o.
2016,Ford,F-150 FFV 4X4 (Payload Pkg),Camionnette : ordinaire,5.0,8,AS6,E,21.8,15.3,18.8,15,310,4,s.o.
2016,Ford,Fiesta SFE,Sous-compacte,1.0,3,M5,X,7.5,5.5,6.6,43,153,8,s.o.
2016,Ford,Fiesta,Sous-compacte,1.6,4,AS6,X,8.7,6.4,7.6,37,180,7,s.o.
2016,Ford,Fiesta,Sous-compacte,1.6,4,M5,X,8.5,6.5,7.6,37,179,7,s.o.
2016,Ford,Fiesta ST,Compacte,1.6,4,M6,X,9.0,7.1,8.1,35,191,7,s.o.
2016,Ford,Flex,Véhicule utilitaire sport : ordinaire,3.5,6,AS6,X,14.7,10.2,12.7,22,298,4,s.o.
2016,Ford,Flex AWD,Véhicule utilitaire sport : ordinaire,3.5,6,AS6,X,14.7,10.7,12.9,22,303,4,s.o.
2016,Ford,Flex AWD GTDI,Véhicule utilitaire sport : ordinaire,3.5,6,AS6,X,15.7,11.2,13.7,21,322,3,s.o.
2016,Ford,Focus,Compacte,1.0,3,AS6,X,8.5,5.9,7.3,39,171,8,s.o.
2016,Ford,Focus,Compacte,1.0,3,M6,X,7.8,5.7,6.8,42,160,8,s.o.
2016,Ford,Focus FFV,Compacte,2.0,4,AM6,X,8.9,6.0,7.6,37,178,7,s.o.
2016,Ford,Focus FFV,Compacte,2.0,4,AM6,E,11.9,8.3,10.3,27,170,8,s.o.
2016,Ford,Focus FFV,Compacte,2.0,4,AS6,X,9.0,6.2,7.8,36,183,7,s.o.
2016,Ford,Focus FFV,Compacte,2.0,4,AS6,E,12.1,8.6,10.5,27,175,8,s.o.
2016,Ford,Focus FFV,Compacte,2.0,4,M5,X,9.2,6.6,8.0,35,188,7,s.o.
2016,Ford,Focus FFV,Compacte,2.0,4,M5,E,12.3,8.9,10.8,26,179,7,s.o.
2016,Ford,Focus RS AWD,Intermédiaire,2.3,4,M6,Z,12.1,9.3,10.9,26,255,5,s.o.
2016,Ford,Focus ST,Intermédiaire,2.0,4,M6,X,10.5,7.7,9.2,31,217,6,s.o.
2016,Ford,Fusion,Intermédiaire,1.5,4,AS6,X,9.9,6.5,8.4,34,197,7,s.o.
2016,Ford,Fusion (Start/Stop),Intermédiaire,1.5,4,AS6,X,9.4,6.3,8.0,35,188,7,s.o.
2016,Ford,Fusion,Intermédiaire,2.0,4,AS6,X,10.5,7.0,8.9,32,210,6,s.o.
2016,Ford,Fusion,Intermédiaire,2.5,4,AS6,X,10.5,6.9,8.9,32,209,6,s.o.
2016,Ford,Fusion AWD,Intermédiaire,2.0,4,AS6,X,10.8,7.5,9.3,30,220,6,s.o.
2016,Ford,Fusion Hybrid,Intermédiaire,2.0,4,AV,X,5.4,5.7,5.5,51,130,9,s.o.
2016,Ford,Mustang,Sous-compacte,2.3,4,AS6,X,11.0,7.4,9.4,30,219,6,s.o.
2016,Ford,Mustang,Sous-compacte,2.3,4,M6,X,10.6,7.6,9.2,31,217,6,s.o.
2016,Ford,Mustang,Sous-compacte,3.7,6,AS6,X,12.6,8.5,10.7,26,253,5,s.o.
2016,Ford,Mustang,Sous-compacte,3.7,6,M6,X,13.6,8.4,11.2,25,264,5,s.o.
2016,Ford,Mustang,Sous-compacte,5.0,8,AS6,X,14.9,9.5,12.4,23,292,4,s.o.
2016,Ford,Mustang,Sous-compacte,5.0,8,M6,X,15.5,9.4,12.7,22,298,4,s.o.
2016,Ford,Mustang Convertible,Sous-compacte,2.3,4,AS6,X,11.6,8.0,10.0,28,234,5,s.o.
2016,Ford,Mustang Convertible,Sous-compacte,5.0,8,AS6,X,15.4,10.0,13.0,22,304,4,s.o.
2016,Ford,Shelby GT350 Mustang,Sous-compacte,5.2,8,M6,Z,16.9,11.0,14.2,20,334,3,s.o.
2016,Ford,T-150 Wagon,Fourgon : passager,3.5,6,AS6,X,16.1,12.7,14.6,19,342,3,s.o.
2016,Ford,T-150 Wagon FFV,Fourgon : passager,3.7,6,AS6,X,16.8,13.2,15.2,19,356,3,s.o.
2016,Ford,T-150 Wagon FFV,Fourgon : passager,3.7,6,AS6,E,23.1,18.6,21.0,13,345,3,s.o.
2016,Ford,Taurus,Grande berline,2.0,4,AS6,X,11.8,8.1,10.1,28,237,5,s.o.
2016,Ford,Taurus FFV,Grande berline,3.5,6,AS6,X,13.1,8.7,11.1,25,260,5,s.o.
2016,Ford,Taurus FFV,Grande berline,3.5,6,AS6,E,17.6,11.6,14.9,19,248,5,s.o.
2016,Ford,Taurus AWD,Grande berline,3.5,6,AS6,X,14.7,9.8,12.5,23,293,4,s.o.
2016,Ford,Taurus FFV AWD,Grande berline,3.5,6,AS6,X,13.6,9.8,12.4,23,291,4,s.o.
2016,Ford,Taurus FFV AWD,Grande berline,3.5,6,AS6,E,18.7,13.3,16.3,17,271,4,s.o.
2016,Ford,Transit Connect Van,Véhicule à usage spécial,1.6,4,AS6,X,10.8,8.0,9.5,30,223,6,s.o.
2016,Ford,Transit Connect Van,Véhicule à usage spécial,2.5,4,AS6,X,11.9,8.6,10.4,27,243,5,s.o.
2016,Ford,Transit Connect Van FFV,Véhicule à usage spécial,2.5,4,AS6,X,11.9,8.6,10.4,27,243,5,s.o.
2016,Ford,Transit Connect Van FFV,Véhicule à usage spécial,2.5,4,AS6,E,16.1,11.8,14.2,20,233,5,s.o.
2016,Ford,Transit Connect Wagon,Véhicule à usage spécial,2.5,4,AS6,X,12.4,8.7,10.7,26,252,5,s.o.
2016,Ford,Transit Connect Wagon FFV,Véhicule à usage spécial,2.5,4,AS6,X,12.4,8.7,10.7,26,252,5,s.o.
2016,Ford,Transit Connect Wagon FFV,Véhicule à usage spécial,2.5,4,AS6,E,16.8,12.0,14.6,19,240,5,s.o.
2016,Ford,Transit Connect Wagon LWB,Véhicule à usage spécial,2.5,4,AS6,X,12.4,8.7,10.7,26,252,5,s.o.
2016,Ford,Transit Connect Wagon LWB FFV,Véhicule à usage spécial,2.5,4,AS6,X,12.4,8.7,10.7,26,252,5,s.o.
2016,Ford,Transit Connect Wagon LWB FFV,Véhicule à usage spécial,2.5,4,AS6,E,16.8,12.0,14.6,19,240,5,s.o.
2016,GMC,Acadia,Véhicule utilitaire sport : ordinaire,3.6,6,A6,X,15.8,10.6,13.4,21,315,4,s.o.
2016,GMC,Acadia AWD,Véhicule utilitaire sport : ordinaire,3.6,6,A6,X,16.1,10.8,13.7,21,323,3,s.o.
2016,GMC,Canyon,Camionnette : petite,2.5,4,A6,X,11.9,8.9,10.5,27,247,5,s.o.
2016,GMC,Canyon,Camionnette : petite,2.5,4,M6,X,12.2,9.1,10.8,26,253,5,s.o.
2016,GMC,Canyon,Camionnette : petite,2.8,4,A6,D,10.8,7.7,9.4,30,252,5,s.o.
2016,GMC,Canyon,Camionnette : petite,3.6,6,A6,X,13.0,9.2,11.3,25,265,5,s.o.
2016,GMC,Canyon 4WD,Camionnette : petite,2.5,4,A6,X,12.7,9.6,11.3,25,265,5,s.o.
2016,GMC,Canyon 4WD,Camionnette : petite,2.8,4,A6,D,12.0,8.2,10.3,27,277,4,s.o.
2016,GMC,Canyon 4WD,Camionnette : petite,3.6,6,A6,X,13.6,9.9,11.9,24,279,4,s.o.
2016,GMC,Savana 2500 Passenger,Fourgon : passager,6.0,8,A6,X,22.0,14.9,18.8,15,441,1,s.o.
2016,GMC,Savana 3500 Passenger,Fourgon : passager,6.0,8,A6,X,23.0,16.0,19.8,14,465,1,s.o.
2016,GMC,Sierra FFV,Camionnette : ordinaire,4.3,6,A6,X,13.5,10.0,11.9,24,280,4,s.o.
2016,GMC,Sierra FFV,Camionnette : ordinaire,4.3,6,A6,E,19.3,14.4,17.1,17,284,4,s.o.
2016,GMC,Sierra,Camionnette : ordinaire,5.3,8,A6,X,14.6,10.4,12.7,22,298,4,s.o.
2016,GMC,Sierra FFV,Camionnette : ordinaire,5.3,8,A6,X,14.6,10.4,12.7,22,298,4,s.o.
2016,GMC,Sierra FFV,Camionnette : ordinaire,5.3,8,A6,E,19.9,14.0,17.2,16,286,4,s.o.
2016,GMC,Sierra,Camionnette : ordinaire,6.2,8,A8,Z,16.1,11.4,14.0,20,327,3,s.o.
2016,GMC,Sierra 4WD FFV,Camionnette : ordinaire,4.3,6,A6,X,14.2,10.7,12.6,22,296,4,s.o.
2016,GMC,Sierra 4WD FFV,Camionnette : ordinaire,4.3,6,A6,E,20.3,15.3,18.1,16,301,4,s.o.
2016,GMC,Sierra 4WD,Camionnette : ordinaire,5.3,8,A6,X,15.0,10.7,13.1,22,307,4,s.o.
2016,GMC,Sierra 4WD FFV,Camionnette : ordinaire,5.3,8,A6,X,15.0,10.7,13.1,22,306,4,s.o.
2016,GMC,Sierra 4WD FFV,Camionnette : ordinaire,5.3,8,A6,E,20.5,14.4,17.8,16,295,4,s.o.
2016,GMC,Sierra eAssist 4WD,Camionnette : ordinaire,5.3,8,A8,X,14.4,11.2,13.0,22,304,4,s.o.
2016,GMC,Sierra 4WD,Camionnette : ordinaire,6.2,8,A8,Z,16.3,11.6,14.2,20,332,3,s.o.
2016,GMC,Terrain,Véhicule utilitaire sport : petit,2.4,4,A6,X,10.5,7.3,9.1,31,214,6,s.o.
2016,GMC,Terrain FFV,Véhicule utilitaire sport : petit,2.4,4,A6,X,10.5,7.3,9.1,31,214,6,s.o.
2016,GMC,Terrain FFV,Véhicule utilitaire sport : petit,2.4,4,A6,E,15.6,10.8,13.4,21,221,6,s.o.
2016,GMC,Terrain,Véhicule utilitaire sport : petit,3.6,6,A6,X,14.2,9.5,12.1,23,285,4,s.o.
2016,GMC,Terrain AWD,Véhicule utilitaire sport : petit,2.4,4,A6,X,11.5,8.2,10.0,28,235,5,s.o.
2016,GMC,Terrain AWD,Véhicule utilitaire sport : petit,3.6,6,A6,X,14.9,10.1,12.8,22,300,4,s.o.
2016,GMC,Yukon,Véhicule utilitaire sport : ordinaire,5.3,8,A6,X,15.1,10.4,13.0,22,304,4,s.o.
2016,GMC,Yukon FFV,Véhicule utilitaire sport : ordinaire,5.3,8,A6,X,15.1,10.4,13.0,22,304,4,s.o.
2016,GMC,Yukon FFV,Véhicule utilitaire sport : ordinaire,5.3,8,A6,E,20.5,14.0,17.6,16,288,4,s.o.
2016,GMC,Yukon 4WD,Véhicule utilitaire sport : ordinaire,5.3,8,A6,X,15.2,10.8,13.2,21,310,4,s.o.
2016,GMC,Yukon 4WD FFV,Véhicule utilitaire sport : ordinaire,5.3,8,A6,X,15.2,10.8,13.2,21,310,4,s.o.
2016,GMC,Yukon 4WD FFV,Véhicule utilitaire sport : ordinaire,5.3,8,A6,E,20.9,14.5,18.0,16,300,4,s.o.
2016,GMC,Yukon 4WD,Véhicule utilitaire sport : ordinaire,6.2,8,A8,Z,15.9,11.1,13.8,20,323,3,s.o.
2016,GMC,Yukon XL,Véhicule utilitaire sport : ordinaire,5.3,8,A6,X,15.1,10.4,13.0,22,304,4,s.o.
2016,GMC,Yukon XL FFV,Véhicule utilitaire sport : ordinaire,5.3,8,A6,X,15.1,10.4,13.0,22,304,4,s.o.
2016,GMC,Yukon XL FFV,Véhicule utilitaire sport : ordinaire,5.3,8,A6,E,20.5,14.0,17.6,16,288,4,s.o.
2016,GMC,Yukon XL 4WD,Véhicule utilitaire sport : ordinaire,5.3,8,A6,X,15.4,10.8,13.3,21,312,4,s.o.
2016,GMC,Yukon XL 4WD FFV,Véhicule utilitaire sport : ordinaire,5.3,8,A6,X,15.4,10.8,13.3,21,312,4,s.o.
2016,GMC,Yukon XL 4WD FFV,Véhicule utilitaire sport : ordinaire,5.3,8,A6,E,22.2,15.3,19.1,15,317,3,s.o.
2016,GMC,Yukon XL 4WD,Véhicule utilitaire sport : ordinaire,6.2,8,A8,Z,16.4,11.7,14.3,20,334,3,s.o.
2016,Honda,Accord,Intermédiaire,2.4,4,M6,X,10.3,7.2,8.9,32,207,6,s.o.
2016,Honda,Accord Coupe,Intermédiaire,3.5,6,AS6,X,11.4,7.3,9.5,30,223,6,s.o.
2016,Honda,Accord Coupe,Intermédiaire,3.5,6,M6,X,12.9,8.3,10.9,26,253,5,s.o.
2016,Honda,Accord Sedan,Intermédiaire,2.4,4,AV,X,8.6,6.4,7.6,37,177,7,s.o.
2016,Honda,Accord Sedan,Intermédiaire,3.5,6,A6,X,11.3,7.0,9.4,30,219,6,s.o.
2016,Honda,Accord Sport,Intermédiaire,2.4,4,AV7,X,9.1,6.8,8.0,35,187,7,s.o.
2016,Honda,Civic Coupe,Compacte,1.5,4,AV,X,7.5,5.6,6.7,42,155,8,s.o.
2016,Honda,Civic Coupe,Compacte,2.0,4,AV,X,7.8,5.8,6.9,41,162,8,s.o.
2016,Honda,Civic Coupe,Compacte,2.0,4,M6,X,8.9,6.1,7.7,37,179,7,s.o.
2016,Honda,Civic Sedan,Intermédiaire,1.5,4,AV,X,7.6,5.5,6.7,42,157,8,s.o.
2016,Honda,Civic Sedan,Intermédiaire,2.0,4,AV,X,7.8,5.8,6.9,41,162,8,s.o.
2016,Honda,Civic Sedan,Intermédiaire,2.0,4,M6,X,8.8,5.9,7.5,38,176,7,s.o.
2016,Honda,CR-V,Véhicule utilitaire sport : petit,2.4,4,AV,X,8.8,6.9,7.9,36,186,7,s.o.
2016,Honda,CR-V AWD,Véhicule utilitaire sport : petit,2.4,4,AV,X,9.5,7.5,8.6,33,202,6,s.o.
2016,Honda,CR-Z,Deux places,1.5,4,AV7,X,7.0,6.4,6.8,42,157,8,s.o.
2016,Honda,CR-Z,Deux places,1.5,4,M6,X,7.9,6.5,7.3,39,169,8,s.o.
2016,Honda,Fit,Familiale : petite,1.5,4,AV,X,7.0,5.7,6.4,44,150,8,s.o.
2016,Honda,Fit,Familiale : petite,1.5,4,AV7,X,7.3,6.1,6.8,42,158,8,s.o.
2016,Honda,Fit,Familiale : petite,1.5,4,M6,X,8.1,6.4,7.3,39,171,8,s.o.
2016,Honda,HR-V,Véhicule utilitaire sport : petit,1.8,4,AV,X,8.3,6.7,7.6,37,177,7,s.o.
2016,Honda,HR-V,Véhicule utilitaire sport : petit,1.8,4,AV7,X,8.3,6.7,7.6,37,177,7,s.o.
2016,Honda,HR-V,Véhicule utilitaire sport : petit,1.8,4,M6,X,9.3,7.0,8.3,34,193,7,s.o.
2016,Honda,HR-V AWD,Véhicule utilitaire sport : petit,1.8,4,AV,X,8.8,7.2,8.1,35,190,7,s.o.
2016,Honda,HR-V AWD,Véhicule utilitaire sport : petit,1.8,4,AV7,X,8.8,7.2,8.1,35,190,7,s.o.
2016,Honda,Odyssey,Fourgonnette,3.5,6,A6,X,12.3,8.5,10.6,27,250,5,s.o.
2016,Honda,Pilot,Véhicule utilitaire sport : petit,3.5,6,A6,X,12.4,8.8,10.8,26,253,5,s.o.
2016,Honda,Pilot AWD,Véhicule utilitaire sport : petit,3.5,6,A6,X,13.0,9.3,11.3,25,265,5,s.o.
2016,Honda,Pilot AWD,Véhicule utilitaire sport : petit,3.5,6,AS9,X,12.4,9.3,11.0,26,257,5,s.o.
2016,Hyundai,Accent,Compacte,1.6,4,AS6,X,8.9,6.3,7.7,37,179,7,s.o.
2016,Hyundai,Accent,Compacte,1.6,4,M6,X,8.7,6.3,7.6,37,176,7,s.o.
2016,Hyundai,Elantra,Intermédiaire,1.8,4,AS6,X,8.5,6.3,7.5,38,176,7,s.o.
2016,Hyundai,Elantra,Intermédiaire,1.8,4,M6,X,8.8,6.4,7.7,37,180,7,s.o.
2016,Hyundai,Elantra,Intermédiaire,2.0,4,AS6,X,9.7,6.7,8.3,34,194,7,s.o.
2016,Hyundai,Elantra,Intermédiaire,2.0,4,M6,X,9.8,7.0,8.5,33,198,7,s.o.
2016,Hyundai,Elantra GT,Intermédiaire,2.0,4,AS6,X,9.8,7.2,8.6,33,203,6,s.o.
2016,Hyundai,Elantra GT,Intermédiaire,2.0,4,M6,X,9.8,7.1,8.6,33,202,6,s.o.
2016,Hyundai,Equus,Grande berline,5.0,8,AS8,Z,15.8,10.2,13.3,21,312,4,s.o.
2016,Hyundai,Genesis AWD,Grande berline,3.8,6,AS8,X,14.4,9.4,12.1,23,285,4,s.o.
2016,Hyundai,Genesis AWD,Grande berline,5.0,8,AS8,Z,17.3,10.5,14.2,20,332,3,s.o.
2016,Hyundai,Genesis Coupe,Sous-compacte,3.8,6,AS8,Z,14.4,9.5,12.2,23,284,4,s.o.
2016,Hyundai,Genesis Coupe,Sous-compacte,3.8,6,M6,Z,14.1,9.6,12.1,23,283,4,s.o.
2016,Hyundai,Santa Fe,Véhicule utilitaire sport : petit,3.3,6,AS6,X,12.9,9.4,11.3,25,265,5,s.o.
2016,Hyundai,Santa Fe AWD,Véhicule utilitaire sport : petit,3.3,6,AS6,X,13.0,9.7,11.5,25,269,5,s.o.
2016,Hyundai,Santa Fe Ultimate AWD,Véhicule utilitaire sport : petit,3.3,6,AS6,X,13.9,10.8,12.5,23,295,4,s.o.
2016,Hyundai,Santa Fe Sport,Véhicule utilitaire sport : petit,2.4,4,AS6,X,11.7,8.7,10.3,27,239,5,s.o.
2016,Hyundai,Santa Fe Sport AWD,Véhicule utilitaire sport : petit,2.0,4,AS6,X,12.9,9.7,11.5,25,266,5,s.o.
2016,Hyundai,Santa Fe Sport AWD,Véhicule utilitaire sport : petit,2.4,4,AS6,X,12.5,9.3,11.1,25,257,5,s.o.
2016,Hyundai,Sonata,Grande berline,2.0,4,AS6,X,10.4,7.4,9.1,31,214,6,s.o.
2016,Hyundai,Sonata,Grande berline,2.4,4,AS6,X,9.4,6.5,8.1,35,191,7,s.o.
2016,Hyundai,Sonata Sport/Limited,Grande berline,2.4,4,AS6,X,10.0,7.0,8.6,33,204,6,s.o.
2016,Hyundai,Sonata Hybrid,Intermédiaire,2.0,4,AM6,X,5.9,5.3,5.6,50,133,9,s.o.
2016,Hyundai,Sonata Hybrid Limited,Intermédiaire,2.0,4,AM6,X,6.0,5.5,5.8,49,136,9,s.o.
2016,Hyundai,Tucson,Véhicule utilitaire sport : petit,2.0,4,AS6,X,10.1,7.6,9.0,31,211,6,s.o.
2016,Hyundai,Tucson AWD,Véhicule utilitaire sport : petit,1.6,4,AM7,X,9.9,8.4,9.2,31,219,6,s.o.
2016,Hyundai,Tucson AWD,Véhicule utilitaire sport : petit,2.0,4,AS6,X,11.0,9.0,10.1,28,240,5,s.o.
2016,Hyundai,Veloster,Compacte,1.6,4,AM6,X,8.3,6.5,7.5,38,177,7,s.o.
2016,Hyundai,Veloster,Compacte,1.6,4,M6,X,8.8,6.7,7.8,36,186,7,s.o.
2016,Hyundai,Veloster Turbo,Compacte,1.6,4,AM6,X,8.9,7.1,8.1,35,191,7,s.o.
2016,Hyundai,Veloster Turbo,Compacte,1.6,4,M6,X,9.4,7.0,8.3,34,197,7,s.o.
2016,Infiniti,Q50,Intermédiaire,2.0,4,AS7,Z,10.2,7.7,9.1,31,214,6,s.o.
2016,Infiniti,Q50,Intermédiaire,3.0,6,AS7,Z,12.1,8.1,10.3,27,242,5,s.o.
2016,Infiniti,Q50 AWD,Intermédiaire,2.0,4,AS7,Z,10.6,8.4,9.6,29,226,5,s.o.
2016,Infiniti,Q50 AWD,Intermédiaire,3.0,6,AS7,Z,12.3,8.5,10.6,27,249,5,s.o.
2016,Infiniti,Q50 Hybrid,Compacte,3.5,6,AS7,Z,8.4,6.9,7.7,37,181,7,s.o.
2016,Infiniti,Q50 Hybrid AWD,Compacte,3.5,6,AS7,Z,8.7,7.6,8.2,34,193,7,s.o.
2016,Infiniti,Q50S AWD,Intermédiaire,3.0,6,AS7,Z,12.9,9.0,11.1,25,262,5,s.o.
2016,Infiniti,Q50S Red Sport,Intermédiaire,3.0,6,AS7,Z,11.8,8.8,10.5,27,247,5,s.o.
2016,Infiniti,Q50S Red Sport AWD,Intermédiaire,3.0,6,AS7,Z,12.3,9.1,10.8,26,256,5,s.o.
2016,Infiniti,Q70 AWD,Intermédiaire,3.7,6,AS7,Z,13.2,9.7,11.6,24,274,4,s.o.
2016,Infiniti,Q70 AWD,Intermédiaire,5.6,8,AS7,Z,14.9,10.2,12.8,22,300,4,s.o.
2016,Infiniti,Q70 Hybrid,Intermédiaire,3.5,6,AS7,Z,8.0,6.9,7.5,38,177,7,s.o.
2016,Infiniti,QX50 AWD,Familiale : petite,3.7,6,AS7,Z,13.7,9.7,11.9,24,279,4,s.o.
2016,Infiniti,QX60,Véhicule utilitaire sport : petit,3.5,6,AV7,Z,11.8,8.5,10.3,27,242,5,s.o.
2016,Infiniti,QX60 AWD,Véhicule utilitaire sport : petit,3.5,6,AV7,Z,12.2,8.9,10.7,26,252,5,s.o.
2016,Infiniti,QX60 Hybrid AWD,Véhicule utilitaire sport : ordinaire,2.5,4,AV7,X,8.9,8.4,8.7,32,204,6,s.o.
2016,Infiniti,QX70 AWD,Véhicule utilitaire sport : petit,3.7,6,AS7,Z,14.5,10.7,12.8,22,301,4,s.o.
2016,Infiniti,QX80 4WD,Véhicule utilitaire sport : ordinaire,5.6,8,AS7,Z,17.4,12.2,15.1,19,354,3,s.o.
2016,Jaguar,F-TYPE Convertible,Deux places,3.0,6,AS8,Z,12.1,8.5,10.5,27,246,5,s.o.
2016,Jaguar,F-TYPE Convertible,Deux places,3.0,6,M6,Z,14.9,9.8,12.6,22,296,4,s.o.
2016,Jaguar,F-TYPE Coupe,Deux places,3.0,6,AS8,Z,12.1,8.5,10.5,27,246,5,s.o.
2016,Jaguar,F-TYPE Coupe,Deux places,3.0,6,M6,Z,14.9,9.8,12.6,22,296,4,s.o.
2016,Jaguar,F-TYPE Project 7 Convertible,Deux places,5.0,8,AS8,Z,15.0,10.2,12.8,22,302,4,s.o.
2016,Jaguar,F-TYPE R AWD Convertible,Deux places,5.0,8,AS8,Z,15.7,10.4,13.3,21,311,4,s.o.
2016,Jaguar,F-TYPE R AWD Coupe,Deux places,5.0,8,AS6,Z,15.7,10.4,13.3,21,311,4,s.o.
2016,Jaguar,F-TYPE S Convertible,Deux places,3.0,6,AS8,Z,12.5,8.7,10.8,26,254,5,s.o.
2016,Jaguar,F-TYPE S Convertible,Deux places,3.0,6,M6,Z,15.3,9.9,12.9,22,302,4,s.o.
2016,Jaguar,F-TYPE S Convertible AWD,Deux places,3.0,6,AS8,Z,13.0,9.1,11.3,25,264,5,s.o.
2016,Jaguar,F-TYPE S Coupe,Deux places,3.0,6,AS8,Z,12.5,8.7,10.8,26,254,5,s.o.
2016,Jaguar,F-TYPE S Coupe,Deux places,3.0,6,M6,Z,15.3,9.9,12.9,22,302,4,s.o.
2016,Jaguar,F-TYPE S Coupe AWD,Deux places,3.0,6,AS8,Z,13.0,9.1,11.3,25,264,5,s.o.
2016,Jaguar,XF AWD ,Intermédiaire,3.0,6,AS8,Z,11.9,8.3,10.3,27,241,5,s.o.
2016,Jaguar,XJ R-Sport 3.0 AWD,Grande berline,3.0,6,AS8,Z,14.0,8.9,11.7,24,275,4,s.o.
2016,Jaguar,XJL 3.0 AWD Portfolio,Grande berline,3.0,6,AS8,Z,14.1,9.3,11.9,24,279,4,s.o.
2016,Jaguar,XJR,Grande berline,5.0,8,AS8,Z,15.8,10.2,13.3,21,313,4,s.o.
2016,Jaguar,XJR LWB,Grande berline,5.0,8,AS8,Z,15.8,10.2,13.3,21,313,4,s.o.
2016,Jeep,Cherokee,Véhicule utilitaire sport : petit,2.4,4,A9,X,10.9,7.7,9.5,30,223,6,s.o.
2016,Jeep,Cherokee FFV,Véhicule utilitaire sport : petit,2.4,4,A9,X,10.9,7.7,9.5,30,223,6,s.o.
2016,Jeep,Cherokee FFV,Véhicule utilitaire sport : petit,2.4,4,A9,E,15.2,10.2,12.9,22,213,6,s.o.
2016,Jeep,Cherokee,Véhicule utilitaire sport : petit,3.2,6,A9,X,11.4,8.1,9.9,29,233,5,s.o.
2016,Jeep,Cherokee 4X4,Véhicule utilitaire sport : petit,2.4,4,A9,X,11.3,8.3,10.0,28,233,5,s.o.
2016,Jeep,Cherokee 4X4 FFV,Véhicule utilitaire sport : petit,2.4,4,A9,X,11.3,8.3,10.0,28,233,5,s.o.
2016,Jeep,Cherokee 4X4 FFV,Véhicule utilitaire sport : petit,2.4,4,A9,E,15.9,11.0,13.7,21,226,5,s.o.
2016,Jeep,Cherokee 4X4,Véhicule utilitaire sport : petit,3.2,6,A9,X,11.6,8.5,10.2,28,240,5,s.o.
2016,Jeep,Cherokee 4X4 Active Drive II,Véhicule utilitaire sport : petit,2.4,4,A9,X,11.4,8.6,10.1,28,238,5,s.o.
2016,Jeep,Cherokee 4X4 Active Drive II,Véhicule utilitaire sport : petit,3.2,6,A9,X,12.5,8.9,10.9,26,256,5,s.o.
2016,Jeep,Cherokee Trailhawk 4X4,Véhicule utilitaire sport : petit,2.4,4,A9,X,12.1,9.4,10.9,26,255,5,s.o.
2016,Jeep,Cherokee Trailhawk 4X4,Véhicule utilitaire sport : petit,3.2,6,A9,X,12.2,9.0,10.8,26,253,5,s.o.
2016,Jeep,Compass,Véhicule utilitaire sport : petit,2.0,4,AV,X,10.8,8.9,10.0,28,234,5,s.o.
2016,Jeep,Compass,Véhicule utilitaire sport : petit,2.0,4,M5,X,10.3,7.8,9.2,31,214,6,s.o.
2016,Jeep,Compass,Véhicule utilitaire sport : petit,2.4,4,A6,X,11.2,8.6,10.0,28,235,5,s.o.
2016,Jeep,Compass,Véhicule utilitaire sport : petit,2.4,4,M5,X,10.2,8.2,9.3,30,218,6,s.o.
2016,Jeep,Compass 4X4,Véhicule utilitaire sport : petit,2.4,4,A6,X,11.7,9.1,10.5,27,248,5,s.o.
2016,Jeep,Compass 4X4,Véhicule utilitaire sport : petit,2.4,4,M5,X,10.6,8.6,9.7,29,228,5,s.o.
2016,Jeep,Compass 4X4 Trail Rated,Véhicule utilitaire sport : petit,2.4,4,AV,X,11.7,10.3,11.1,25,259,5,s.o.
2016,Jeep,Grand Cherokee 4X4,Véhicule utilitaire sport : ordinaire,3.6,6,A8,X,12.8,9.5,11.3,25,265,5,s.o.
2016,Jeep,Grand Cherokee 4X4 (MDS),Véhicule utilitaire sport : ordinaire,5.7,8,A8,X,16.7,10.7,14.0,20,329,3,s.o.
2016,Jeep,Grand Cherokee SRT 4X4 (MDS),Véhicule utilitaire sport : ordinaire,6.4,8,A8,Z,18.5,12.6,15.8,18,370,2,s.o.
2016,Jeep,Patriot,Véhicule utilitaire sport : petit,2.0,4,AV,X,10.8,8.9,10.0,28,234,5,s.o.
2016,Jeep,Patriot,Véhicule utilitaire sport : petit,2.0,4,M5,X,10.3,7.8,9.2,31,214,6,s.o.
2016,Jeep,Patriot,Véhicule utilitaire sport : petit,2.4,4,A6,X,11.2,8.6,10.0,28,235,5,s.o.
2016,Jeep,Patriot,Véhicule utilitaire sport : petit,2.4,4,M5,X,10.2,8.2,9.3,30,218,6,s.o.
2016,Jeep,Patriot 4X4,Véhicule utilitaire sport : petit,2.4,4,A6,X,11.7,9.1,10.5,27,248,5,s.o.
2016,Jeep,Patriot 4X4,Véhicule utilitaire sport : petit,2.4,4,M5,X,10.6,8.6,9.7,29,228,5,s.o.
2016,Jeep,Patriot 4X4 Trail Rated,Véhicule utilitaire sport : petit,2.4,4,AV,X,11.7,10.3,11.1,25,259,5,s.o.
2016,Jeep,Renegade,Véhicule utilitaire sport : petit,1.4,4,M6,X,9.9,7.5,8.8,32,207,6,s.o.
2016,Jeep,Renegade FFV,Véhicule utilitaire sport : petit,2.4,4,A9,X,10.8,7.7,9.4,30,220,6,s.o.
2016,Jeep,Renegade FFV,Véhicule utilitaire sport : petit,2.4,4,A9,E,14.2,9.9,12.2,23,201,6,s.o.
2016,Jeep,Renegade 4X4,Véhicule utilitaire sport : petit,1.4,4,M6,X,9.9,7.5,8.8,32,203,6,s.o.
2016,Jeep,Renegade 4X4,Véhicule utilitaire sport : petit,2.4,4,A9,X,11.2,8.0,9.8,29,229,5,s.o.
2016,Jeep,Wrangler 4X4,Véhicule utilitaire sport : petit,3.6,6,A5,X,14.1,11.1,12.8,22,299,4,s.o.
2016,Jeep,Wrangler 4X4,Véhicule utilitaire sport : petit,3.6,6,M6,X,14.2,11.0,12.8,22,299,4,s.o.
2016,Jeep,Wrangler Unlimited 4X4,Véhicule utilitaire sport : petit,3.6,6,A5,X,14.8,11.7,13.4,21,314,4,s.o.
2016,Jeep,Wrangler Unlimited 4X4,Véhicule utilitaire sport : petit,3.6,6,M6,X,15.0,11.4,13.4,21,312,4,s.o.
2016,Kia,Cadenza,Grande berline,3.3,6,AS6,X,12.7,8.4,10.7,26,251,5,s.o.
2016,Kia,Forte,Intermédiaire,1.8,4,AS6,X,8.9,6.1,7.6,37,179,7,s.o.
2016,Kia,Forte,Intermédiaire,1.8,4,M6,X,9.3,6.3,7.9,36,186,7,s.o.
2016,Kia,Forte,Intermédiaire,2.0,4,AS6,X,9.7,6.7,8.3,34,196,7,s.o.
2016,Kia,Forte,Intermédiaire,2.0,4,M6,X,9.8,6.9,8.5,33,198,7,s.o.
2016,Kia,Forte 5,Grande berline,1.6,4,AS6,X,11.1,8.0,9.7,29,228,5,s.o.
2016,Kia,Forte 5,Grande berline,1.6,4,M6,X,11.1,8.2,9.8,29,227,5,s.o.
2016,Kia,Forte 5,Grande berline,2.0,4,AS6,X,9.5,7.2,8.5,33,199,7,s.o.
2016,Kia,Forte 5,Grande berline,2.0,4,M6,X,9.7,6.9,8.4,34,197,7,s.o.
2016,Kia,Forte Koup,Compacte,1.6,4,AS6,X,10.6,7.8,9.4,30,218,6,s.o.
2016,Kia,Forte Koup,Compacte,1.6,4,M6,X,10.8,8.1,9.6,29,222,6,s.o.
2016,Kia,Forte Koup,Compacte,2.0,4,AS6,X,9.7,7.1,8.6,33,200,7,s.o.
2016,Kia,Forte Koup,Compacte,2.0,4,M6,X,10.0,7.4,8.8,32,206,6,s.o.
2016,Kia,K900,Grande berline,3.8,6,AS8,X,13.9,9.2,11.8,24,278,4,s.o.
2016,Kia,K900,Grande berline,5.0,8,AS8,X,15.6,10.6,13.4,21,318,3,s.o.
2016,Kia,Optima,Grande berline,1.6,4,AM7,X,8.4,6.1,7.4,38,175,8,s.o.
2016,Kia,Optima,Grande berline,2.0,4,AS6,X,10.9,7.4,9.3,30,222,6,s.o.
2016,Kia,Optima,Grande berline,2.4,4,AS6,X,9.4,6.5,8.1,35,193,7,s.o.
2016,Kia,Optima Hybrid,Intermédiaire,2.4,4,AM6,X,6.6,5.9,6.3,45,147,9,s.o.
2016,Kia,Optima Hybrid EX,Intermédiaire,2.4,4,AM6,X,6.7,6.1,6.4,44,150,8,s.o.
2016,Kia,Rio,Compacte,1.6,4,AS6,X,8.7,6.3,7.7,37,178,7,s.o.
2016,Kia,Rio,Compacte,1.6,4,M6,X,8.8,6.4,7.7,37,179,7,s.o.
2016,Kia,Rio Eco,Compacte,1.6,4,AS6,X,8.5,6.3,7.6,37,175,8,s.o.
2016,Kia,Rondo,Familiale : intermédiaire,2.0,4,AS6,X,10.1,7.6,9.0,31,214,6,s.o.
2016,Kia,Rondo,Familiale : intermédiaire,2.0,4,M6,X,10.4,7.8,9.3,30,220,6,s.o.
2016,Kia,Sedona,Fourgonnette,3.3,6,AS6,X,13.2,9.7,11.6,24,275,4,s.o.
2016,Kia,Sedona SX,Fourgonnette,3.3,6,AS6,X,12.9,9.5,11.4,25,269,5,s.o.
2016,Kia,Sedona SXL,Fourgonnette,3.3,6,AS6,X,14.2,10.5,12.5,23,296,4,s.o.
2016,Kia,Sorento,Véhicule utilitaire sport : petit,2.0,4,AS6,X,11.7,8.6,10.3,27,245,5,s.o.
2016,Kia,Sorento,Véhicule utilitaire sport : petit,2.4,4,AS6,X,11.1,8.2,9.8,29,233,5,s.o.
2016,Kia,Sorento AWD,Véhicule utilitaire sport : petit,2.0,4,AS6,X,12.3,9.3,10.9,26,259,5,s.o.
2016,Kia,Sorento AWD,Véhicule utilitaire sport : petit,2.4,4,AS6,X,11.4,9.2,10.4,27,245,5,s.o.
2016,Kia,Sorento AWD,Véhicule utilitaire sport : petit,3.3,6,AS6,X,13.4,9.4,11.6,24,275,4,s.o.
2016,Kia,Soul,Familiale : petite,1.6,4,AS6,X,9.8,7.8,8.9,32,206,6,s.o.
2016,Kia,Soul,Familiale : petite,1.6,4,M6,X,9.9,7.8,9.0,31,208,6,s.o.
2016,Kia,Soul,Familiale : petite,2.0,4,AS6,X,9.8,7.5,8.8,32,208,6,s.o.
2016,Kia,Soul ECO Dynamics,Familiale : petite,2.0,4,AS6,X,9.7,7.7,8.8,32,208,6,s.o.
2016,Kia,Sportage,Véhicule utilitaire sport : petit,2.4,4,AS6,X,11.4,8.3,10.0,28,231,5,s.o.
2016,Kia,Sportage,Véhicule utilitaire sport : petit,2.4,4,M6,X,12.9,9.2,11.3,25,261,5,s.o.
2016,Kia,Sportage AWD,Véhicule utilitaire sport : petit,2.0,4,AS6,X,12.6,9.7,11.3,25,261,5,s.o.
2016,Kia,Sportage AWD,Véhicule utilitaire sport : petit,2.4,4,AS6,X,12.0,9.3,10.8,26,251,5,s.o.
2016,Lamborghini,Aventador Coupe,Deux places,6.5,12,AM7,Z,22.2,12.7,17.9,16,420,1,s.o.
2016,Lamborghini,Aventador Roadster,Deux places,6.5,12,AM7,Z,23.6,14.1,19.3,15,452,1,s.o.
2016,Lamborghini,Huracan,Deux places,5.2,10,AM7,Z,16.4,11.4,14.2,20,331,3,s.o.
2016,Lamborghini,Huracan Spyder,Deux places,5.2,10,AM7,Z,16.9,11.8,14.6,19,340,3,s.o.
2016,Land Rover,Discovery Sport,Véhicule utilitaire sport : petit,2.0,4,AS9,Z,11.9,9.0,10.6,27,248,5,s.o.
2016,Land Rover,LR4,Véhicule utilitaire sport : ordinaire,3.0,6,AS8,Z,16.2,12.1,14.3,20,336,3,s.o.
2016,Land Rover,Range Rover,Véhicule utilitaire sport : ordinaire,3.0,6,AS8,Z,14.2,10.2,12.4,23,291,4,s.o.
2016,Land Rover,Range Rover Td6 Diesel,Véhicule utilitaire sport : ordinaire,3.0,6,AS8,D,10.6,8.1,9.4,30,254,5,s.o.
2016,Land Rover,Range Rover Supercharged,Véhicule utilitaire sport : ordinaire,5.0,8,AS8,Z,17.2,12.5,15.1,19,356,3,s.o.
2016,Land Rover,Range Rover Supercharged LWB,Véhicule utilitaire sport : ordinaire,5.0,8,AS8,Z,17.2,12.5,15.1,19,356,3,s.o.
2016,Land Rover,Range Rover Sport,Véhicule utilitaire sport : ordinaire,3.0,6,AS8,Z,14.2,10.2,12.4,23,291,4,s.o.
2016,Land Rover,Range Rover Sport Td6 Diesel,Véhicule utilitaire sport : ordinaire,3.0,6,AS8,D,10.6,8.1,9.4,30,254,5,s.o.
2016,Land Rover,Range Rover Sport Supercharged,Véhicule utilitaire sport : ordinaire,5.0,8,AS8,Z,16.6,12.3,14.7,19,344,3,s.o.
2016,Land Rover,Range Rover Evoque,Véhicule utilitaire sport : petit,2.0,4,AS9,Z,11.3,7.9,9.7,29,229,5,s.o.
2016,Lexus,CT 200h,Compacte,1.8,4,AV,X,5.5,5.9,5.7,50,132,9,s.o.
2016,Lexus,ES 300h,Intermédiaire,2.5,4,AV6,X,5.8,6.1,5.9,48,139,9,s.o.
2016,Lexus,ES 350,Intermédiaire,3.5,6,AS6,X,11.4,7.6,9.7,29,225,6,s.o.
2016,Lexus,GS 200t,Intermédiaire,2.0,4,AS8,Z,10.6,7.2,9.0,31,212,6,s.o.
2016,Lexus,GS 200t F SPORT,Intermédiaire,2.0,4,AS8,Z,11.3,7.8,9.7,29,227,5,s.o.
2016,Lexus,GS 350,Intermédiaire,3.5,6,AS8,Z,11.9,8.1,10.2,28,237,5,s.o.
2016,Lexus,GS 350 AWD,Intermédiaire,3.5,6,AS6,Z,12.4,9.0,10.9,26,254,5,s.o.
2016,Lexus,GS 350 F SPORT,Intermédiaire,3.5,6,AS8,Z,12.5,8.6,10.7,26,251,5,s.o.
2016,Lexus,GS 450h,Intermédiaire,3.5,6,AV8,Z,8.1,6.9,7.6,37,177,7,s.o.
2016,Lexus,GS F,Compacte,5.0,8,AS8,Z,14.9,9.7,12.5,23,293,4,s.o.
2016,Lexus,GX 460,Véhicule utilitaire sport : ordinaire,4.6,8,AS6,Z,15.7,11.7,13.9,20,322,3,s.o.
2016,Lexus,IS 200t,Compacte,2.0,4,AS8,Z,10.6,7.2,9.0,31,212,6,s.o.
2016,Lexus,IS 300 AWD,Compacte,3.5,6,AS6,Z,12.6,9.2,11.1,25,258,5,s.o.
2016,Lexus,IS 350,Compacte,3.5,6,AS8,Z,12.3,8.5,10.6,27,246,5,s.o.
2016,Lexus,IS 350 AWD,Compacte,3.5,6,AS6,Z,12.6,9.2,11.1,25,258,5,s.o.
2016,Lexus,LS 460,Intermédiaire,4.6,8,AS8,Z,14.4,9.6,12.3,23,286,4,s.o.
2016,Lexus,LS 460 AWD,Intermédiaire,4.6,8,AS8,Z,15.2,10.2,12.9,22,303,4,s.o.
2016,Lexus,LS 460 L AWD,Intermédiaire,4.6,8,AS8,Z,15.2,10.2,12.9,22,303,4,s.o.
2016,Lexus,LS 600h L,Intermédiaire,5.0,8,AV8,Z,12.7,10.1,11.5,25,268,5,s.o.
2016,Lexus,LX 570,Véhicule utilitaire sport : ordinaire,5.7,8,AS8,Z,18.3,12.9,15.9,18,371,2,s.o.
2016,Lexus,NX 200t AWD,Véhicule utilitaire sport : petit,2.0,4,AS6,Z,10.6,8.4,9.6,29,225,6,s.o.
2016,Lexus,NX 200t AWD F SPORT,Véhicule utilitaire sport : petit,2.0,4,AS6,Z,10.8,8.8,9.9,29,231,5,s.o.
2016,Lexus,NX 300h AWD,Véhicule utilitaire sport : petit,2.5,4,AV6,X,7.1,7.7,7.4,38,172,8,s.o.
2016,Lexus,RC 200t,Sous-compacte,2.0,4,AS8,Z,10.6,7.4,9.0,31,214,6,s.o.
2016,Lexus,RC 300 AWD,Sous-compacte,3.5,6,AS6,Z,12.6,9.2,11.1,25,258,5,s.o.
2016,Lexus,RC 350,Sous-compacte,3.5,6,AS8,Z,12.3,8.5,10.6,27,246,5,s.o.
2016,Lexus,RC 350 AWD,Sous-compacte,3.5,6,AS6,Z,12.6,9.2,11.1,25,258,5,s.o.
2016,Lexus,RC F,Sous-compacte,5.0,8,AS8,Z,15.2,9.5,12.6,22,289,4,s.o.
2016,Lexus,RX 350 AWD,Véhicule utilitaire sport : petit,3.5,6,AS8,X,12.2,8.9,10.7,26,251,5,s.o.
2016,Lexus,RX 450h AWD,Véhicule utilitaire sport : ordinaire,3.5,6,AV6,Z,7.7,8.2,8.0,35,186,7,s.o.
2016,Lincoln,MKC AWD,Véhicule utilitaire sport : petit,2.0,4,AS6,X,12.4,9.0,10.9,26,256,5,s.o.
2016,Lincoln,MKC AWD,Véhicule utilitaire sport : petit,2.3,4,AS6,X,12.8,9.1,11.1,25,261,5,s.o.
2016,Lincoln,MKS AWD,Grande berline,3.5,6,AS6,X,14.7,9.8,12.5,23,293,4,s.o.
2016,Lincoln,MKS AWD,Grande berline,3.7,6,AS6,X,14.2,9.8,12.2,23,287,4,s.o.
2016,Lincoln,MKT AWD,Véhicule utilitaire sport : ordinaire,3.5,6,AS6,X,15.7,11.2,13.7,21,322,3,s.o.
2016,Lincoln,MKT Livery,Véhicule à usage spécial,2.0,4,AS6,X,13.1,9.4,11.4,25,268,5,s.o.
2016,Lincoln,MKT Livery AWD,Véhicule à usage spécial,3.7,6,A6,X,14.7,10.2,12.7,22,298,4,s.o.
2016,Lincoln,MKX AWD,Véhicule utilitaire sport : petit,2.7,6,AS6,X,14.1,9.7,12.1,23,283,4,s.o.
2016,Lincoln,MKX AWD,Véhicule utilitaire sport : petit,3.7,6,AS6,X,14.4,10.3,12.5,23,293,4,s.o.
2016,Lincoln,MKZ,Intermédiaire,2.0,4,AS6,X,10.5,7.0,8.9,32,210,6,s.o.
2016,Lincoln,MKZ,Intermédiaire,3.7,6,AS6,X,12.8,8.7,10.9,26,257,5,s.o.
2016,Lincoln,MKZ AWD,Intermédiaire,2.0,4,AS6,X,10.8,7.5,9.3,30,220,6,s.o.
2016,Lincoln,MKZ AWD,Intermédiaire,3.7,6,AS6,X,13.8,9.7,11.9,24,279,4,s.o.
2016,Lincoln,MKZ Hybrid,Intermédiaire,2.0,4,AV,X,5.7,6.0,5.8,49,136,9,s.o.
2016,Lincoln,Navigator 4X4,Véhicule utilitaire sport : ordinaire,3.5,6,AS6,X,16.2,11.9,14.3,20,334,3,s.o.
2016,Lincoln,Navigator L 4X4,Véhicule utilitaire sport : ordinaire,3.5,6,AS6,X,16.1,12.4,14.4,20,339,3,s.o.
2016,Maserati,Ghibli,Intermédiaire,3.0,6,AS8,Z,14.1,9.8,12.2,23,286,4,s.o.
2016,Maserati,Ghibli S,Intermédiaire,3.0,6,AS8,Z,14.5,10.0,12.5,23,293,4,s.o.
2016,Maserati,Ghibli SQ4,Intermédiaire,3.0,6,AS8,Z,15.0,10.0,12.6,22,295,4,s.o.
2016,Maserati,GranTurismo,Sous-compacte,4.7,8,AS6,Z,18.2,11.4,15.1,19,357,2,s.o.
2016,Maserati,GranTurismo Convertible,Sous-compacte,4.7,8,AS6,Z,18.2,11.6,15.2,19,360,2,s.o.
2016,Maserati,Quattroporte S,Grande berline,3.0,6,AS8,Z,15.2,10.2,12.9,22,300,4,s.o.
2016,Maserati,Quattroporte SQ4,Grande berline,3.0,6,AS8,Z,15.1,10.2,12.9,22,302,4,s.o.
2016,Maserati,Quattroporte GTS,Grande berline,3.8,8,AS8,Z,16.2,11.0,14.0,20,322,3,s.o.
2016,Mazda,CX-3,Compacte,2.0,4,AS6,X,8.2,6.7,7.6,37,179,7,s.o.
2016,Mazda,CX-3 4WD,Compacte,2.0,4,AS6,X,8.8,7.3,8.1,35,189,7,s.o.
2016,Mazda,CX-5,Véhicule utilitaire sport : petit,2.0,4,AS6,X,9.0,7.3,8.2,34,192,7,s.o.
2016,Mazda,CX-5 (SIL),Véhicule utilitaire sport : petit,2.0,4,M6,X,9.0,6.8,8.0,35,188,7,s.o.
2016,Mazda,CX-5,Véhicule utilitaire sport : petit,2.5,4,AS6,X,8.9,7.1,8.1,35,190,7,s.o.
2016,Mazda,CX-5 4WD,Véhicule utilitaire sport : petit,2.0,4,AS6,X,9.3,7.6,8.5,33,199,7,s.o.
2016,Mazda,CX-5 4WD,Véhicule utilitaire sport : petit,2.5,4,AS6,X,9.8,7.9,9.0,31,210,6,s.o.
2016,Mazda,Mazda3 4-Door,Compacte,2.0,4,AS6,X,7.9,5.7,6.9,41,162,8,s.o.
2016,Mazda,Mazda3 4-Door (SIL),Compacte,2.0,4,M6,X,8.0,5.8,7.0,40,165,8,s.o.
2016,Mazda,Mazda3 4-Door,Compacte,2.5,4,AS6,X,8.4,6.1,7.4,38,173,8,s.o.
2016,Mazda,Mazda3 4-Door (i-ELOOP),Compacte,2.5,4,AS6,X,8.2,5.9,7.2,39,169,8,s.o.
2016,Mazda,Mazda3 4-Door (SIL),Compacte,2.5,4,M6,X,9.3,6.4,8.0,35,189,7,s.o.
2016,Mazda,Mazda3 5-Door,Intermédiaire,2.0,4,AS6,X,8.0,5.9,7.0,40,165,8,s.o.
2016,Mazda,Mazda3 5-Door (SIL),Intermédiaire,2.0,4,M6,X,8.2,5.9,7.1,40,167,8,s.o.
2016,Mazda,Mazda3 5-Door,Intermédiaire,2.5,4,AS6,X,8.7,6.5,7.7,37,182,7,s.o.
2016,Mazda,Mazda3 5-Door (i-ELOOP),Intermédiaire,2.5,4,AS6,X,8.2,6.0,7.2,39,170,8,s.o.
2016,Mazda,Mazda3 5-Door (SIL),Intermédiaire,2.5,4,M6,X,9.2,6.6,8.1,35,190,7,s.o.
2016,Mazda,Mazda5,Fourgonnette,2.5,4,AS5,X,10.8,8.3,9.7,29,226,5,s.o.
2016,Mazda,Mazda5,Fourgonnette,2.5,4,M6,X,11.1,8.3,9.8,29,229,5,s.o.
2016,Mazda,Mazda6,Intermédiaire,2.5,4,AS6,X,8.8,6.1,7.6,37,178,7,s.o.
2016,Mazda,Mazda6 (i-ELOOP),Intermédiaire,2.5,4,AS6,X,8.5,5.9,7.3,39,171,8,s.o.
2016,Mazda,Mazda6 (SIL),Intermédiaire,2.5,4,M6,X,9.4,6.4,8.1,35,188,7,s.o.
2016,Mazda,MX-5,Deux places,2.0,4,AS6,Z,8.9,6.5,7.8,36,183,7,s.o.
2016,Mazda,MX-5 (SIL),Deux places,2.0,4,M6,Z,8.8,6.9,7.8,36,183,7,s.o.
2016,Mercedes-Benz,AMG C 63,Compacte,4.0,8,AS7,Z,13.4,9.6,11.7,24,268,5,s.o.
2016,Mercedes-Benz,AMG C 63 S,Compacte,4.0,8,AS7,Z,13.4,9.6,11.7,24,268,5,s.o.
2016,Mercedes-Benz,AMG CLA 45,Compacte,2.0,4,AS7,Z,10.2,7.7,9.1,31,214,6,s.o.
2016,Mercedes-Benz,AMG CLS 63 S 4MATIC,Compacte,5.5,8,AS7,Z,15.1,10.8,13.1,22,308,4,s.o.
2016,Mercedes-Benz,AMG E 63 S 4MATIC,Intermédiaire,5.5,8,AS7,Z,15.3,10.8,13.3,21,310,4,s.o.
2016,Mercedes-Benz,AMG E 63 S 4MATIC Wagon,Familiale : intermédiaire,5.5,8,AS7,Z,15.2,11.0,13.3,21,310,4,s.o.
2016,Mercedes-Benz,AMG G 63,Véhicule utilitaire sport : ordinaire,5.5,8,AS7,Z,20.0,16.6,18.5,15,417,1,s.o.
2016,Mercedes-Benz,AMG G 65,Véhicule utilitaire sport : ordinaire,6.0,12,AS7,Z,24.3,17.9,21.4,13,476,1,s.o.
2016,Mercedes-Benz,AMG GL 63 S,Véhicule utilitaire sport : ordinaire,5.5,8,AS7,Z,18.2,14.0,16.3,17,369,2,s.o.
2016,Mercedes-Benz,AMG GLA 45,Véhicule utilitaire sport : petit,2.0,4,AS7,Z,10.3,8.1,9.3,30,216,6,s.o.
2016,Mercedes-Benz,AMG GLE 63 S 4MATIC,Véhicule utilitaire sport : ordinaire,5.5,8,AS7,Z,17.3,13.5,15.6,18,366,2,s.o.
2016,Mercedes-Benz,AMG GLE 63 S Coupe 4MATIC,Véhicule utilitaire sport : ordinaire,5.5,8,AS7,Z,17.2,12.8,15.2,19,363,2,s.o.
2016,Mercedes-Benz,AMG GT S,Deux places,4.0,8,AM7,Z,14.5,10.8,12.8,22,303,4,s.o.
2016,Mercedes-Benz,AMG S 63,Grande berline,5.5,8,AS7,Z,15.7,10.1,13.2,21,313,4,s.o.
2016,Mercedes-Benz,AMG S 63 Coupe,Compacte,5.5,8,AS7,Z,15.3,10.2,13.0,22,313,4,s.o.
2016,Mercedes-Benz,AMG S 65,Grande berline,6.0,12,AS7,Z,18.5,11.8,15.5,18,361,2,s.o.
2016,Mercedes-Benz,AMG S 65 Coupe,Compacte,6.0,12,AS7,Z,18.0,11.3,15.0,19,355,3,s.o.
2016,Mercedes-Benz,AMG SL 63,Deux places,5.5,8,AS7,Z,14.7,9.5,12.4,23,298,4,s.o.
2016,Mercedes-Benz,AMG SL 65,Deux places,6.0,12,AS7,Z,16.7,11.2,14.2,20,335,3,s.o.
2016,Mercedes-Benz,AMG SLK 55,Deux places,5.5,8,AS7,Z,12.4,8.5,10.6,27,252,5,s.o.
2016,Mercedes-Benz,B 250,Intermédiaire,2.0,4,AS7,Z,9.2,6.6,8.0,35,188,7,s.o.
2016,Mercedes-Benz,B 250 4MATIC,Intermédiaire,2.0,4,AS7,Z,10.0,7.5,8.9,32,206,6,s.o.
2016,Mercedes-Benz,C 300 4MATIC,Compacte,2.0,4,AS7,Z,10.1,7.8,9.0,31,212,6,s.o.
2016,Mercedes-Benz,C 450 AMG Sport 4MATIC,Compacte,3.0,6,AS7,Z,11.1,9.6,10.4,27,231,5,s.o.
2016,Mercedes-Benz,CLA 250,Compacte,2.0,4,AS7,Z,9.4,6.4,8.1,35,188,7,s.o.
2016,Mercedes-Benz,CLA 250 4MATIC FFV,Compacte,2.0,4,AS7,Z,9.8,7.1,8.6,33,198,7,s.o.
2016,Mercedes-Benz,CLA 250 4MATIC FFV,Compacte,2.0,4,AS7,E,13.1,9.8,11.6,24,198,7,s.o.
2016,Mercedes-Benz,CLS 400 4MATIC,Compacte,3.0,6,AS7,Z,12.2,8.8,10.7,26,252,5,s.o.
2016,Mercedes-Benz,CLS 550 4MATIC,Compacte,4.7,8,AS7,Z,13.7,9.3,11.7,24,277,4,s.o.
2016,Mercedes-Benz,E 250 BlueTec 4MATIC,Intermédiaire,2.1,4,AS7,D,8.6,6.0,7.4,38,200,7,s.o.
2016,Mercedes-Benz,E 300 4MATIC,Intermédiaire,3.5,6,AS7,Z,11.9,8.2,10.2,28,240,5,s.o.
2016,Mercedes-Benz,E 400 4MATIC,Intermédiaire,3.0,6,AS7,Z,12.0,8.5,10.4,27,244,5,s.o.
2016,Mercedes-Benz,E 400 4MATIC Coupe,Sous-compacte,3.0,6,AS7,Z,11.8,8.4,10.2,28,239,5,s.o.
2016,Mercedes-Benz,E 400 4MATIC Wagon,Familiale : intermédiaire,3.0,6,AS7,Z,12.4,8.9,10.8,26,253,5,s.o.
2016,Mercedes-Benz,E 400 Cabriolet,Sous-compacte,3.0,6,AS7,Z,11.5,8.1,10.0,28,233,5,s.o.
2016,Mercedes-Benz,E 550 4MATIC,Intermédiaire,4.7,8,AS7,Z,12.9,9.6,11.4,25,270,5,s.o.
2016,Mercedes-Benz,E 550 Cabriolet,Sous-compacte,4.7,8,AS7,Z,13.7,9.2,11.7,24,275,4,s.o.
2016,Mercedes-Benz,E 550 Coupe,Sous-compacte,4.7,8,AS7,Z,13.4,8.9,11.4,25,268,5,s.o.
2016,Mercedes-Benz,G 550,Véhicule utilitaire sport : ordinaire,5.5,8,AS7,Z,19.0,16.5,17.9,16,401,2,s.o.
2016,Mercedes-Benz,GL 350 BlueTec 4MATIC,Véhicule utilitaire sport : ordinaire,3.0,6,AS7,D,13.6,10.0,12.0,24,322,3,s.o.
2016,Mercedes-Benz,GL 450 4MATIC,Véhicule utilitaire sport : ordinaire,3.0,6,AS7,Z,15.2,12.6,14.0,20,298,4,s.o.
2016,Mercedes-Benz,GL 550 4MATIC,Véhicule utilitaire sport : ordinaire,4.7,8,AS7,Z,17.5,13.1,15.5,18,365,2,s.o.
2016,Mercedes-Benz,GLA 250 4MATIC,Véhicule utilitaire sport : petit,2.0,4,AS7,Z,9.8,7.4,8.7,32,203,6,s.o.
2016,Mercedes-Benz,GLE 350d 4MATIC,Véhicule utilitaire sport : ordinaire,3.0,6,A9,D,10.1,8.0,9.2,31,246,5,s.o.
2016,Mercedes-Benz,GLE 350d 4MATIC Coupe,Véhicule utilitaire sport : ordinaire,3.0,6,A9,D,10.4,8.2,9.4,30,253,5,s.o.
2016,Mercedes-Benz,GLE 400 4MATIC,Véhicule utilitaire sport : ordinaire,3.0,6,AS7,Z,13.3,10.4,12.0,24,282,4,s.o.
2016,Mercedes-Benz,GLE 450 AMG Sport 4MATIC Coupe,Véhicule utilitaire sport : ordinaire,3.0,6,A9,Z,13.6,10.2,12.0,24,281,4,s.o.
2016,Mercedes-Benz,GLE 550 4MATIC,Véhicule utilitaire sport : ordinaire,4.7,8,AS7,Z,16.2,11.8,14.2,20,335,3,s.o.
2016,Mercedes-Benz,Maybach S 600,Grande berline,6.0,12,AS7,Z,18.2,11.7,15.3,18,359,2,s.o.
2016,Mercedes-Benz,Metris Cargo,Véhicule à usage spécial,2.0,4,AS7,Z,10.8,9.5,10.2,28,233,5,s.o.
2016,Mercedes-Benz,Metris Passenger,Véhicule à usage spécial,2.0,4,AS7,Z,11.5,10.2,10.9,26,248,5,s.o.
2016,Mercedes-Benz,S 400 4MATIC SWB,Intermédiaire,3.0,6,AS7,Z,12.6,8.6,10.8,26,253,5,s.o.
2016,Mercedes-Benz,S 550 4MATIC SWB,Intermédiaire,4.7,8,AS7,Z,14.7,9.1,12.2,23,294,4,s.o.
2016,Mercedes-Benz,S 550 4MATIC LWB,Grande berline,4.7,8,AS7,Z,14.8,9.8,12.5,23,287,4,s.o.
2016,Mercedes-Benz,S 550 4MATIC Coupe,Compacte,4.7,8,AS7,Z,14.4,9.8,12.3,23,289,4,s.o.
2016,Mercedes-Benz,S 600,Grande berline,6.0,12,AS7,Z,17.3,11.0,14.5,19,340,3,s.o.
2016,Mercedes-Benz,SL 550,Deux places,4.7,8,AS7,Z,14.6,9.6,12.3,23,289,4,s.o.
2016,Mercedes-Benz,SLK 300,Deux places,2.0,4,A9,Z,9.6,7.3,8.5,33,199,7,s.o.
2016,Mercedes-Benz,SLK 350,Deux places,3.5,6,AS7,Z,11.1,8.1,9.8,29,229,5,s.o.
2016,MINI,Cooper 3 Door,Sous-compacte,1.5,3,AS6,Z,8.7,6.6,7.7,37,181,7,s.o.
2016,MINI,Cooper 3 Door,Sous-compacte,1.5,3,M6,Z,8.4,6.0,7.3,39,172,8,s.o.
2016,MINI,Cooper 5 Door,Sous-compacte,1.5,3,AS6,Z,8.7,6.6,7.7,37,181,7,s.o.
2016,MINI,Cooper 5 Door,Sous-compacte,1.5,3,M6,Z,8.2,6.0,7.2,39,170,8,s.o.
2016,MINI,Cooper Clubman,Intermédiaire,1.5,3,AS6,Z,9.4,7.0,8.3,34,195,7,s.o.
2016,MINI,Cooper Clubman,Intermédiaire,1.5,3,M6,Z,9.5,6.6,8.2,34,194,7,s.o.
2016,MINI,Cooper Convertible,Minicompacte,1.5,3,AS6,Z,8.7,6.6,7.7,37,181,7,s.o.
2016,MINI,Cooper Convertible,Minicompacte,1.5,3,M6,Z,8.2,6.0,7.2,39,170,8,s.o.
2016,MINI,Cooper S 3 Door,Sous-compacte,2.0,4,AS6,Z,9.2,7.0,8.2,34,193,7,s.o.
2016,MINI,Cooper S 3 Door,Sous-compacte,2.0,4,M6,Z,10.0,7.0,8.7,32,203,6,s.o.
2016,MINI,Cooper S 5 Door,Sous-compacte,2.0,4,AS6,Z,9.2,7.0,8.2,34,193,7,s.o.
2016,MINI,Cooper S 5 Door,Sous-compacte,2.0,4,M6,Z,10.0,7.0,8.7,32,203,6,s.o.
2016,MINI,Cooper S Clubman,Intermédiaire,2.0,4,AS6,Z,9.7,7.0,8.5,33,198,7,s.o.
2016,MINI,Cooper S Clubman,Intermédiaire,2.0,4,M6,Z,10.6,7.4,9.2,31,215,6,s.o.
2016,MINI,Cooper S Convertible,Minicompacte,2.0,4,AS6,Z,9.7,7.0,8.5,33,198,7,s.o.
2016,MINI,Cooper S Convertible,Minicompacte,2.0,4,M6,Z,10.0,7.0,8.7,32,203,6,s.o.
2016,MINI,Cooper S Countryman ALL4,Compacte,1.6,4,AS6,Z,10.1,7.7,9.0,31,212,6,s.o.
2016,MINI,Cooper S Countryman ALL4,Compacte,1.6,4,M6,Z,9.4,7.6,8.6,33,201,6,s.o.
2016,MINI,Cooper S Paceman ALL4,Compacte,1.6,4,AS6,Z,10.1,7.7,9.0,31,212,6,s.o.
2016,MINI,Cooper S Paceman ALL4,Compacte,1.6,4,M6,Z,9.4,7.6,8.6,33,201,6,s.o.
2016,MINI,John Cooper Works,Sous-compacte,2.0,4,AS6,Z,9.4,7.5,8.5,33,199,7,s.o.
2016,MINI,John Cooper Works,Sous-compacte,2.0,4,M6,Z,10.4,7.7,9.2,31,214,6,s.o.
2016,MINI,John Cooper Works Countryman ALL4,Compacte,1.6,4,AS6,Z,10.1,7.7,9.0,31,212,6,s.o.
2016,MINI,John Cooper Works Countryman ALL4,Compacte,1.6,4,M6,Z,9.4,7.6,8.6,33,201,6,s.o.
2016,MINI,John Cooper Works Paceman ALL4,Compacte,1.6,4,AS6,Z,10.1,7.7,9.0,31,212,6,s.o.
2016,MINI,John Cooper Works Paceman ALL4,Compacte,1.6,4,M6,Z,9.4,7.6,8.6,33,201,6,s.o.
2016,Mitsubishi,Lancer,Compacte,2.0,4,AV6,X,8.6,6.8,7.8,36,181,7,s.o.
2016,Mitsubishi,Lancer,Compacte,2.0,4,M5,X,9.6,7.0,8.4,34,198,7,s.o.
2016,Mitsubishi,Lancer,Compacte,2.4,4,AV6,X,9.8,7.6,8.8,32,204,6,s.o.
2016,Mitsubishi,Lancer,Compacte,2.4,4,M5,X,10.5,7.7,9.2,31,217,6,s.o.
2016,Mitsubishi,Lancer 4WD,Compacte,2.4,4,AV6,X,10.2,7.8,9.1,31,210,6,s.o.
2016,Mitsubishi,Lancer Sportback,Familiale : petite,2.0,4,AV6,X,9.2,7.1,8.3,34,191,7,s.o.
2016,Mitsubishi,Lancer Sportback,Familiale : petite,2.0,4,M5,X,9.9,7.2,8.7,32,203,6,s.o.
2016,Mitsubishi,Mirage,Compacte,1.2,3,AV,X,6.4,5.3,5.9,48,139,9,s.o.
2016,Mitsubishi,Mirage,Compacte,1.2,3,M5,X,7.0,5.6,6.3,45,147,9,s.o.
2016,Mitsubishi,Outlander,Véhicule utilitaire sport : petit,2.4,4,AV6,X,9.2,7.5,8.4,34,193,7,s.o.
2016,Mitsubishi,Outlander 4WD,Véhicule utilitaire sport : petit,2.4,4,AV6,X,9.7,8.1,9.0,31,207,6,s.o.
2016,Mitsubishi,Outlander 4WD,Véhicule utilitaire sport : petit,3.0,6,AS6,Z,11.9,8.5,10.4,27,238,5,s.o.
2016,Mitsubishi,RVR,Véhicule utilitaire sport : petit,2.0,4,AV6,X,9.6,7.6,8.7,32,202,6,s.o.
2016,Mitsubishi,RVR,Véhicule utilitaire sport : petit,2.0,4,M5,X,10.3,8.0,9.3,30,214,6,s.o.
2016,Mitsubishi,RVR 4WD,Véhicule utilitaire sport : petit,2.4,4,AV6,X,10.5,8.6,9.6,29,223,6,s.o.
2016,Nissan,370Z,Deux places,3.7,6,AS7,Z,12.6,9.2,11.1,25,260,5,s.o.
2016,Nissan,370Z,Deux places,3.7,6,M6,Z,13.3,9.3,11.5,25,269,5,s.o.
2016,Nissan,370Z Roadster,Deux places,3.7,6,AS7,Z,13.1,9.6,11.5,25,270,5,s.o.
2016,Nissan,370Z Roadster,Deux places,3.7,6,M6,Z,13.6,9.7,11.8,24,278,4,s.o.
2016,Nissan,Altima,Intermédiaire,2.5,4,AV,X,8.7,6.0,7.5,38,176,7,s.o.
2016,Nissan,Altima SR,Intermédiaire,2.5,4,AV7,X,8.9,6.3,7.7,37,181,7,s.o.
2016,Nissan,Altima 3.5,Intermédiaire,3.5,6,AV7,X,10.3,7.4,9.0,31,212,6,s.o.
2016,Nissan,Frontier,Camionnette : petite,2.5,4,A5,X,13.6,10.4,12.1,23,285,4,s.o.
2016,Nissan,Frontier,Camionnette : petite,2.5,4,M5,X,12.2,10.2,11.3,25,266,5,s.o.
2016,Nissan,Frontier,Camionnette : petite,4.0,6,A5,X,14.8,10.3,12.7,22,300,4,s.o.
2016,Nissan,Frontier 4WD,Camionnette : petite,4.0,6,A5,X,15.7,11.3,13.7,21,322,3,s.o.
2016,Nissan,Frontier 4WD,Camionnette : petite,4.0,6,M6,X,15.0,11.2,13.3,21,313,4,s.o.
2016,Nissan,GT-R,Sous-compacte,3.8,6,AM6,Z,14.3,10.5,12.6,22,294,4,s.o.
2016,Nissan,Juke,Familiale : petite,1.6,4,AV7,Z,8.5,7.2,7.9,36,186,7,s.o.
2016,Nissan,Juke,Familiale : petite,1.6,4,M6,Z,8.5,6.9,7.8,36,183,7,s.o.
2016,Nissan,Juke AWD,Familiale : petite,1.6,4,AV7,Z,8.8,7.5,8.2,34,194,7,s.o.
2016,Nissan,Juke Nismo RS,Familiale : petite,1.6,4,M6,Z,8.9,7.5,8.3,34,194,7,s.o.
2016,Nissan,Juke Nismo RS AWD,Familiale : petite,1.6,4,AV8,Z,9.4,8.1,8.8,32,208,6,s.o.
2016,Nissan,Maxima,Intermédiaire,3.5,6,AV7,Z,10.9,7.8,9.5,30,223,6,s.o.
2016,Nissan,Micra,Compacte,1.6,4,A4,X,8.8,6.6,7.8,36,184,7,s.o.
2016,Nissan,Micra,Compacte,1.6,4,M5,X,8.6,6.6,7.7,37,182,7,s.o.
2016,Nissan,Murano,Familiale : intermédiaire,3.5,6,AV7,X,11.0,8.2,9.8,29,230,5,s.o.
2016,Nissan,Murano AWD,Familiale : intermédiaire,3.5,6,AV7,X,11.2,8.3,9.9,29,232,5,s.o.
2016,Nissan,NV200 Cargo Van,Véhicule à usage spécial,2.0,4,AV,X,9.7,9.0,9.4,30,220,6,s.o.
2016,Nissan,Pathfinder,Véhicule utilitaire sport : petit,3.5,6,AV,X,11.9,8.6,10.4,27,245,5,s.o.
2016,Nissan,Pathfinder 4WD,Véhicule utilitaire sport : petit,3.5,6,AV,X,12.1,8.9,10.7,26,251,5,s.o.
2016,Nissan,Pathfinder 4WD Platinum,Véhicule utilitaire sport : petit,3.5,6,AV,X,12.7,9.0,11.0,26,258,5,s.o.
2016,Nissan,Rogue,Véhicule utilitaire sport : petit,2.5,4,AV,X,9.1,7.1,8.2,34,194,7,s.o.
2016,Nissan,Rogue AWD,Véhicule utilitaire sport : petit,2.5,4,AV,X,9.5,7.4,8.6,33,201,7,s.o.
2016,Nissan,Sentra,Intermédiaire,1.8,4,AV,X,8.0,6.1,7.2,39,167,8,s.o.
2016,Nissan,Sentra,Intermédiaire,1.8,4,M6,X,8.9,6.6,7.9,36,184,7,s.o.
2016,Nissan,Versa,Intermédiaire,1.6,4,AV,X,7.5,6.0,6.8,42,161,8,s.o.
2016,Nissan,Versa,Intermédiaire,1.6,4,M5,X,8.6,6.5,7.6,37,179,7,s.o.
2016,Porsche,911 Carrera,Minicompacte,3.4,6,AM7,Z,11.6,8.4,10.1,28,238,5,s.o.
2016,Porsche,911 Carrera,Minicompacte,3.4,6,M7,Z,12.3,8.6,10.6,27,249,5,s.o.
2016,Porsche,911 Carrera 4,Minicompacte,3.4,6,AM7,Z,11.7,8.5,10.2,28,240,5,s.o.
2016,Porsche,911 Carrera 4,Minicompacte,3.4,6,M7,Z,12.3,8.7,10.7,26,251,5,s.o.
2016,Porsche,911 Carrera Cabriolet,Minicompacte,3.4,6,AM7,Z,11.5,8.4,10.1,28,236,5,s.o.
2016,Porsche,911 Carrera Cabriolet,Minicompacte,3.4,6,M7,Z,12.3,8.7,10.7,26,251,5,s.o.
2016,Porsche,911 Carrera 4 Cabriolet,Minicompacte,3.4,6,AM7,Z,11.9,8.8,10.5,27,246,5,s.o.
2016,Porsche,911 Carrera 4 Cabriolet,Minicompacte,3.4,6,M7,Z,12.5,9.0,10.9,26,257,5,s.o.
2016,Porsche,911 Carrera S,Minicompacte,3.8,6,AM7,Z,11.9,8.7,10.5,27,245,5,s.o.
2016,Porsche,911 Carrera S,Minicompacte,3.8,6,M7,Z,12.4,8.7,10.7,26,252,5,s.o.
2016,Porsche,911 Carrera 4S,Minicompacte,3.8,6,AM7,Z,12.2,8.9,10.7,26,251,5,s.o.
2016,Porsche,911 Carrera 4S,Minicompacte,3.8,6,M7,Z,12.7,8.9,11.0,26,258,5,s.o.
2016,Porsche,911 Carrera S Cabriolet,Minicompacte,3.8,6,AM7,Z,12.2,8.7,10.6,27,250,5,s.o.
2016,Porsche,911 Carrera S Cabriolet,Minicompacte,3.8,6,M7,Z,12.5,8.9,10.9,26,255,5,s.o.
2016,Porsche,911 Carrera 4S Cabriolet,Minicompacte,3.8,6,AM7,Z,12.5,9.1,11.0,26,257,5,s.o.
2016,Porsche,911 Carrera 4S Cabriolet,Minicompacte,3.8,6,M7,Z,12.9,9.2,11.2,25,262,5,s.o.
2016,Porsche,911 Carrera GTS,Minicompacte,3.8,6,AM7,Z,12.7,9.0,11.0,26,259,5,s.o.
2016,Porsche,911 Carrera GTS,Minicompacte,3.8,6,M7,Z,12.9,9.0,11.2,25,262,5,s.o.
2016,Porsche,911 Carrera 4 GTS,Minicompacte,3.8,6,AM7,Z,12.7,9.2,11.1,25,260,5,s.o.
2016,Porsche,911 Carrera 4 GTS,Minicompacte,3.8,6,M7,Z,13.0,9.2,11.3,25,265,5,s.o.
2016,Porsche,911 Carrera GTS Cabriolet,Minicompacte,3.8,6,AM7,Z,12.7,9.2,11.1,25,260,5,s.o.
2016,Porsche,911 Carrera GTS Cabriolet,Minicompacte,3.8,6,M7,Z,13.4,9.3,11.6,24,272,4,s.o.
2016,Porsche,911 Carrera 4 GTS Cabriolet,Minicompacte,3.8,6,AM7,Z,13.1,9.4,11.4,25,268,5,s.o.
2016,Porsche,911 Carrera 4 GTS Cabriolet,Minicompacte,3.8,6,M7,Z,13.4,9.3,11.6,24,272,4,s.o.
2016,Porsche,911 GT3,Deux places,3.8,6,AM7,Z,16.0,11.5,14.0,20,329,3,s.o.
2016,Porsche,911 GT3RS,Deux places,4.0,6,AM7,Z,16.3,11.8,14.3,20,334,3,s.o.
2016,Porsche,911 Targa 4,Minicompacte,3.4,6,AM7,Z,12.3,8.9,10.8,26,253,5,s.o.
2016,Porsche,911 Targa 4,Minicompacte,3.4,6,M7,Z,12.9,9.0,11.1,25,261,5,s.o.
2016,Porsche,911 Targa 4S,Minicompacte,3.8,6,AM7,Z,12.8,9.3,11.2,25,260,5,s.o.
2016,Porsche,911 Targa 4S,Minicompacte,3.8,6,M7,Z,13.1,9.2,11.4,25,267,5,s.o.
2016,Porsche,911 Turbo,Minicompacte,3.8,6,AM7,Z,13.7,9.6,11.9,24,278,4,s.o.
2016,Porsche,911 Turbo Cabriolet,Minicompacte,3.8,6,AM7,Z,13.7,9.6,11.9,24,278,4,s.o.
2016,Porsche,911 Turbo S,Minicompacte,3.8,6,AM7,Z,13.7,9.6,11.9,24,278,4,s.o.
2016,Porsche,911 Turbo S Cabriolet,Minicompacte,3.8,6,AM7,Z,13.7,9.6,11.9,24,278,4,s.o.
2016,Porsche,Boxster,Deux places,2.7,6,AM7,Z,10.7,7.4,9.2,31,217,6,s.o.
2016,Porsche,Boxster,Deux places,2.7,6,M6,Z,11.5,7.9,9.9,29,232,5,s.o.
2016,Porsche,Boxster S,Deux places,3.4,6,AM7,Z,11.3,7.9,9.8,29,230,5,s.o.
2016,Porsche,Boxster S,Deux places,3.4,6,M6,Z,11.9,8.6,10.4,27,245,5,s.o.
2016,Porsche,Boxster GTS,Deux places,3.4,6,AM7,Z,10.9,7.7,9.5,30,222,6,s.o.
2016,Porsche,Boxster GTS,Deux places,3.4,6,M6,Z,12.1,8.9,10.7,26,250,5,s.o.
2016,Porsche,Boxster Spyder,Deux places,3.8,6,M6,Z,13.1,9.9,11.6,24,272,4,s.o.
2016,Porsche,Cayenne Diesel (modified),Véhicule utilitaire sport : ordinaire,3.0,6,A8,D,11.2,8.4,9.8,29,270,5,s.o.
2016,Porsche,Cayenne,Véhicule utilitaire sport : ordinaire,3.6,6,A8,Z,13.5,9.7,11.8,24,277,4,s.o.
2016,Porsche,Cayenne S,Véhicule utilitaire sport : ordinaire,3.6,6,A8,Z,14.3,9.6,12.2,23,286,4,s.o.
2016,Porsche,Cayenne GTS,Véhicule utilitaire sport : ordinaire,3.6,6,A8,Z,14.8,10.4,12.8,22,300,4,s.o.
2016,Porsche,Cayenne Turbo,Véhicule utilitaire sport : ordinaire,4.8,8,A8,Z,16.7,11.2,14.2,20,334,3,s.o.
2016,Porsche,Cayenne Turbo S,Véhicule utilitaire sport : ordinaire,4.8,8,A8,Z,16.9,11.2,14.3,20,336,3,s.o.
2016,Porsche,Cayman,Deux places,2.7,6,AM7,Z,10.7,7.4,9.2,31,217,6,s.o.
2016,Porsche,Cayman,Deux places,2.7,6,M6,Z,11.5,7.9,9.9,29,232,5,s.o.
2016,Porsche,Cayman S,Deux places,3.4,6,AM7,Z,11.3,7.9,9.8,29,230,5,s.o.
2016,Porsche,Cayman S,Deux places,3.4,6,M6,Z,11.9,8.6,10.4,27,245,5,s.o.
2016,Porsche,Cayman GTS,Deux places,3.4,6,AM7,Z,10.9,7.7,9.5,30,222,6,s.o.
2016,Porsche,Cayman GTS,Deux places,3.4,6,M6,Z,12.1,8.9,10.7,26,250,5,s.o.
2016,Porsche,Cayman GT4,Deux places,3.8,6,M6,Z,13.3,10.1,11.8,24,277,4,s.o.
2016,Porsche,Macan S,Véhicule utilitaire sport : petit,3.0,6,A7,Z,13.7,10.3,12.2,23,285,4,s.o.
2016,Porsche,Macan Turbo,Véhicule utilitaire sport : petit,3.6,6,A7,Z,14.2,10.1,12.3,23,287,4,s.o.
2016,Porsche,Panamera,Grande berline,3.6,6,AM7,Z,12.9,8.4,10.9,26,255,5,s.o.
2016,Porsche,Panamera 4,Grande berline,3.6,6,AM7,Z,13.1,8.7,11.1,25,262,5,s.o.
2016,Porsche,Panamera S,Grande berline,3.0,6,AM7,Z,13.4,8.8,11.4,25,267,5,s.o.
2016,Porsche,Panamera 4S,Grande berline,3.0,6,AM7,Z,13.4,8.8,11.4,25,267,5,s.o.
2016,Porsche,Panamera 4S Executive,Grande berline,3.0,6,AM7,Z,13.7,8.9,11.5,25,271,4,s.o.
2016,Porsche,Panamera GTS,Grande berline,4.8,8,AM7,Z,15.1,9.7,12.7,22,298,4,s.o.
2016,Porsche,Panamera Turbo,Grande berline,4.8,8,AM7,Z,15.3,9.7,12.8,22,300,4,s.o.
2016,Porsche,Panamera Turbo Executive,Grande berline,4.8,8,AM7,Z,15.4,9.8,12.9,22,303,4,s.o.
2016,Porsche,Panamera Turbo S,Grande berline,4.8,8,AM7,Z,15.3,9.7,12.8,22,300,4,s.o.
2016,Porsche,Panamera Turbo S Executive,Grande berline,4.8,8,AM7,Z,15.4,9.8,12.9,22,303,4,s.o.
2016,Ram,1500 FFV,Camionnette : ordinaire,3.6,6,A8,X,13.9,9.5,11.9,24,279,4,s.o.
2016,Ram,1500 FFV,Camionnette : ordinaire,3.6,6,A8,E,19.4,13.6,16.8,17,279,4,s.o.
2016,Ram,1500 HFE,Camionnette : ordinaire,3.6,6,A8,X,12.9,9.3,11.3,25,264,5,s.o.
2016,Ram,1500 (MDS),Camionnette : ordinaire,5.7,8,A6,X,17.1,12.0,14.8,19,348,3,s.o.
2016,Ram,1500 (MDS),Camionnette : ordinaire,5.7,8,A8,X,15.8,10.9,13.6,21,319,3,s.o.
2016,Ram,1500 4X4 FFV,Camionnette : ordinaire,3.6,6,A8,X,14.6,10.1,12.6,22,294,4,s.o.
2016,Ram,1500 4X4 FFV,Camionnette : ordinaire,3.6,6,A8,E,20.5,14.5,17.8,16,296,4,s.o.
2016,Ram,1500 4X4 (MDS),Camionnette : ordinaire,5.7,8,A6,X,17.7,12.7,15.4,18,362,2,s.o.
2016,Ram,1500 4X4 (MDS),Camionnette : ordinaire,5.7,8,A8,X,16.2,11.5,14.1,20,330,3,s.o.
2016,Ram,ProMaster City,Véhicule à usage spécial,2.4,4,A9,X,11.2,8.1,9.8,29,231,5,s.o.
2016,Rolls-Royce,Ghost,Grande berline,6.6,12,AS8,Z,19.2,12.4,16.1,18,373,2,s.o.
2016,Rolls-Royce,Ghost EWB,Grande berline,6.6,12,AS8,Z,19.2,12.4,16.1,18,373,2,s.o.
2016,Rolls-Royce,Phantom,Grande berline,6.7,12,AS8,Z,20.9,12.7,17.2,16,403,2,s.o.
2016,Rolls-Royce,Phantom EWB,Grande berline,6.7,12,AS8,Z,20.7,12.9,17.2,16,404,2,s.o.
2016,Rolls-Royce,Phantom Coupe,Compacte,6.7,12,AS8,Z,20.9,12.7,17.2,16,403,2,s.o.
2016,Rolls-Royce,Phantom Drophead Coupe,Compacte,6.7,12,AS8,Z,20.7,12.9,17.2,16,404,2,s.o.
2016,Rolls-Royce,Wraith,Intermédiaire,6.6,12,AS8,Z,18.8,11.8,15.6,18,367,2,s.o.
2016,Scion,FR-S,Minicompacte,2.0,4,AS6,Z,9.6,7.0,8.4,34,197,7,s.o.
2016,Scion,FR-S,Minicompacte,2.0,4,M6,Z,10.9,7.9,9.6,29,224,6,s.o.
2016,Scion,iM,Intermédiaire,1.8,4,AV7,X,8.3,6.3,7.4,38,173,8,s.o.
2016,Scion,iM,Intermédiaire,1.8,4,M6,X,8.6,6.6,7.7,37,180,7,s.o.
2016,Scion,tC,Compacte,2.5,4,AS6,X,10.2,7.6,9.0,31,211,6,s.o.
2016,Scion,tC,Compacte,2.5,4,M6,X,10.2,7.7,9.0,31,210,6,s.o.
2016,smart,fortwo cabriolet,Deux places,0.9,3,AM6,Z,7.5,6.1,6.9,41,157,8,s.o.
2016,smart,fortwo coupe,Deux places,0.9,3,AM6,Z,7.5,6.1,6.9,41,157,8,s.o.
2016,Subaru,BRZ,Minicompacte,2.0,4,AS6,Z,9.6,7.0,8.4,34,197,7,s.o.
2016,Subaru,BRZ,Minicompacte,2.0,4,M6,Z,10.9,7.9,9.6,29,224,6,s.o.
2016,Subaru,Forester AWD,Véhicule utilitaire sport : petit,2.0,4,AV8,Z,10.2,8.5,9.4,30,222,6,s.o.
2016,Subaru,Forester AWD,Véhicule utilitaire sport : petit,2.5,4,AV6,X,9.6,7.5,8.7,32,204,6,s.o.
2016,Subaru,Forester AWD,Véhicule utilitaire sport : petit,2.5,4,M6,X,10.6,8.4,9.6,29,227,5,s.o.
2016,Subaru,Impreza AWD,Compacte,2.0,4,AV6,X,8.5,6.4,7.6,37,177,7,s.o.
2016,Subaru,Impreza AWD,Compacte,2.0,4,M5,X,9.5,7.0,8.4,34,197,7,s.o.
2016,Subaru,Impreza Wagon AWD,Familiale : petite,2.0,4,AV6,X,8.5,6.4,7.6,37,177,7,s.o.
2016,Subaru,Impreza Wagon AWD,Familiale : petite,2.0,4,M5,X,9.5,7.0,8.4,34,197,7,s.o.
2016,Subaru,Legacy AWD,Intermédiaire,2.5,4,AV6,X,9.0,6.5,7.9,36,185,7,s.o.
2016,Subaru,Legacy AWD,Intermédiaire,2.5,4,M6,X,10.7,7.8,9.4,30,220,6,s.o.
2016,Subaru,Legacy AWD,Intermédiaire,3.6,6,AV6,X,11.9,8.2,10.2,28,239,5,s.o.
2016,Subaru,Outback AWD,Véhicule utilitaire sport : petit,2.5,4,AV6,X,9.3,7.1,8.3,34,196,7,s.o.
2016,Subaru,Outback AWD,Véhicule utilitaire sport : petit,2.5,4,M6,X,11.0,8.2,9.7,29,228,5,s.o.
2016,Subaru,Outback AWD,Véhicule utilitaire sport : petit,3.6,6,AV6,X,12.0,8.6,10.5,27,246,5,s.o.
2016,Subaru,WRX,Compacte,2.0,4,AV8,Z,12.5,9.5,11.2,25,254,5,s.o.
2016,Subaru,WRX,Compacte,2.0,4,M6,Z,11.3,8.4,10.0,28,233,5,s.o.
2016,Subaru,WRX,Compacte,2.5,4,M6,Z,13.8,10.2,12.2,23,285,4,s.o.
2016,Subaru,XV Crosstrek AWD,Véhicule utilitaire sport : petit,2.0,4,AV6,X,9.1,7.0,8.1,35,191,7,s.o.
2016,Subaru,XV Crosstrek AWD,Véhicule utilitaire sport : petit,2.0,4,M5,X,10.2,7.7,9.1,31,214,6,s.o.
2016,Subaru,XV Crosstrek Hybrid AWD,Véhicule utilitaire sport : petit,2.0,4,AV6,X,7.9,6.9,7.5,38,175,8,s.o.
2016,Toyota,4Runner 4WD,Véhicule utilitaire sport : ordinaire,4.0,6,AS5,X,14.2,11.1,12.8,22,298,4,s.o.
2016,Toyota,4Runner 4WD (Part-Time 4WD),Véhicule utilitaire sport : ordinaire,4.0,6,AS5,X,14.2,11.1,12.8,22,298,4,s.o.
2016,Toyota,Avalon,Intermédiaire,3.5,6,AS6,X,11.4,7.6,9.7,29,225,6,s.o.
2016,Toyota,Camry,Intermédiaire,2.5,4,AS6,X,9.4,6.7,8.2,34,192,7,s.o.
2016,Toyota,Camry,Intermédiaire,3.5,6,AS6,X,11.0,7.7,9.5,30,222,6,s.o.
2016,Toyota,Camry Hybrid LE,Intermédiaire,2.5,4,AV,X,5.5,6.0,5.7,50,134,9,s.o.
2016,Toyota,Camry Hybrid XLE/SE,Intermédiaire,2.5,4,AV,X,5.7,6.0,5.9,48,137,9,s.o.
2016,Toyota,Corolla,Intermédiaire,1.8,4,A4,X,8.6,6.5,7.6,37,179,7,s.o.
2016,Toyota,Corolla,Intermédiaire,1.8,4,AV,X,8.2,6.2,7.3,39,171,8,s.o.
2016,Toyota,Corolla LE Eco (1-Mode),Intermédiaire,1.8,4,AV,X,7.7,5.6,6.8,42,160,8,s.o.
2016,Toyota,Corolla LE Eco (2-Mode),Intermédiaire,1.8,4,AV,X,7.7,6.0,6.9,41,162,8,s.o.
2016,Toyota,Corolla,Intermédiaire,1.8,4,AV7,X,7.9,6.1,7.1,40,166,8,s.o.
2016,Toyota,Corolla,Intermédiaire,1.8,4,M6,X,8.4,6.4,7.5,38,174,8,s.o.
2016,Toyota,Highlander,Véhicule utilitaire sport : petit,3.5,6,AS6,X,12.5,9.3,11.1,25,260,5,s.o.
2016,Toyota,Highlander AWD,Véhicule utilitaire sport : ordinaire,3.5,6,AS6,X,13.0,9.8,11.6,24,272,4,s.o.
2016,Toyota,Highlander Hybrid AWD,Véhicule utilitaire sport : ordinaire,3.5,6,AV6,X,8.6,8.4,8.5,33,198,7,s.o.
2016,Toyota,Highlander Hybrid AWD LE,Véhicule utilitaire sport : ordinaire,3.5,6,AV6,X,8.4,8.3,8.4,34,195,7,s.o.
2016,Toyota,Prius,Intermédiaire,1.8,4,AV,X,4.4,4.6,4.5,63,104,10,s.o.
2016,Toyota,Prius c,Compacte,1.5,4,AV,X,4.5,5.1,4.7,60,111,10,s.o.
2016,Toyota,Prius v,Familiale : intermédiaire,1.8,4,AV,X,5.4,5.8,5.6,50,131,9,s.o.
2016,Toyota,RAV4,Véhicule utilitaire sport : petit,2.5,4,AS6,X,10.1,7.7,9.0,31,212,6,s.o.
2016,Toyota,RAV4 LE/XLE,Véhicule utilitaire sport : petit,2.5,4,AS6,X,10.0,7.6,8.9,32,208,6,s.o.
2016,Toyota,RAV4 AWD,Véhicule utilitaire sport : petit,2.5,4,AS6,X,10.5,8.2,9.5,30,220,6,s.o.
2016,Toyota,RAV4 Limited/SE AWD,Véhicule utilitaire sport : petit,2.5,4,AS6,X,10.6,8.1,9.4,30,220,6,s.o.
2016,Toyota,RAV4 Hybrid AWD,Véhicule utilitaire sport : petit,2.5,4,AV6,X,6.9,7.6,7.2,39,169,8,s.o.
2016,Toyota,Sequoia 4WD,Véhicule utilitaire sport : ordinaire,5.7,8,AS6,X,18.8,14.0,16.6,17,382,2,s.o.
2016,Toyota,Sienna,Fourgonnette,3.5,6,AS6,X,13.0,9.5,11.4,25,267,5,s.o.
2016,Toyota,Sienna AWD,Fourgonnette,3.5,6,AS6,X,14.4,10.2,12.5,23,290,4,s.o.
2016,Toyota,Tacoma,Camionnette : petite,2.7,4,AS6,X,12.0,10.0,11.1,25,261,5,s.o.
2016,Toyota,Tacoma,Camionnette : petite,3.5,6,AS6,X,12.6,10.0,11.4,25,267,5,s.o.
2016,Toyota,Tacoma 4WD,Camionnette : petite,2.7,4,AS6,X,12.7,10.5,11.7,24,274,4,s.o.
2016,Toyota,Tacoma 4WD,Camionnette : petite,2.7,4,M5,X,12.4,11.4,11.9,24,279,4,s.o.
2016,Toyota,Tacoma 4WD,Camionnette : petite,3.5,6,AS6,X,13.1,10.5,11.9,24,280,4,s.o.
2016,Toyota,Tacoma 4WD,Camionnette : petite,3.5,6,M6,X,13.6,11.2,12.5,23,292,4,s.o.
2016,Toyota,Tacoma 4WD D-Cab Off-Road,Camionnette : petite,3.5,6,M6,X,13.8,11.7,12.9,22,300,4,s.o.
2016,Toyota,Tundra,Camionnette : ordinaire,4.6,8,AS6,X,15.9,12.3,14.3,20,335,3,s.o.
2016,Toyota,Tundra,Camionnette : ordinaire,5.7,8,AS6,X,17.3,13.0,15.4,18,360,2,s.o.
2016,Toyota,Tundra 4WD,Camionnette : ordinaire,4.6,8,AS6,X,16.9,12.9,15.1,19,351,3,s.o.
2016,Toyota,Tundra 4WD,Camionnette : ordinaire,5.7,8,AS6,X,18.2,14.1,16.3,17,380,2,s.o.
2016,Toyota,Venza,Véhicule utilitaire sport : petit,2.7,4,AS6,X,11.6,9.0,10.4,27,244,5,s.o.
2016,Toyota,Venza,Véhicule utilitaire sport : petit,3.5,6,AS6,X,12.5,9.0,10.9,26,256,5,s.o.
2016,Toyota,Venza 4WD,Véhicule utilitaire sport : petit,2.7,4,AS6,X,11.6,9.2,10.5,27,241,5,s.o.
2016,Toyota,Venza 4WD,Véhicule utilitaire sport : petit,3.5,6,AS6,X,12.8,9.3,11.3,25,263,5,s.o.
2016,Toyota,Yaris,Compacte,1.5,4,AS6,X,7.2,5.6,6.4,44,151,8,s.o.
2016,Toyota,Yaris (SIL),Compacte,1.5,4,M6,X,7.6,5.7,6.7,42,157,8,s.o.
2016,Toyota,Yaris Hatchback,Compacte,1.5,4,A4,X,7.8,6.6,7.3,39,170,8,s.o.
2016,Toyota,Yaris Hatchback,Compacte,1.5,4,M5,X,7.7,6.3,7.1,40,165,8,s.o.
2016,Volkswagen,Beetle,Compacte,1.8,4,AS6,X,9.6,7.0,8.4,34,196,7,s.o.
2016,Volkswagen,Beetle,Compacte,1.8,4,M5,X,9.5,6.9,8.4,34,196,7,s.o.
2016,Volkswagen,Beetle Dune,Compacte,1.8,4,AS6,X,9.7,7.5,8.7,32,203,6,s.o.
2016,Volkswagen,Beetle Convertible,Sous-compacte,1.8,4,AS6,X,9.6,7.0,8.4,34,196,7,s.o.
2016,Volkswagen,CC,Compacte,2.0,4,AM6,Z,10.7,7.7,9.3,30,217,6,s.o.
2016,Volkswagen,Golf,Compacte,1.8,4,AS6,X,9.3,6.5,8.1,35,189,7,s.o.
2016,Volkswagen,Golf,Compacte,1.8,4,M5,X,9.3,6.4,8.0,35,187,7,s.o.
2016,Volkswagen,Golf GTI,Compacte,2.0,4,AM6,X,9.5,7.2,8.5,33,198,7,s.o.
2016,Volkswagen,Golf GTI,Compacte,2.0,4,M6,X,9.4,6.9,8.3,34,193,7,s.o.
2016,Volkswagen,Golf R,Compacte,2.0,4,AM6,Z,10.4,7.9,9.3,30,216,6,s.o.
2016,Volkswagen,Golf R,Compacte,2.0,4,M6,Z,10.9,7.7,9.4,30,220,6,s.o.
2016,Volkswagen,Golf Sportwagon,Familiale : petite,1.8,4,AS6,X,9.4,6.8,8.2,34,193,7,s.o.
2016,Volkswagen,Golf Sportwagon,Familiale : petite,1.8,4,M5,X,9.5,6.6,8.2,34,192,7,s.o.
2016,Volkswagen,Jetta,Compacte,1.4,4,AS6,X,8.5,6.0,7.3,39,173,8,s.o.
2016,Volkswagen,Jetta,Compacte,1.4,4,M5,X,8.3,5.9,7.2,39,168,8,s.o.
2016,Volkswagen,Jetta,Compacte,1.8,4,AS6,X,9.2,6.4,8.0,35,186,7,s.o.
2016,Volkswagen,Jetta,Compacte,1.8,4,M5,X,9.4,6.4,8.1,35,189,7,s.o.
2016,Volkswagen,Jetta,Compacte,2.0,4,AM6,X,9.8,7.0,8.6,33,201,7,s.o.
2016,Volkswagen,Jetta,Compacte,2.0,4,M6,X,10.1,7.2,8.8,32,207,6,s.o.
2016,Volkswagen,Jetta Hybrid,Compacte,1.4,4,AM7,Z,5.7,4.9,5.3,53,124,9,s.o.
2016,Volkswagen,Passat,Intermédiaire,1.8,4,AS6,X,9.4,6.3,8.0,35,187,7,s.o.
2016,Volkswagen,Passat,Intermédiaire,1.8,4,M6,X,9.5,6.4,8.1,35,189,7,s.o.
2016,Volkswagen,Passat,Intermédiaire,3.6,6,AM6,X,11.9,8.5,10.4,27,243,5,s.o.
2016,Volkswagen,Tiguan,Véhicule utilitaire sport : petit,2.0,4,AS6,Z,11.7,9.5,10.7,26,251,5,s.o.
2016,Volkswagen,Tiguan,Véhicule utilitaire sport : petit,2.0,4,M6,Z,13.0,9.0,11.2,25,259,5,s.o.
2016,Volkswagen,Tiguan 4MOTION,Véhicule utilitaire sport : petit,2.0,4,AS6,Z,11.6,9.3,10.6,27,248,5,s.o.
2016,Volkswagen,Touareg TDI (modified),Véhicule utilitaire sport : ordinaire,3.0,6,AS8,D,11.2,8.4,9.8,29,270,5,s.o.
2016,Volkswagen,Touareg,Véhicule utilitaire sport : ordinaire,3.6,6,AS8,X,14.1,10.4,12.4,23,292,4,s.o.
2016,Volvo,S60 T5,Compacte,2.0,4,AS8,X,9.6,6.7,8.3,34,193,7,s.o.
2016,Volvo,S60 T5 AWD,Compacte,2.5,5,AS6,X,11.6,8.2,10.1,28,233,5,s.o.
2016,Volvo,S60 Inscription,Compacte,2.0,4,AS8,X,9.6,6.7,8.3,34,193,7,s.o.
2016,Volvo,S60 Inscription T5 AWD,Compacte,2.5,5,AS6,X,11.6,8.2,10.1,28,233,5,s.o.
2016,Volvo,S60 T6,Compacte,2.0,4,AS8,Z,10.6,7.7,9.3,30,218,6,s.o.
2016,Volvo,S60 T6 AWD,Compacte,2.0,4,AS8,Z,11.3,8.2,9.9,29,231,5,s.o.
2016,Volvo,S60 Polestar,Compacte,3.0,6,AS6,X,13.0,9.0,11.2,25,259,5,s.o.
2016,Volvo,S60 3.0T AWD,Compacte,3.0,6,AS6,X,13.0,9.0,11.2,25,259,5,s.o.
2016,Volvo,S60 CC T5 AWD,Compacte,2.5,5,AS6,X,11.8,8.6,10.3,27,239,5,s.o.
2016,Volvo,S80 T5,Intermédiaire,2.0,4,AS8,X,9.6,6.7,8.3,34,193,7,s.o.
2016,Volvo,V60 T5,Familiale : petite,2.0,4,AS8,X,9.6,6.7,8.3,34,193,7,s.o.
2016,Volvo,V60 T5 AWD,Familiale : petite,2.5,5,AS6,X,11.6,8.2,10.1,28,233,5,s.o.
2016,Volvo,V60 T6 AWD,Familiale : petite,2.0,4,AS8,Z,11.3,8.2,9.9,29,231,5,s.o.
2016,Volvo,V60 Polestar,Familiale : petite,3.0,6,AS6,X,13.0,9.0,11.2,25,259,5,s.o.
2016,Volvo,V60 3.0T AWD,Familiale : petite,3.0,6,AS6,X,13.0,9.0,11.2,25,259,5,s.o.
2016,Volvo,V60 CC T5 AWD,Familiale : petite,2.5,5,AS6,X,11.8,8.6,10.3,27,239,5,s.o.
2016,Volvo,XC60 T5,Véhicule utilitaire sport : petit,2.0,4,AS8,X,10.3,7.6,9.1,31,213,6,s.o.
2016,Volvo,XC60 T5 AWD,Véhicule utilitaire sport : petit,2.5,5,AS6,X,12.5,9.2,11.0,26,254,5,s.o.
2016,Volvo,XC60 T6,Véhicule utilitaire sport : petit,2.0,4,AS8,Z,11.0,8.1,9.7,29,226,6,s.o.
2016,Volvo,XC60 T6 AWD,Véhicule utilitaire sport : petit,2.0,4,AS8,Z,11.8,9.1,10.6,27,247,5,s.o.
2016,Volvo,XC60 3.0T AWD,Véhicule utilitaire sport : petit,3.0,6,AS6,X,13.7,10.1,12.0,24,276,4,s.o.
2016,Volvo,XC70 T5,Véhicule utilitaire sport : petit,2.0,4,AS8,X,10.3,7.6,9.1,31,213,6,s.o.
2016,Volvo,XC70 T5 AWD,Véhicule utilitaire sport : petit,2.5,5,AS6,X,12.5,9.2,11.0,26,254,5,s.o.
2016,Volvo,XC90 T5,Véhicule utilitaire sport : ordinaire,2.0,4,AS8,Z,10.6,9.1,10.0,28,232,5,s.o.
2016,Volvo,XC90 T5 AWD,Véhicule utilitaire sport : ordinaire,2.0,4,AS8,Z,10.8,9.5,10.2,28,239,5,s.o.
2016,Volvo,XC90 T6 AWD,Véhicule utilitaire sport : ordinaire,2.0,4,AS8,Z,11.5,9.5,10.6,27,247,5,s.o.
2017,Acura,ILX,Compacte,2.4,4,AM8,Z,9.4,6.8,8.2,34,192,7,6
2017,Acura,MDX Hybrid AWD,Véhicule utilitaire sport : petit,3.0,6,AM7,Z,9.1,9.0,9.0,31,210,6,6
2017,Acura,MDX SH-AWD,Véhicule utilitaire sport : petit,3.5,6,AS9,Z,12.6,9.0,11.0,26,259,4,6
2017,Acura,MDX SH-AWD Elite,Véhicule utilitaire sport : petit,3.5,6,AS9,Z,12.2,9.0,10.7,26,251,5,6
2017,Acura,NSX,Deux places,3.5,6,AM9,Z,11.1,10.8,11.0,26,261,4,6
2017,Acura,RDX AWD,Véhicule utilitaire sport : petit,3.5,6,AS6,Z,12.4,8.7,10.7,26,250,5,6
2017,Acura,RLX Hybrid,Intermédiaire,3.5,6,AM7,Z,8.2,7.8,8.1,35,190,7,8
2017,Acura,TLX,Compacte,2.4,4,AM8,Z,9.6,6.6,8.3,34,197,6,6
2017,Acura,TLX SH-AWD,Compacte,3.5,6,AS9,Z,11.2,7.5,9.6,29,226,5,6
2017,Alfa Romeo,4C,Deux places,1.8,4,AM6,Z,9.7,6.9,8.4,34,197,6,5
2017,Alfa Romeo,4C Spider,Deux places,1.8,4,AM6,Z,9.7,6.9,8.4,34,197,6,5
2017,Alfa Romeo,Giulia,Intermédiaire,2.0,4,A8,Z,10.0,7.2,8.7,32,205,6,6
2017,Alfa Romeo,Giulia AWD,Intermédiaire,2.0,4,A8,Z,10.5,7.7,9.2,31,217,6,6
2017,Alfa Romeo,Giulia Quadrifoglio,Intermédiaire,2.9,6,A8,Z,13.8,9.6,11.9,24,280,4,6
2017,Aston Martin,DB11 V12,Minicompacte,5.2,12,A8,Z,15.5,11.4,13.7,21,322,3,6
2017,Aston Martin,Rapide S,Sous-compacte,6.0,12,A8,Z,16.7,10.9,14.1,20,331,3,6
2017,Aston Martin,Vanquish,Minicompacte,6.0,12,A8,Z,17.5,11.4,14.7,19,345,2,6
2017,Aston Martin,V12 Vantage S,Deux places,6.0,12,AM7,Z,19.4,12.8,16.4,17,388,1,6
2017,Aston Martin,V12 Vantage S,Deux places,6.0,12,M7,Z,23.2,14.4,19.2,15,450,1,6
2017,Audi,A3,Sous-compacte,2.0,4,AM7,X,9.1,6.8,8.0,35,188,7,8
2017,Audi,A3 quattro,Sous-compacte,2.0,4,AM6,X,9.7,7.5,8.7,32,205,6,8
2017,Audi,A3 Cabriolet quattro,Sous-compacte,2.0,4,AM6,X,10.8,8.0,9.5,30,223,5,8
2017,Audi,A4 Ultra,Compacte,2.0,4,AM7,Z,8.6,6.4,7.6,37,177,7,6
2017,Audi,A4 quattro,Compacte,2.0,4,AM7,Z,9.8,7.7,8.8,32,205,6,6
2017,Audi,A4 quattro,Compacte,2.0,4,M6,Z,9.9,7.0,8.6,33,204,6,6
2017,Audi,A4 allroad quattro,Familiale : petite,2.0,4,AM7,Z,10.2,8.3,9.3,30,217,6,6
2017,Audi,A5 quattro,Sous-compacte,2.0,4,AS8,Z,11.0,8.0,9.7,29,226,5,6
2017,Audi,A5 quattro,Sous-compacte,2.0,4,M6,Z,10.4,7.3,9.0,31,210,6,6
2017,Audi,A5 Cabriolet quattro,Sous-compacte,2.0,4,AS8,Z,11.3,8.2,9.9,29,231,5,6
2017,Audi,A6 quattro,Intermédiaire,2.0,4,AS8,Z,10.9,7.5,9.4,30,220,5,7
2017,Audi,A6 quattro,Intermédiaire,3.0,6,AS8,Z,11.5,8.2,10.0,28,238,5,6
2017,Audi,A7 quattro,Intermédiaire,3.0,6,AS8,Z,11.5,8.2,10.0,28,238,5,6
2017,Audi,A8,Intermédiaire,3.0,6,AS8,Z,12.6,8.0,10.5,27,246,5,6
2017,Audi,A8,Intermédiaire,4.0,8,AS8,Z,12.9,8.0,10.7,26,249,5,6
2017,Audi,A8L,Grande berline,4.0,8,AS8,Z,13.1,8.3,10.9,26,255,5,6
2017,Audi,Q3,Compacte,2.0,4,AS6,Z,11.9,8.4,10.3,27,243,5,6
2017,Audi,Q3 quattro,Compacte,2.0,4,AS6,Z,11.9,8.4,10.3,27,241,5,6
2017,Audi,Q5,Véhicule utilitaire sport : petit,2.0,4,AS8,Z,12.0,8.6,10.5,27,246,5,6
2017,Audi,Q5,Véhicule utilitaire sport : petit,3.0,6,AS8,Z,13.2,9.2,11.4,25,267,4,6
2017,Audi,Q7,Véhicule utilitaire sport : ordinaire,2.0,4,AS8,Z,11.9,9.6,10.8,26,253,5,6
2017,Audi,Q7,Véhicule utilitaire sport : ordinaire,3.0,6,AS8,Z,12.6,9.4,11.1,25,260,4,5
2017,Audi,R8,Deux places,5.2,10,AM7,Z,16.5,11.2,14.1,20,330,3,5
2017,Audi,R8 Spyder,Deux places,5.2,10,AM7,Z,16.5,11.2,14.1,20,330,3,5
2017,Audi,RS 7,Intermédiaire,4.0,8,AS8,Z,16.2,9.3,13.1,22,309,3,6
2017,Audi,S3,Sous-compacte,2.0,4,AM6,Z,11.0,8.5,9.9,29,232,5,6
2017,Audi,S5,Sous-compacte,3.0,6,AM7,Z,13.0,8.5,11.0,26,259,4,6
2017,Audi,S5,Sous-compacte,3.0,6,M6,Z,13.8,9.0,11.7,24,273,4,6
2017,Audi,S5 Cabriolet,Sous-compacte,3.0,6,AM7,Z,13.3,9.1,11.4,25,266,4,6
2017,Audi,S6,Intermédiaire,4.0,8,AM7,Z,13.3,8.8,11.3,25,263,4,6
2017,Audi,S7,Intermédiaire,4.0,8,AM7,Z,13.4,8.8,11.4,25,265,4,6
2017,Audi,S8,Intermédiaire,4.0,8,AS8,Z,16.2,9.9,13.4,21,312,3,6
2017,Audi,SQ5,Véhicule utilitaire sport : petit,3.0,6,AS8,Z,14.1,9.9,12.2,23,285,4,6
2017,Audi,TT Coupe quattro,Sous-compacte,2.0,4,AM6,X,10.1,7.8,9.1,31,209,6,8
2017,Audi,TT Roadster quattro,Deux places,2.0,4,AM6,X,10.1,7.8,9.1,31,209,6,8
2017,Audi,TTS Coupe quattro,Sous-compacte,2.0,4,AM6,Z,10.3,8.6,9.5,30,222,5,6
2017,Bentley,Bentayga,Véhicule utilitaire sport : ordinaire,6.0,12,AS8,Z,18.8,12.2,15.9,18,370,2,6
2017,Bentley,Continental GT,Compacte,4.0,8,AS8,Z,16.1,9.4,13.1,22,307,3,6
2017,Bentley,Continental GT,Compacte,6.0,12,AS8,Z,18.9,11.2,15.4,18,360,2,5
2017,Bentley,Continental GT Convertible,Sous-compacte,4.0,8,AS8,Z,17.7,10.3,14.4,20,337,2,6
2017,Bentley,Continental GT Convertible,Sous-compacte,6.0,12,AS8,Z,19.6,11.7,16.0,18,375,2,5
2017,Bentley,Flying Spur,Intermédiaire,4.0,8,AS8,Z,17.0,9.9,13.8,20,321,3,6
2017,Bentley,Flying Spur,Intermédiaire,6.0,12,AS8,Z,19.6,11.7,16.0,18,375,2,5
2017,Bentley,Mulsanne,Intermédiaire,6.8,8,AS8,Z,21.3,12.8,17.5,16,407,1,5
2017,Bentley,Mulsanne EWB,Intermédiaire,6.8,8,AS8,Z,22.2,13.6,18.3,15,430,1,5
2017,BMW,230i Cabriolet,Sous-compacte,2.0,4,AS8,Z,10.0,7.2,8.7,32,207,6,8
2017,BMW,230i xDrive Cabriolet,Sous-compacte,2.0,4,AS8,Z,10.5,7.4,9.1,31,213,6,8
2017,BMW,230i Coupe,Sous-compacte,2.0,4,AS8,Z,9.8,6.8,8.4,34,197,6,8
2017,BMW,230i Coupe,Sous-compacte,2.0,4,M6,Z,11.1,7.3,9.4,30,219,5,8
2017,BMW,230i xDrive Coupe,Sous-compacte,2.0,4,AS8,Z,10.2,7.4,9.0,31,210,6,8
2017,BMW,320i,Compacte,2.0,4,AS8,Z,10.0,6.5,8.4,34,200,6,6
2017,BMW,320i,Compacte,2.0,4,M6,Z,10.2,6.7,8.6,33,202,6,6
2017,BMW,320i xDrive,Compacte,2.0,4,AS8,Z,10.3,6.9,8.8,32,206,6,6
2017,BMW,328d xDrive,Compacte,2.0,4,AS8,D,7.9,5.9,7.0,40,189,7,6
2017,BMW,328d xDrive Touring,Familiale : petite,2.0,4,AS8,D,7.9,5.9,7.0,40,189,7,6
2017,BMW,330i xDrive,Compacte,2.0,4,AS8,Z,10.5,7.4,9.1,31,213,6,8
2017,BMW,330i xDrive Gran Turismo,Grande berline,2.0,4,AS8,Z,10.5,7.4,9.1,31,213,6,8
2017,BMW,330i xDrive Touring,Familiale : petite,2.0,4,AS8,Z,10.5,7.4,9.1,31,213,6,8
2017,BMW,340i,Compacte,3.0,6,AS8,Z,11.1,7.8,9.6,29,224,5,6
2017,BMW,340i,Compacte,3.0,6,M6,Z,12.2,8.2,10.4,27,242,5,6
2017,BMW,340i xDrive,Compacte,3.0,6,AS8,Z,11.4,7.8,9.8,29,228,5,6
2017,BMW,340i xDrive,Compacte,3.0,6,M6,Z,12.2,8.5,10.5,27,246,5,6
2017,BMW,340i xDrive Gran Turismo,Grande berline,3.0,6,AS8,Z,11.9,8.1,10.2,28,238,5,6
2017,BMW,430i xDrive Cabriolet,Sous-compacte,2.0,4,AS8,Z,10.6,7.3,9.1,31,211,6,8
2017,BMW,430i xDrive Coupe,Compacte,2.0,4,AS8,Z,10.5,7.4,9.1,31,213,6,8
2017,BMW,430i xDrive Gran Coupe,Compacte,2.0,4,AS8,Z,10.5,7.4,9.1,31,213,6,8
2017,BMW,440i xDrive Cabriolet,Sous-compacte,3.0,6,AS8,Z,11.9,8.1,10.2,28,238,5,6
2017,BMW,440i Coupe,Compacte,3.0,6,AS8,Z,11.1,7.8,9.6,29,224,5,6
2017,BMW,440i Coupe,Compacte,3.0,6,M6,Z,12.2,8.2,10.4,27,242,5,6
2017,BMW,440i xDrive Coupe,Compacte,3.0,6,AS8,Z,11.4,7.8,9.8,29,228,5,6
2017,BMW,440i xDrive Coupe,Compacte,3.0,6,M6,Z,12.2,8.5,10.5,27,246,5,6
2017,BMW,440i xDrive Gran Coupe,Compacte,3.0,6,AS8,Z,11.4,7.8,9.8,29,228,5,6
2017,BMW,530i xDrive,Intermédiaire,2.0,4,AS8,Z,10.5,7.4,9.1,31,213,6,8
2017,BMW,540i xDrive,Intermédiaire,3.0,6,AS8,Z,11.4,7.8,9.8,29,228,5,7
2017,BMW,640i xDrive Cabriolet,Sous-compacte,3.0,6,AS8,Z,12.4,8.4,10.6,27,249,5,6
2017,BMW,640i xDrive Gran Coupe,Compacte,3.0,6,AS8,Z,12.4,8.4,10.6,27,249,5,6
2017,BMW,650i xDrive Cabriolet,Sous-compacte,4.4,8,AS8,Z,14.7,9.7,12.5,23,292,4,6
2017,BMW,650i xDrive Coupe,Compacte,4.4,8,AS8,Z,13.8,9.1,11.7,24,273,4,6
2017,BMW,650i xDrive Gran Coupe,Compacte,4.4,8,AS8,Z,14.7,9.7,12.5,23,292,4,6
2017,BMW,740Li xDrive,Grande berline,3.0,6,AS8,Z,11.9,8.1,10.2,28,238,5,6
2017,BMW,750i xDrive,Grande berline,4.4,8,AS8,Z,13.8,9.1,11.7,24,273,4,6
2017,BMW,750Li xDrive,Grande berline,4.4,8,AS8,Z,14.7,9.7,12.5,23,292,4,6
2017,BMW,Alpina B6 xDrive Gran Coupe,Compacte,4.4,8,AS8,Z,14.7,9.7,12.5,23,292,4,6
2017,BMW,Alpina B7 xDrive,Grande berline,4.4,8,AS8,Z,14.7,9.7,12.5,23,292,4,6
2017,BMW,M2,Sous-compacte,3.0,6,AM7,Z,11.8,8.9,10.5,27,245,5,6
2017,BMW,M2,Sous-compacte,3.0,6,M6,Z,13.1,9.2,11.4,25,267,4,6
2017,BMW,M240i Cabriolet,Sous-compacte,3.0,6,AS8,Z,11.1,7.8,9.6,29,224,5,6
2017,BMW,M240i Cabriolet,Sous-compacte,3.0,6,M6,Z,12.2,8.2,10.4,27,242,5,6
2017,BMW,M240i xDrive Cabriolet,Sous-compacte,3.0,6,AS8,Z,11.4,7.8,9.8,29,228,5,6
2017,BMW,M240i Coupe,Sous-compacte,3.0,6,AS8,Z,11.1,7.8,9.6,29,224,5,6
2017,BMW,M240i Coupe,Sous-compacte,3.0,6,M6,Z,12.5,8.4,10.7,26,250,5,6
2017,BMW,M240i xDrive Coupe,Sous-compacte,3.0,6,AS8,Z,11.4,7.8,9.8,29,228,5,6
2017,BMW,M3,Compacte,3.0,6,AM7,Z,14.0,9.7,12.1,23,284,4,6
2017,BMW,M3,Compacte,3.0,6,M6,Z,13.7,9.1,11.7,24,273,4,6
2017,BMW,M4 Cabriolet,Sous-compacte,3.0,6,AM7,Z,14.1,9.6,12.1,23,283,4,6
2017,BMW,M4 Cabriolet,Sous-compacte,3.0,6,M6,Z,13.7,9.1,11.7,24,273,4,6
2017,BMW,M4 Coupe,Compacte,3.0,6,AM7,Z,14.0,9.7,12.1,23,284,4,6
2017,BMW,M4 Coupe,Compacte,3.0,6,M6,Z,13.7,9.1,11.7,24,273,4,6
2017,BMW,M6,Compacte,4.4,8,AM7,Z,17.2,11.6,14.7,19,343,2,6
2017,BMW,M6,Compacte,4.4,8,M6,Z,16.2,10.9,13.8,20,324,3,6
2017,BMW,M6 Cabriolet,Sous-compacte,4.4,8,AM7,Z,17.2,11.6,14.7,19,343,2,6
2017,BMW,M6 Cabriolet,Sous-compacte,4.4,8,M6,Z,16.2,10.9,13.8,20,324,3,6
2017,BMW,M6 Gran Coupe,Compacte,4.4,8,AM7,Z,17.2,11.6,14.7,19,343,2,6
2017,BMW,M6 Gran Coupe,Compacte,4.4,8,M6,Z,16.2,10.9,13.8,20,324,3,6
2017,BMW,M760i xDrive,Grande berline,6.6,12,AS8,Z,17.7,11.9,15.1,19,355,2,6
2017,BMW,X1 xDrive28i,Véhicule utilitaire sport : petit,2.0,4,AS8,Z,10.5,7.4,9.1,31,213,6,8
2017,BMW,X3 xDrive28d,Véhicule utilitaire sport : petit,2.0,4,AS8,D,8.7,7.1,8.0,35,211,6,6
2017,BMW,X3 xDrive28i,Véhicule utilitaire sport : petit,2.0,4,AS8,Z,11.1,8.5,10.0,28,233,5,6
2017,BMW,X3 xDrive35i,Véhicule utilitaire sport : petit,3.0,6,AS8,Z,12.7,9.1,11.1,25,260,4,6
2017,BMW,X4 xDrive28i,Véhicule utilitaire sport : petit,2.0,4,AS8,Z,11.8,8.6,10.3,27,240,5,6
2017,BMW,X4 M40i,Véhicule utilitaire sport : petit,3.0,6,AS8,Z,12.7,9.1,11.1,25,260,4,6
2017,BMW,X5 xDrive35d,Véhicule utilitaire sport : ordinaire,3.0,6,AS8,D,10.3,8.0,9.3,30,249,5,6
2017,BMW,X5 xDrive35i,Véhicule utilitaire sport : ordinaire,3.0,6,AS8,Z,13.0,9.8,11.5,25,270,4,6
2017,BMW,X5 xDrive50i,Véhicule utilitaire sport : ordinaire,4.4,8,AS8,Z,15.6,11.3,13.7,21,320,3,6
2017,BMW,X5 M,Véhicule utilitaire sport : ordinaire,4.4,8,AS8,Z,16.6,12.1,14.6,19,341,2,6
2017,BMW,X6 xDrive35i,Véhicule utilitaire sport : ordinaire,3.0,6,AS8,Z,13.0,9.8,11.5,25,270,4,6
2017,BMW,X6 xDrive50i,Véhicule utilitaire sport : ordinaire,4.4,8,AS8,Z,15.6,11.3,13.7,21,320,3,6
2017,BMW,X6 M,Véhicule utilitaire sport : ordinaire,4.4,8,AS8,Z,16.6,12.1,14.6,19,341,2,6
2017,Buick,Enclave,Véhicule utilitaire sport : ordinaire,3.6,6,A6,X,15.7,10.6,13.4,21,315,3,5
2017,Buick,Enclave AWD,Véhicule utilitaire sport : ordinaire,3.6,6,A6,X,16.0,10.9,13.7,21,322,3,5
2017,Buick,Encore (LE2 Engine),Véhicule utilitaire sport : petit,1.4,4,AS6,X,8.6,7.1,7.9,36,185,7,6
2017,Buick,Encore (LUV Engine),Véhicule utilitaire sport : petit,1.4,4,AS6,X,9.3,7.2,8.3,34,194,7,6
2017,Buick,Encore AWD (LE2 Engine),Véhicule utilitaire sport : petit,1.4,4,AS6,X,8.9,7.6,8.3,34,196,6,6
2017,Buick,Encore AWD (LUV Engine),Véhicule utilitaire sport : petit,1.4,4,AS6,X,9.8,7.7,8.8,32,208,6,6
2017,Buick,Envision AWD,Véhicule utilitaire sport : petit,2.0,4,A6,Z,11.8,9.1,10.6,27,248,5,6
2017,Buick,Envision AWD,Véhicule utilitaire sport : petit,2.5,4,A6,X,11.1,8.4,9.9,29,232,5,6
2017,Buick,LaCrosse,Intermédiaire,3.6,6,AS8,X,11.2,7.5,9.5,30,224,5,6
2017,Buick,LaCrosse AWD,Intermédiaire,3.6,6,AS8,X,11.6,8.1,10.0,28,235,5,6
2017,Buick,Regal,Intermédiaire,2.0,4,AS6,Z,11.5,8.0,9.9,29,233,5,6
2017,Buick,Regal AWD,Intermédiaire,2.0,4,AS6,Z,12.1,8.9,10.7,26,250,5,6
2017,Buick,Verano,Compacte,2.4,4,AS6,X,11.3,7.6,9.7,29,226,5,6
2017,Cadillac,ATS,Compacte,2.0,4,AS8,Z,10.6,7.7,9.3,30,217,6,6
2017,Cadillac,ATS,Compacte,2.0,4,M6,Z,11.8,8.0,10.1,28,236,5,6
2017,Cadillac,ATS,Compacte,2.5,4,AS8,X,10.7,7.4,9.2,31,216,6,6
2017,Cadillac,ATS,Compacte,3.6,6,AS8,X,11.6,8.0,10.0,28,234,5,6
2017,Cadillac,ATS AWD,Compacte,2.0,4,AS8,Z,10.8,7.9,9.5,30,222,5,6
2017,Cadillac,ATS AWD,Compacte,3.6,6,AS8,X,12.2,8.6,10.6,27,248,5,6
2017,Cadillac,ATS-V,Compacte,3.6,6,AS8,Z,13.9,9.4,11.9,24,279,4,6
2017,Cadillac,ATS-V,Compacte,3.6,6,M6,Z,14.4,10.4,12.6,22,295,4,6
2017,Cadillac,CT6,Grande berline,2.0,4,AS8,Z,11.0,7.8,9.5,30,223,5,6
2017,Cadillac,CT6 AWD,Grande berline,3.0,6,AS8,Z,13.0,9.1,11.2,25,263,4,6
2017,Cadillac,CT6 AWD,Grande berline,3.6,6,AS8,X,12.8,8.8,11.0,26,259,4,6
2017,Cadillac,CTS,Intermédiaire,2.0,4,AS8,Z,11.0,7.8,9.5,30,223,5,6
2017,Cadillac,CTS,Intermédiaire,3.6,6,AS8,X,11.6,8.0,10.0,28,234,5,6
2017,Cadillac,CTS AWD,Intermédiaire,2.0,4,AS8,Z,11.2,8.2,9.8,29,229,5,6
2017,Cadillac,CTS AWD,Intermédiaire,3.6,6,AS8,X,12.2,8.6,10.6,27,248,5,6
2017,Cadillac,CTS Vsport,Intermédiaire,3.6,6,AS8,Z,15.0,9.9,12.7,22,299,3,6
2017,Cadillac,CTS-V,Intermédiaire,6.2,8,AS8,Z,16.5,11.1,14.0,20,329,3,5
2017,Cadillac,Escalade 4WD,Véhicule utilitaire sport : ordinaire,6.2,8,A8,Z,16.1,11.7,14.1,20,331,3,5
2017,Cadillac,XT5,Véhicule utilitaire sport : petit,3.6,6,AS8,X,12.1,8.6,10.5,27,245,5,5
2017,Cadillac,XT5 AWD,Véhicule utilitaire sport : petit,3.6,6,AS8,X,12.9,8.9,11.1,25,260,4,5
2017,Cadillac,XTS,Grande berline,3.6,6,AS6,X,13.2,8.5,11.1,25,260,4,6
2017,Cadillac,XTS AWD,Grande berline,3.6,6,AS6,X,13.7,9.0,11.6,24,272,4,6
2017,Cadillac,XTS Vsport AWD,Grande berline,3.6,6,AS6,Z,15.0,10.3,12.8,22,299,3,6
2017,Chevrolet,Camaro,Sous-compacte,2.0,4,AS8,Z,10.9,7.7,9.5,30,222,5,6
2017,Chevrolet,Camaro,Sous-compacte,2.0,4,M6,Z,11.9,8.0,10.1,28,236,5,6
2017,Chevrolet,Camaro,Sous-compacte,3.6,6,AS8,X,12.3,8.6,10.6,27,249,5,6
2017,Chevrolet,Camaro,Sous-compacte,3.6,6,M6,X,14.4,8.4,11.7,24,274,4,6
2017,Chevrolet,Camaro SS,Sous-compacte,6.2,8,AS8,Z,14.2,8.7,11.7,24,273,4,5
2017,Chevrolet,Camaro SS,Sous-compacte,6.2,8,M6,Z,14.3,9.4,12.1,23,284,4,5
2017,Chevrolet,Camaro ZL1,Sous-compacte,6.2,8,AS10,Z,19.0,11.6,15.6,18,367,2,5
2017,Chevrolet,Camaro ZL1,Sous-compacte,6.2,8,M6,Z,17.2,12.0,14.9,19,349,2,5
2017,Chevrolet,City Express,Véhicule à usage spécial,2.0,4,AV,X,9.8,9.0,9.4,30,220,5,6
2017,Chevrolet,Colorado,Camionnette : petite,2.5,4,A6,X,12.0,9.2,10.7,26,252,5,6
2017,Chevrolet,Colorado,Camionnette : petite,2.5,4,M6,X,12.2,9.2,10.9,26,254,5,6
2017,Chevrolet,Colorado,Camionnette : petite,2.8,4,A6,D,10.8,7.9,9.5,30,255,5,6
2017,Chevrolet,Colorado,Camionnette : petite,3.6,6,A8,X,13.4,9.6,11.7,24,274,4,7
2017,Chevrolet,Colorado 4WD,Camionnette : petite,2.5,4,A6,X,12.7,9.6,11.3,25,263,4,6
2017,Chevrolet,Colorado 4WD,Camionnette : petite,2.8,4,A6,D,12.1,8.4,10.4,27,280,4,6
2017,Chevrolet,Colorado 4WD,Camionnette : petite,3.6,6,A8,X,14.0,9.9,12.2,23,286,4,7
2017,Chevrolet,Colorado ZR2 4WD,Camionnette : petite,2.8,4,A6,D,12.5,10.7,11.7,24,315,3,6
2017,Chevrolet,Colorado ZR2 4WD,Camionnette : petite,3.6,6,A8,X,15.0,13.0,14.1,20,331,3,7
2017,Chevrolet,Corvette,Deux places,6.2,8,AS8,Z,15.2,8.9,12.4,23,290,4,5
2017,Chevrolet,Corvette,Deux places,6.2,8,M7,Z,14.2,9.0,11.9,24,278,4,5
2017,Chevrolet,Corvette Z06,Deux places,6.2,8,AS8,Z,17.6,10.3,14.3,20,336,2,5
2017,Chevrolet,Corvette Z06,Deux places,6.2,8,M7,Z,15.6,10.6,13.4,21,312,3,5
2017,Chevrolet,Cruze,Compacte,1.4,4,AS6,X,7.9,5.9,7.0,40,165,8,6
2017,Chevrolet,Cruze Premier,Compacte,1.4,4,AS6,X,8.1,6.0,7.2,39,169,8,6
2017,Chevrolet,Cruze,Compacte,1.4,4,M6,X,8.3,6.0,7.3,39,170,7,6
2017,Chevrolet,Cruze Diesel,Compacte,1.6,4,A9,D,7.6,5.0,6.4,44,172,7,6
2017,Chevrolet,Cruze Diesel,Compacte,1.6,4,M6,D,7.7,4.5,6.3,45,169,8,6
2017,Chevrolet,Cruze Hatchback,Compacte,1.4,4,AS6,X,8.1,6.2,7.3,39,172,7,6
2017,Chevrolet,Cruze Hatchback Premier,Compacte,1.4,4,AS6,X,8.4,6.4,7.5,38,176,7,6
2017,Chevrolet,Cruze Hatchback,Compacte,1.4,4,M6,X,8.3,6.4,7.4,38,173,7,6
2017,Chevrolet,Equinox,Véhicule utilitaire sport : petit,2.4,4,A6,X,11.0,7.5,9.4,30,221,5,6
2017,Chevrolet,Equinox FFV,Véhicule utilitaire sport : petit,2.4,4,A6,X,11.0,7.5,9.4,30,221,5,6
2017,Chevrolet,Equinox FFV,Véhicule utilitaire sport : petit,2.4,4,A6,E,15.6,11.0,13.6,21,223,5,6
2017,Chevrolet,Equinox,Véhicule utilitaire sport : petit,3.6,6,A6,X,14.1,9.7,12.1,23,285,4,6
2017,Chevrolet,Equinox AWD,Véhicule utilitaire sport : petit,2.4,4,A6,X,11.5,8.3,10.1,28,237,5,6
2017,Chevrolet,Equinox AWD FFV,Véhicule utilitaire sport : petit,2.4,4,A6,X,11.5,8.3,10.1,28,237,5,6
2017,Chevrolet,Equinox AWD FFV,Véhicule utilitaire sport : petit,2.4,4,A6,E,16.3,11.8,14.2,20,234,5,6
2017,Chevrolet,Equinox AWD,Véhicule utilitaire sport : petit,3.6,6,A6,X,15.0,10.4,13.0,22,304,3,6
2017,Chevrolet,Express 2500 Passenger,Fourgon : passager,6.0,8,A6,X,21.8,14.8,18.6,15,438,1,2
2017,Chevrolet,Express 3500 Passenger,Fourgon : passager,6.0,8,A6,X,22.3,14.9,19.0,15,445,1,2
2017,Chevrolet,Impala,Grande berline,2.5,4,AS6,X,10.9,7.9,9.5,30,224,5,6
2017,Chevrolet,Impala FFV,Grande berline,3.6,6,AS6,X,12.5,8.3,10.6,27,249,5,6
2017,Chevrolet,Impala FFV,Grande berline,3.6,6,AS6,E,17.0,11.7,14.6,19,240,5,6
2017,Chevrolet,Malibu,Intermédiaire,1.5,4,A6,X,8.8,6.5,7.8,36,182,7,6
2017,Chevrolet,Malibu,Intermédiaire,2.0,4,A9,Z,10.7,7.1,9.1,31,212,6,6
2017,Chevrolet,Malibu Hybrid,Intermédiaire,1.8,4,AV,X,4.8,5.5,5.1,55,121,10,6
2017,Chevrolet,Silverado FFV,Camionnette : ordinaire,4.3,6,A6,X,13.4,10.0,11.9,24,279,4,7
2017,Chevrolet,Silverado FFV,Camionnette : ordinaire,4.3,6,A6,E,19.3,14.3,17.1,17,284,4,7
2017,Chevrolet,Silverado,Camionnette : ordinaire,5.3,8,A6,X,14.6,10.3,12.7,22,297,4,5
2017,Chevrolet,Silverado FFV,Camionnette : ordinaire,5.3,8,A6,X,14.6,10.3,12.7,22,298,4,5
2017,Chevrolet,Silverado FFV,Camionnette : ordinaire,5.3,8,A6,E,19.7,13.9,17.1,17,284,4,5
2017,Chevrolet,Silverado,Camionnette : ordinaire,5.3,8,A8,X,15.2,10.7,13.1,22,309,3,5
2017,Chevrolet,Silverado,Camionnette : ordinaire,6.2,8,A8,Z,15.9,11.2,13.8,20,324,3,5
2017,Chevrolet,Silverado 4WD FFV,Camionnette : ordinaire,4.3,6,A6,X,14.1,10.6,12.5,23,294,4,7
2017,Chevrolet,Silverado 4WD FFV,Camionnette : ordinaire,4.3,6,A6,E,20.2,15.2,18.0,16,294,4,7
2017,Chevrolet,Silverado 4WD,Camionnette : ordinaire,5.3,8,A6,X,15.0,10.7,13.1,22,307,3,5
2017,Chevrolet,Silverado 4WD FFV,Camionnette : ordinaire,5.3,8,A6,X,15.0,10.7,13.1,22,307,3,5
2017,Chevrolet,Silverado 4WD FFV,Camionnette : ordinaire,5.3,8,A6,E,20.7,14.4,17.9,16,315,3,5
2017,Chevrolet,Silverado 4WD,Camionnette : ordinaire,5.3,8,A8,X,15.9,11.5,13.9,20,327,3,5
2017,Chevrolet,Silverado eAssist 4WD,Camionnette : ordinaire,5.3,8,A8,X,14.4,11.2,13.0,22,303,3,5
2017,Chevrolet,Silverado 4WD,Camionnette : ordinaire,6.2,8,A8,Z,16.0,11.7,14.1,20,330,3,5
2017,Chevrolet,Sonic,Compacte,1.4,4,AS6,X,8.8,6.6,7.8,36,184,7,6
2017,Chevrolet,Sonic,Compacte,1.4,4,M6,X,8.4,6.3,7.4,38,174,7,6
2017,Chevrolet,Sonic,Compacte,1.8,4,AS6,X,9.7,6.9,8.4,34,197,6,6
2017,Chevrolet,Sonic,Compacte,1.8,4,M5,X,9.2,7.1,8.3,34,194,7,6
2017,Chevrolet,Sonic 5,Familiale : petite,1.4,4,AS6,X,8.8,6.6,7.8,36,184,7,6
2017,Chevrolet,Sonic 5,Familiale : petite,1.4,4,M6,X,8.4,6.3,7.4,38,174,7,6
2017,Chevrolet,Sonic 5,Familiale : petite,1.8,4,AS6,X,9.7,6.9,8.4,34,197,6,6
2017,Chevrolet,Sonic 5,Familiale : petite,1.8,4,M5,X,9.2,7.1,8.3,34,194,7,6
2017,Chevrolet,Spark,Sous-compacte,1.4,4,AV,X,7.8,6.2,7.1,40,167,8,7
2017,Chevrolet,Spark,Sous-compacte,1.4,4,M5,X,8.0,6.2,7.2,39,168,8,7
2017,Chevrolet,Suburban,Véhicule utilitaire sport : ordinaire,5.3,8,A6,X,15.1,10.4,13.0,22,305,3,5
2017,Chevrolet,Suburban FFV,Véhicule utilitaire sport : ordinaire,5.3,8,A6,X,15.1,10.4,13.0,22,305,3,5
2017,Chevrolet,Suburban FFV,Véhicule utilitaire sport : ordinaire,5.3,8,A6,E,20.0,13.5,17.1,17,284,4,5
2017,Chevrolet,Suburban 4WD,Véhicule utilitaire sport : ordinaire,5.3,8,A6,X,15.4,10.8,13.3,21,312,3,5
2017,Chevrolet,Suburban 4WD FFV,Véhicule utilitaire sport : ordinaire,5.3,8,A6,X,15.4,10.8,13.3,21,312,3,5
2017,Chevrolet,Suburban 4WD FFV,Véhicule utilitaire sport : ordinaire,5.3,8,A6,E,22.1,15.4,19.1,15,317,3,5
2017,Chevrolet,Tahoe,Véhicule utilitaire sport : ordinaire,5.3,8,A6,X,15.1,10.4,13.0,22,305,3,5
2017,Chevrolet,Tahoe FFV,Véhicule utilitaire sport : ordinaire,5.3,8,A6,X,15.1,10.4,13.0,22,305,3,5
2017,Chevrolet,Tahoe FFV,Véhicule utilitaire sport : ordinaire,5.3,8,A6,E,20.0,13.5,17.1,17,284,4,5
2017,Chevrolet,Tahoe 4WD,Véhicule utilitaire sport : ordinaire,5.3,8,A6,X,15.2,10.8,13.2,21,310,3,5
2017,Chevrolet,Tahoe 4WD FFV,Véhicule utilitaire sport : ordinaire,5.3,8,A6,X,15.2,10.8,13.2,21,310,3,5
2017,Chevrolet,Tahoe 4WD FFV,Véhicule utilitaire sport : ordinaire,5.3,8,A6,E,20.8,14.5,18.0,16,299,3,5
2017,Chevrolet,Traverse,Véhicule utilitaire sport : ordinaire,3.6,6,A6,X,15.7,10.6,13.4,21,315,3,5
2017,Chevrolet,Traverse AWD,Véhicule utilitaire sport : ordinaire,3.6,6,A6,X,16.0,10.9,13.7,21,322,3,5
2017,Chevrolet,Trax,Véhicule utilitaire sport : petit,1.4,4,AS6,X,9.3,7.2,8.3,34,194,7,6
2017,Chevrolet,Trax,Véhicule utilitaire sport : petit,1.4,4,M6,X,9.2,7.1,8.2,34,194,7,6
2017,Chevrolet,Trax AWD,Véhicule utilitaire sport : petit,1.4,4,AS6,X,9.8,7.7,8.8,32,208,6,6
2017,Chrysler,200 FFV,Intermédiaire,2.4,4,A9,X,10.2,6.6,8.6,33,201,6,6
2017,Chrysler,200 FFV,Intermédiaire,2.4,4,A9,E,13.9,8.9,11.7,24,192,7,6
2017,Chrysler,200 FFV,Intermédiaire,3.6,6,A9,X,12.4,7.6,10.2,28,241,5,6
2017,Chrysler,200 FFV,Intermédiaire,3.6,6,A9,E,16.8,10.4,13.9,20,230,5,6
2017,Chrysler,200 AWD FFV,Intermédiaire,3.6,6,A9,X,12.8,8.3,10.8,26,252,5,6
2017,Chrysler,200 AWD FFV,Intermédiaire,3.6,6,A9,E,17.1,11.1,14.4,20,237,5,6
2017,Chrysler,300,Grande berline,3.6,6,A8,X,12.4,7.8,10.3,27,242,5,6
2017,Chrysler,300 (MDS),Grande berline,5.7,8,A8,X,14.7,9.4,12.3,23,289,4,6
2017,Chrysler,300 AWD,Grande berline,3.6,6,A8,X,12.8,8.7,11.0,26,258,4,6
2017,Chrysler,300 AWD FFV,Grande berline,3.6,6,A8,X,12.8,8.7,11.0,26,258,4,6
2017,Chrysler,300 AWD FFV,Grande berline,3.6,6,A8,E,17.6,12.0,15.0,19,248,5,6
2017,Chrysler,Pacifica,Fourgonnette,3.6,6,A9,X,12.9,8.4,10.9,26,257,5,6
2017,Chrysler,Pacifica (Stop-Start),Fourgonnette,3.6,6,A9,X,12.4,8.4,10.6,27,249,5,6
2017,Dodge,Challenger,Intermédiaire,3.6,6,A8,X,12.4,7.8,10.3,27,242,5,6
2017,Dodge,Challenger (MDS),Intermédiaire,5.7,8,A8,X,14.7,9.4,12.3,23,289,4,6
2017,Dodge,Challenger,Intermédiaire,5.7,8,M6,Z,15.6,10.1,13.1,22,307,3,5
2017,Dodge,Challenger (MDS),Intermédiaire,6.4,8,A8,Z,15.6,9.6,12.9,22,302,3,5
2017,Dodge,Challenger,Intermédiaire,6.4,8,M6,Z,16.7,10.4,13.9,20,325,3,5
2017,Dodge,Challenger GT,Intermédiaire,3.6,6,A8,X,12.8,8.7,11.0,26,258,4,6
2017,Dodge,Challenger SRT (MDS),Intermédiaire,6.4,8,A8,Z,15.6,9.6,12.9,22,302,3,5
2017,Dodge,Challenger SRT,Intermédiaire,6.4,8,M6,Z,16.7,10.4,13.9,20,325,3,5
2017,Dodge,Challenger SRT Hellcat,Intermédiaire,6.2,8,A8,Z,17.6,10.7,14.5,19,339,2,5
2017,Dodge,Challenger SRT Hellcat,Intermédiaire,6.2,8,M6,Z,18.1,11.4,15.1,19,352,2,5
2017,Dodge,Charger,Grande berline,3.6,6,A5,X,13.7,9.0,11.6,24,271,4,6
2017,Dodge,Charger,Grande berline,3.6,6,A8,X,12.4,7.8,10.3,27,242,5,6
2017,Dodge,Charger (MDS),Grande berline,5.7,8,A5,X,15.6,9.7,12.9,22,302,3,6
2017,Dodge,Charger (MDS),Grande berline,5.7,8,A8,X,14.7,9.4,12.3,23,289,4,6
2017,Dodge,Charger (MDS),Grande berline,6.4,8,A8,Z,15.6,9.6,12.9,22,302,3,5
2017,Dodge,Charger AWD,Grande berline,3.6,6,A8,X,12.8,8.7,11.0,26,258,4,6
2017,Dodge,Charger AWD FFV,Grande berline,3.6,6,A8,X,12.8,8.7,11.0,26,258,4,6
2017,Dodge,Charger AWD FFV,Grande berline,3.6,6,A8,E,17.6,12.0,15.0,19,248,5,6
2017,Dodge,Charger AWD,Grande berline,5.7,8,A5,X,16.0,10.1,13.3,21,312,3,6
2017,Dodge,Charger SRT (MDS),Grande berline,6.4,8,A8,Z,15.6,9.6,12.9,22,302,3,5
2017,Dodge,Charger SRT Hellcat,Grande berline,6.2,8,A8,Z,17.6,10.7,14.5,19,339,2,5
2017,Dodge,Durango AWD,Véhicule utilitaire sport : ordinaire,3.6,6,A8,X,12.7,9.6,11.3,25,265,4,6
2017,Dodge,Durango AWD,Véhicule utilitaire sport : ordinaire,5.7,8,A8,X,16.6,10.7,14.0,20,328,3,6
2017,Dodge,Grand Caravan FFV,Fourgonnette,3.6,6,A6,X,13.7,9.4,11.8,24,276,4,6
2017,Dodge,Grand Caravan FFV,Fourgonnette,3.6,6,A6,E,19.4,13.3,16.7,17,274,4,6
2017,Dodge,Journey,Véhicule utilitaire sport : petit,2.4,4,A4,X,12.7,9.2,11.1,25,261,4,6
2017,Dodge,Journey FFV,Véhicule utilitaire sport : petit,3.6,6,A6,X,14.2,9.5,12.1,23,284,4,6
2017,Dodge,Journey FFV,Véhicule utilitaire sport : petit,3.6,6,A6,E,19.1,13.2,16.4,17,274,4,6
2017,Dodge,Journey AWD,Véhicule utilitaire sport : petit,3.6,6,A6,X,14.5,10.0,12.4,23,292,4,6
2017,Dodge,Viper,Deux places,8.4,10,M6,Z,19.9,12.6,16.6,17,387,1,5
2017,FIAT,124 Spider,Deux places,1.4,4,A6,X,9.3,6.5,8.0,35,187,7,6
2017,FIAT,124 Spider,Deux places,1.4,4,M6,X,9.0,6.7,7.9,36,185,7,6
2017,FIAT,500 Cabrio,Minicompacte,1.4,4,A6,X,8.7,7.1,8.0,35,186,7,6
2017,FIAT,500 Cabrio,Minicompacte,1.4,4,M5,X,8.0,6.5,7.3,39,171,7,6
2017,FIAT,500 Hatchback,Minicompacte,1.4,4,A6,X,8.7,7.1,8.0,35,186,7,6
2017,FIAT,500 Hatchback,Minicompacte,1.4,4,M5,X,7.7,6.1,7.0,40,163,8,6
2017,FIAT,500 Abarth Cabrio,Minicompacte,1.4,4,A6,X,9.7,7.4,8.7,32,202,6,6
2017,FIAT,500 Abarth Cabrio,Minicompacte,1.4,4,M5,X,8.5,7.1,7.9,36,186,7,6
2017,FIAT,500 Abarth Hatchback,Minicompacte,1.4,4,A6,X,9.7,7.4,8.7,32,202,6,6
2017,FIAT,500 Abarth Hatchback,Minicompacte,1.4,4,M5,X,8.5,7.1,7.9,36,186,7,6
2017,FIAT,500L,Familiale : petite,1.4,4,A6,X,10.7,7.9,9.4,30,221,5,6
2017,FIAT,500X,Véhicule utilitaire sport : petit,1.4,4,M6,X,9.5,7.1,8.4,34,197,6,6
2017,FIAT,500X,Véhicule utilitaire sport : petit,2.4,4,A9,X,10.7,7.7,9.3,30,219,5,6
2017,FIAT,500X AWD,Véhicule utilitaire sport : petit,2.4,4,A9,X,11.0,8.0,9.7,29,226,5,6
2017,Ford,C-MAX Hybrid,Grande berline,2.0,4,AV,X,5.7,6.2,5.9,48,138,9,8
2017,Ford,Edge,Véhicule utilitaire sport : petit,2.0,4,AS6,X,11.5,8.0,9.9,29,233,5,7
2017,Ford,Edge (Start/Stop),Véhicule utilitaire sport : petit,2.0,4,AS6,X,11.3,8.0,9.8,29,230,5,7
2017,Ford,Edge,Véhicule utilitaire sport : petit,3.5,6,AS6,X,13.5,9.1,11.5,25,270,4,6
2017,Ford,Edge AWD,Véhicule utilitaire sport : petit,2.0,4,AS6,X,11.9,8.6,10.4,27,244,5,7
2017,Ford,Edge AWD,Véhicule utilitaire sport : petit,2.7,6,AS6,X,13.8,9.8,12.0,24,281,4,7
2017,Ford,Edge AWD,Véhicule utilitaire sport : petit,3.5,6,AS6,X,13.9,10.0,12.1,23,284,4,6
2017,Ford,Escape,Véhicule utilitaire sport : petit,1.5,4,AS6,X,10.2,7.8,9.1,31,214,6,6
2017,Ford,Escape,Véhicule utilitaire sport : petit,2.0,4,AS6,X,10.6,8.0,9.5,30,222,5,7
2017,Ford,Escape FFV,Véhicule utilitaire sport : petit,2.5,4,AS6,X,11.1,8.1,9.7,29,229,5,6
2017,Ford,Escape FFV,Véhicule utilitaire sport : petit,2.5,4,AS6,E,15.2,10.8,13.3,21,219,5,6
2017,Ford,Escape AWD,Véhicule utilitaire sport : petit,1.5,4,AS6,X,10.7,8.3,9.6,29,226,5,6
2017,Ford,Escape AWD,Véhicule utilitaire sport : petit,2.0,4,AS6,X,11.5,8.7,10.2,28,239,5,7
2017,Ford,Expedition 4X4,Véhicule utilitaire sport : ordinaire,3.5,6,AS6,X,15.9,12.0,14.2,20,333,3,5
2017,Ford,Expedition EL 4X4,Véhicule utilitaire sport : ordinaire,3.5,6,AS6,X,16.1,12.2,14.3,20,337,2,5
2017,Ford,Explorer,Véhicule utilitaire sport : ordinaire,2.3,4,AS6,X,12.6,8.6,10.8,26,254,5,6
2017,Ford,Explorer FFV,Véhicule utilitaire sport : ordinaire,3.5,6,AS6,X,13.9,9.7,12.0,24,281,4,5
2017,Ford,Explorer FFV,Véhicule utilitaire sport : ordinaire,3.5,6,AS6,E,18.7,12.9,16.1,18,264,4,5
2017,Ford,Explorer AWD,Véhicule utilitaire sport : ordinaire,2.3,4,AS6,X,13.1,9.2,11.3,25,266,4,6
2017,Ford,Explorer AWD,Véhicule utilitaire sport : ordinaire,3.5,6,AS6,X,14.8,10.7,13.0,22,305,3,6
2017,Ford,Explorer FFV AWD,Véhicule utilitaire sport : ordinaire,3.5,6,AS6,X,14.4,10.5,12.6,22,296,4,5
2017,Ford,Explorer FFV AWD,Véhicule utilitaire sport : ordinaire,3.5,6,AS6,E,19.6,14.2,17.2,16,284,4,5
2017,Ford,F-150,Camionnette : ordinaire,2.7,6,AS6,X,12.2,9.3,10.9,26,256,5,6
2017,Ford,F-150 (LT Tire Pkg),Camionnette : ordinaire,2.7,6,AS6,X,12.4,9.8,11.2,25,263,4,6
2017,Ford,F-150 (Payload Pkg),Camionnette : ordinaire,2.7,6,AS6,X,13.1,9.8,11.6,24,272,4,6
2017,Ford,F-150,Camionnette : ordinaire,3.5,6,AS10,X,12.7,9.5,11.3,25,264,4,5
2017,Ford,F-150 FFV,Camionnette : ordinaire,3.5,6,A6,X,13.2,9.7,11.6,24,272,4,6
2017,Ford,F-150 FFV,Camionnette : ordinaire,3.5,6,A6,E,17.9,13.2,15.8,18,258,4,6
2017,Ford,F-150 (LT Tire Pkg),Camionnette : ordinaire,3.5,6,AS10,X,13.0,10.2,11.7,24,274,4,5
2017,Ford,F-150 (Payload Pkg),Camionnette : ordinaire,3.5,6,AS10,X,13.8,10.7,12.4,23,290,4,5
2017,Ford,F-150 FFV,Camionnette : ordinaire,5.0,8,AS6,X,15.4,10.6,13.2,21,310,3,6
2017,Ford,F-150 FFV,Camionnette : ordinaire,5.0,8,AS6,E,20.5,14.3,17.7,16,291,4,6
2017,Ford,F-150 FFV (Payload Pkg),Camionnette : ordinaire,5.0,8,AS6,X,16.8,11.8,14.5,19,340,2,6
2017,Ford,F-150 FFV (Payload Pkg),Camionnette : ordinaire,5.0,8,AS6,E,20.5,14.3,17.7,16,291,4,6
2017,Ford,F-150 4X4,Camionnette : ordinaire,2.7,6,AS6,X,13.1,10.2,11.8,24,276,4,6
2017,Ford,F-150 4X4 (LT Tire Pkg),Camionnette : ordinaire,2.7,6,AS6,X,13.5,11.2,12.5,23,293,4,6
2017,Ford,F-150 4X4 (Payload Pkg),Camionnette : ordinaire,2.7,6,AS6,X,13.3,10.7,12.3,23,288,4,6
2017,Ford,F-150 4X4,Camionnette : ordinaire,3.5,6,AS10,X,13.6,10.3,12.1,23,284,4,5
2017,Ford,F-150 FFV 4X4,Camionnette : ordinaire,3.5,6,A6,X,14.0,10.6,12.5,23,293,4,6
2017,Ford,F-150 FFV 4X4,Camionnette : ordinaire,3.5,6,A6,E,19.0,14.3,16.9,17,281,4,6
2017,Ford,F-150 4X4 (LT Tire Pkg),Camionnette : ordinaire,3.5,6,AS10,X,13.6,10.7,12.3,23,288,4,5
2017,Ford,F-150 4X4 (Payload Pkg),Camionnette : ordinaire,3.5,6,AS10,X,14.0,11.0,12.7,22,298,4,5
2017,Ford,F-150 FFV 4X4,Camionnette : ordinaire,5.0,8,AS6,X,15.9,11.3,13.8,20,323,3,6
2017,Ford,F-150 FFV 4X4,Camionnette : ordinaire,5.0,8,AS6,E,21.5,15.1,18.6,15,305,3,6
2017,Ford,F-150 FFV 4X4 (LT Tire Pkg),Camionnette : ordinaire,5.0,8,AS6,X,16.0,11.8,14.1,20,330,3,6
2017,Ford,F-150 FFV 4X4 (LT Tire Pkg),Camionnette : ordinaire,5.0,8,AS6,E,21.5,15.1,18.6,15,306,3,6
2017,Ford,F-150 FFV 4X4 (Payload Pkg),Camionnette : ordinaire,5.0,8,AS6,X,16.8,12.4,14.8,19,347,2,6
2017,Ford,F-150 FFV 4X4 (Payload Pkg),Camionnette : ordinaire,5.0,8,AS6,E,22.2,16.5,19.6,14,326,3,6
2017,Ford,F-150 Raptor 4X4,Camionnette : ordinaire,3.5,6,AS10,X,15.6,13.2,14.5,19,339,2,5
2017,Ford,Fiesta SFE,Sous-compacte,1.0,3,M5,X,7.6,5.7,6.8,42,158,8,6
2017,Ford,Fiesta,Sous-compacte,1.6,4,AS6,X,8.6,6.4,7.6,37,178,7,6
2017,Ford,Fiesta,Sous-compacte,1.6,4,M5,X,8.6,6.7,7.8,36,182,7,6
2017,Ford,Fiesta ST,Compacte,1.6,4,M6,X,9.0,7.1,8.2,34,192,7,6
2017,Ford,Flex,Véhicule utilitaire sport : ordinaire,3.5,6,AS6,X,14.7,10.2,12.7,22,298,4,6
2017,Ford,Flex AWD,Véhicule utilitaire sport : ordinaire,3.5,6,AS6,X,14.7,10.7,12.9,22,303,3,6
2017,Ford,Flex AWD GTDI,Véhicule utilitaire sport : ordinaire,3.5,6,AS6,X,15.7,11.2,13.7,21,321,3,6
2017,Ford,Focus (Start/Stop),Compacte,1.0,3,AS6,X,8.5,6.2,7.5,38,176,7,6
2017,Ford,Focus (Start/Stop),Compacte,1.0,3,M6,X,7.9,5.9,7.0,40,164,8,6
2017,Ford,Focus FFV,Compacte,2.0,4,AM6,X,9.1,6.4,7.9,36,185,7,6
2017,Ford,Focus FFV,Compacte,2.0,4,AM6,E,12.2,8.8,10.6,27,177,7,6
2017,Ford,Focus FFV,Compacte,2.0,4,AS6,X,9.2,6.6,8.0,35,189,7,6
2017,Ford,Focus FFV,Compacte,2.0,4,AS6,E,12.4,9.1,10.9,26,182,7,6
2017,Ford,Focus FFV,Compacte,2.0,4,M5,X,9.5,7.0,8.3,34,195,6,6
2017,Ford,Focus FFV,Compacte,2.0,4,M5,E,12.9,9.5,11.4,25,188,7,6
2017,Ford,Focus ST,Intermédiaire,2.0,4,M6,X,10.5,7.8,9.3,30,219,5,6
2017,Ford,Focus RS AWD,Intermédiaire,2.3,4,M6,Z,12.2,9.4,10.9,26,256,5,6
2017,Ford,Fusion,Intermédiaire,1.5,4,AS6,X,10.0,7.0,8.7,32,204,6,8
2017,Ford,Fusion,Intermédiaire,2.0,4,AS6,X,11.2,7.6,9.6,29,225,5,7
2017,Ford,Fusion,Intermédiaire,2.5,4,A6,X,11.3,7.5,9.6,29,224,5,7
2017,Ford,Fusion AWD,Intermédiaire,2.0,4,AS6,X,11.8,8.1,10.1,28,238,5,7
2017,Ford,Fusion AWD,Intermédiaire,2.7,6,AS6,X,13.5,9.0,11.5,25,270,4,7
2017,Ford,Fusion Hybrid,Intermédiaire,2.0,4,AV,X,5.5,5.7,5.6,50,131,9,8
2017,Ford,GT,Deux places,3.5,6,AM7,Z,20.6,13.2,17.3,16,406,1,6
2017,Ford,Mustang,Sous-compacte,2.3,4,AS6,X,11.0,7.9,9.6,29,226,5,6
2017,Ford,Mustang (Performance Pkg),Sous-compacte,2.3,4,AS6,X,11.8,8.3,10.2,28,239,5,6
2017,Ford,Mustang,Sous-compacte,2.3,4,M6,X,11.2,7.8,9.8,29,230,5,6
2017,Ford,Mustang (Performance Pkg),Sous-compacte,2.3,4,M6,X,11.2,8.4,9.8,29,230,5,6
2017,Ford,Mustang,Sous-compacte,3.7,6,AS6,X,12.8,8.9,11.1,25,259,4,6
2017,Ford,Mustang,Sous-compacte,3.7,6,M6,X,13.8,8.8,11.5,25,271,4,6
2017,Ford,Mustang,Sous-compacte,5.0,8,AS6,X,15.6,9.6,12.9,22,303,3,6
2017,Ford,Mustang,Sous-compacte,5.0,8,M6,X,15.8,9.8,13.1,22,307,3,6
2017,Ford,Mustang (Performance Pkg),Sous-compacte,5.0,8,M6,X,16.7,10.2,13.8,20,324,3,6
2017,Ford,Mustang Convertible,Sous-compacte,2.3,4,AS6,X,11.8,8.3,10.2,28,239,5,6
2017,Ford,Mustang Convertible,Sous-compacte,2.3,4,M6,X,11.2,8.7,10.1,28,237,5,6
2017,Ford,Mustang Convertible,Sous-compacte,5.0,8,AS6,X,15.5,10.3,13.2,21,309,3,6
2017,Ford,Mustang Convertible,Sous-compacte,5.0,8,M6,X,16.7,10.2,13.8,20,324,3,6
2017,Ford,Shelby GT350 Mustang,Sous-compacte,5.2,8,M6,Z,17.2,11.3,14.6,19,341,2,6
2017,Ford,T-150 Wagon,Fourgon : passager,3.5,6,AS6,X,16.2,12.8,14.6,19,344,2,2
2017,Ford,T-150 Wagon FFV,Fourgon : passager,3.7,6,AS6,X,16.7,13.0,15.1,19,354,2,2
2017,Ford,T-150 Wagon FFV,Fourgon : passager,3.7,6,AS6,E,23.0,18.5,20.9,14,343,2,2
2017,Ford,Taurus,Grande berline,2.0,4,AS6,X,11.8,8.1,10.1,28,238,5,6
2017,Ford,Taurus FFV,Grande berline,3.5,6,AS6,X,13.1,8.7,11.1,25,260,4,6
2017,Ford,Taurus FFV,Grande berline,3.5,6,AS6,E,17.6,11.7,15.0,19,249,5,6
2017,Ford,Taurus AWD,Grande berline,3.5,6,AS6,X,14.7,9.8,12.5,23,293,4,6
2017,Ford,Taurus FFV AWD,Grande berline,3.5,6,AS6,X,13.6,9.9,12.4,23,291,4,6
2017,Ford,Taurus FFV AWD,Grande berline,3.5,6,AS6,E,18.7,13.4,16.3,17,271,4,6
2017,Ford,Transit Connect Van FFV,Véhicule à usage spécial,2.5,4,AS6,X,11.9,8.7,10.4,27,244,5,6
2017,Ford,Transit Connect Van FFV,Véhicule à usage spécial,2.5,4,AS6,E,16.1,11.9,14.2,20,234,5,6
2017,Ford,Transit Connect Wagon LWB FFV,Véhicule à usage spécial,2.5,4,AS6,X,12.4,8.8,10.8,26,253,5,6
2017,Ford,Transit Connect Wagon LWB FFV,Véhicule à usage spécial,2.5,4,AS6,E,16.8,12.1,14.7,19,242,5,6
2017,Genesis,G80 AWD,Grande berline,3.8,6,AS8,X,14.3,9.5,12.1,23,286,4,6
2017,Genesis,G80 AWD,Grande berline,5.0,8,AS8,Z,17.2,10.5,14.2,20,332,3,6
2017,Genesis,G90 AWD,Grande berline,3.3,6,AS8,Z,13.7,9.7,11.9,24,279,4,6
2017,Genesis,G90 AWD,Grande berline,5.0,8,AS8,Z,15.2,10.2,13.0,22,306,3,7
2017,GMC,Acadia,Véhicule utilitaire sport : ordinaire,2.5,4,A6,X,11.0,9.2,10.2,28,239,5,6
2017,GMC,Acadia,Véhicule utilitaire sport : ordinaire,3.6,6,A6,X,13.0,9.3,11.3,25,265,4,5
2017,GMC,Acadia AWD,Véhicule utilitaire sport : ordinaire,2.5,4,A6,X,11.2,9.4,10.4,27,243,5,6
2017,GMC,Acadia AWD,Véhicule utilitaire sport : ordinaire,3.6,6,A6,X,13.3,9.5,11.6,24,271,4,5
2017,GMC,Canyon,Camionnette : petite,2.5,4,A6,X,12.0,9.2,10.7,26,252,5,6
2017,GMC,Canyon,Camionnette : petite,2.5,4,M6,X,12.2,9.2,10.9,26,254,5,6
2017,GMC,Canyon,Camionnette : petite,2.8,4,A6,D,10.8,7.9,9.5,30,255,5,6
2017,GMC,Canyon,Camionnette : petite,3.6,6,A8,X,13.4,9.6,11.7,24,274,4,7
2017,GMC,Canyon 4WD,Camionnette : petite,2.5,4,A6,X,12.7,9.6,11.3,25,263,4,6
2017,GMC,Canyon 4WD,Camionnette : petite,2.8,4,A6,D,12.1,8.4,10.4,27,280,4,6
2017,GMC,Canyon 4WD,Camionnette : petite,3.6,6,A8,X,14.0,9.9,12.2,23,286,4,7
2017,GMC,Savana 2500 Passenger,Fourgon : passager,6.0,8,A6,X,21.8,14.8,18.6,15,438,1,2
2017,GMC,Savana 3500 Passenger,Fourgon : passager,6.0,8,A6,X,22.3,14.9,19.0,15,445,1,2
2017,GMC,Sierra FFV,Camionnette : ordinaire,4.3,6,A6,X,13.4,10.0,11.9,24,279,4,7
2017,GMC,Sierra FFV,Camionnette : ordinaire,4.3,6,A6,E,19.3,14.3,17.1,17,284,4,7
2017,GMC,Sierra,Camionnette : ordinaire,5.3,8,A6,X,14.6,10.3,12.7,22,297,4,5
2017,GMC,Sierra FFV,Camionnette : ordinaire,5.3,8,A6,X,14.6,10.3,12.7,22,298,4,5
2017,GMC,Sierra FFV,Camionnette : ordinaire,5.3,8,A6,E,19.7,13.9,17.1,17,284,4,5
2017,GMC,Sierra,Camionnette : ordinaire,5.3,8,A8,X,15.2,10.7,13.1,22,309,3,5
2017,GMC,Sierra eAssist 4WD,Camionnette : ordinaire,5.3,8,A8,X,14.4,11.2,13.0,22,303,3,5
2017,GMC,Sierra,Camionnette : ordinaire,6.2,8,A8,Z,15.9,11.2,13.8,20,323,3,5
2017,GMC,Sierra 4WD FFV,Camionnette : ordinaire,4.3,6,A6,X,14.1,10.6,12.5,23,294,4,7
2017,GMC,Sierra 4WD FFV,Camionnette : ordinaire,4.3,6,A6,E,20.3,15.2,18.0,16,294,4,7
2017,GMC,Sierra 4WD,Camionnette : ordinaire,5.3,8,A6,X,15.0,10.7,13.1,22,307,3,5
2017,GMC,Sierra 4WD FFV,Camionnette : ordinaire,5.3,8,A6,X,15.0,10.7,13.1,22,307,3,5
2017,GMC,Sierra 4WD FFV,Camionnette : ordinaire,5.3,8,A6,E,20.7,14.4,17.9,16,317,3,5
2017,GMC,Sierra 4WD,Camionnette : ordinaire,5.3,8,A8,X,15.9,11.5,13.9,20,327,3,5
2017,GMC,Sierra 4WD,Camionnette : ordinaire,6.2,8,A8,Z,16.0,11.7,14.1,20,330,3,5
2017,GMC,Terrain,Véhicule utilitaire sport : petit,2.4,4,A6,X,11.0,7.5,9.4,30,221,5,6
2017,GMC,Terrain FFV,Véhicule utilitaire sport : petit,2.4,4,A6,X,11.0,7.5,9.4,30,221,5,6
2017,GMC,Terrain FFV,Véhicule utilitaire sport : petit,2.4,4,A6,E,15.6,11.0,13.6,21,223,5,6
2017,GMC,Terrain,Véhicule utilitaire sport : petit,3.6,6,A6,X,14.1,9.7,12.1,23,285,4,6
2017,GMC,Terrain AWD,Véhicule utilitaire sport : petit,2.4,4,A6,X,11.5,8.3,10.1,28,237,5,6
2017,GMC,Terrain AWD,Véhicule utilitaire sport : petit,3.6,6,A6,X,15.0,10.4,13.0,22,304,3,6
2017,GMC,Yukon,Véhicule utilitaire sport : ordinaire,5.3,8,A6,X,15.1,10.4,13.0,22,305,3,5
2017,GMC,Yukon FFV,Véhicule utilitaire sport : ordinaire,5.3,8,A6,X,15.1,10.4,13.0,22,305,3,5
2017,GMC,Yukon FFV,Véhicule utilitaire sport : ordinaire,5.3,8,A6,E,20.0,13.5,17.1,17,284,4,5
2017,GMC,Yukon 4WD,Véhicule utilitaire sport : ordinaire,5.3,8,A6,X,15.2,10.8,13.2,21,310,3,5
2017,GMC,Yukon 4WD FFV,Véhicule utilitaire sport : ordinaire,5.3,8,A6,X,15.2,10.8,13.2,21,310,3,5
2017,GMC,Yukon 4WD FFV,Véhicule utilitaire sport : ordinaire,5.3,8,A6,E,20.8,14.5,18.0,16,299,3,5
2017,GMC,Yukon Denali 4WD,Véhicule utilitaire sport : ordinaire,6.2,8,A8,Z,16.0,11.7,14.1,20,330,3,5
2017,GMC,Yukon XL,Véhicule utilitaire sport : ordinaire,5.3,8,A6,X,15.1,10.4,13.0,22,305,3,5
2017,GMC,Yukon XL FFV,Véhicule utilitaire sport : ordinaire,5.3,8,A6,X,15.1,10.4,13.0,22,305,3,5
2017,GMC,Yukon XL FFV,Véhicule utilitaire sport : ordinaire,5.3,8,A6,E,20.0,13.5,17.1,17,284,4,5
2017,GMC,Yukon XL 4WD,Véhicule utilitaire sport : ordinaire,5.3,8,A6,X,15.4,10.8,13.3,21,312,3,5
2017,GMC,Yukon XL 4WD FFV,Véhicule utilitaire sport : ordinaire,5.3,8,A6,X,15.4,10.8,13.3,21,312,3,5
2017,GMC,Yukon XL 4WD FFV,Véhicule utilitaire sport : ordinaire,5.3,8,A6,E,22.1,15.4,19.1,15,317,3,5
2017,GMC,Yukon XL Denali 4WD,Véhicule utilitaire sport : ordinaire,6.2,8,A8,Z,16.3,11.7,14.2,20,333,3,5
2017,Honda,Accord,Intermédiaire,2.4,4,AV7,X,9.2,6.9,8.2,34,190,7,8
2017,Honda,Accord,Intermédiaire,2.4,4,M6,X,10.4,7.4,9.0,31,210,6,6
2017,Honda,Accord Coupe,Intermédiaire,3.5,6,AS6,X,11.4,7.4,9.6,29,225,5,6
2017,Honda,Accord Coupe,Intermédiaire,3.5,6,M6,X,12.9,8.4,10.9,26,254,5,6
2017,Honda,Accord Sedan,Intermédiaire,2.4,4,AV,X,8.7,6.6,7.8,36,180,7,8
2017,Honda,Accord Sedan,Intermédiaire,3.5,6,A6,X,11.4,7.2,9.5,30,223,5,6
2017,Honda,Accord Hybrid,Intermédiaire,2.0,4,AV,X,4.9,5.1,5.0,56,114,10,8
2017,Honda,Civic Coupe,Compacte,1.5,4,AV7,X,7.5,5.9,6.8,42,158,8,6
2017,Honda,Civic Coupe,Compacte,1.5,4,M6,X,7.7,5.7,6.8,42,159,8,6
2017,Honda,Civic Coupe,Compacte,2.0,4,AV,X,7.8,6.0,7.0,40,163,8,6
2017,Honda,Civic Coupe,Compacte,2.0,4,M6,X,8.5,6.1,7.4,38,173,7,6
2017,Honda,Civic Hatchback,Grande berline,1.5,4,AV,X,7.7,6.0,6.9,41,162,8,6
2017,Honda,Civic Hatchback,Grande berline,1.5,4,AV7,Z,7.9,6.6,7.3,39,170,7,6
2017,Honda,Civic Hatchback,Grande berline,1.5,4,AV7,X,7.9,6.6,7.3,39,170,7,6
2017,Honda,Civic Hatchback,Grande berline,1.5,4,M6,Z,8.0,6.2,7.2,39,167,8,6
2017,Honda,Civic Hatchback,Grande berline,1.5,4,M6,X,8.0,6.2,7.2,39,167,8,6
2017,Honda,Civic Sedan,Intermédiaire,1.5,4,AV,X,7.4,5.6,6.6,43,153,8,6
2017,Honda,Civic Sedan,Intermédiaire,2.0,4,AV,X,7.8,6.0,7.0,40,163,8,6
2017,Honda,Civic Sedan,Intermédiaire,2.0,4,M6,X,8.5,6.0,7.4,38,172,7,6
2017,Honda,CR-V,Véhicule utilitaire sport : petit,1.5,4,AV,X,8.4,7.0,7.8,36,181,7,7
2017,Honda,CR-V AWD,Véhicule utilitaire sport : petit,1.5,4,AV,X,8.7,7.2,8.0,35,188,7,7
2017,Honda,Fit,Familiale : petite,1.5,4,AV,X,7.0,5.9,6.5,43,154,8,6
2017,Honda,Fit,Familiale : petite,1.5,4,AV7,X,7.6,6.4,7.0,40,164,8,6
2017,Honda,Fit,Familiale : petite,1.5,4,M6,X,8.1,6.6,7.4,38,174,7,6
2017,Honda,HR-V,Familiale : petite,1.8,4,AV,X,8.3,6.9,7.7,37,180,7,6
2017,Honda,HR-V,Familiale : petite,1.8,4,AV7,X,8.3,6.9,7.7,37,180,7,6
2017,Honda,HR-V,Familiale : petite,1.8,4,M6,X,9.4,7.1,8.4,34,195,6,6
2017,Honda,HR-V AWD,Familiale : petite,1.8,4,AV,X,8.9,7.5,8.2,34,194,7,6
2017,Honda,HR-V AWD,Familiale : petite,1.8,4,AV7,X,8.9,7.5,8.2,34,194,7,6
2017,Honda,Odyssey,Fourgonnette,3.5,6,A6,X,12.3,8.6,10.7,26,251,5,5
2017,Honda,Pilot,Véhicule utilitaire sport : petit,3.5,6,A6,X,12.4,8.8,10.8,26,254,5,6
2017,Honda,Pilot AWD,Véhicule utilitaire sport : petit,3.5,6,A6,X,13.0,9.3,11.3,25,266,4,6
2017,Honda,Pilot AWD,Véhicule utilitaire sport : petit,3.5,6,AS9,X,12.4,9.3,11.0,26,256,5,6
2017,Honda,Ridgeline AWD,Camionnette : ordinaire,3.5,6,A6,X,12.8,9.5,11.3,25,264,4,6
2017,Hyundai,Accent,Compacte,1.6,4,AS6,X,8.9,6.6,7.9,36,182,7,6
2017,Hyundai,Accent,Compacte,1.6,4,M6,X,8.8,6.5,7.8,36,184,7,6
2017,Hyundai,Elantra,Intermédiaire,2.0,4,AS6,X,8.3,6.4,7.4,38,174,7,7
2017,Hyundai,Elantra,Intermédiaire,2.0,4,M6,X,9.1,6.6,8.0,35,187,7,7
2017,Hyundai,Elantra GT,Intermédiaire,2.0,4,AS6,X,9.8,7.3,8.7,32,206,6,6
2017,Hyundai,Elantra GT,Intermédiaire,2.0,4,M6,X,9.8,7.2,8.7,32,204,6,6
2017,Hyundai,IONIQ,Grande berline,1.6,4,AM6,X,4.3,4.4,4.4,64,103,10,8
2017,Hyundai,IONIQ Blue,Grande berline,1.6,4,AM6,X,4.2,4.0,4.1,69,96,10,8
2017,Hyundai,Santa Fe,Véhicule utilitaire sport : petit,3.3,6,AS6,X,12.9,9.4,11.3,25,265,4,6
2017,Hyundai,Santa Fe AWD,Véhicule utilitaire sport : petit,3.3,6,AS6,X,13.0,9.7,11.5,25,269,4,6
2017,Hyundai,Santa Fe Ultimate AWD,Véhicule utilitaire sport : petit,3.3,6,AS6,X,13.9,10.8,12.5,23,295,4,6
2017,Hyundai,Santa Fe Sport,Véhicule utilitaire sport : petit,2.4,4,AS6,X,11.1,8.6,10.0,28,235,5,7
2017,Hyundai,Santa Fe Sport AWD,Véhicule utilitaire sport : petit,2.0,4,AS6,X,12.5,9.6,11.2,25,264,4,6
2017,Hyundai,Santa Fe Sport AWD,Véhicule utilitaire sport : petit,2.4,4,AS6,X,12.0,9.1,10.7,26,253,5,7
2017,Hyundai,Sonata,Grande berline,2.0,4,AS6,X,10.5,7.6,9.2,31,216,6,6
2017,Hyundai,Sonata,Grande berline,2.4,4,AS6,X,9.4,6.7,8.2,34,194,7,7
2017,Hyundai,Sonata Sport/Limited,Grande berline,2.4,4,AS6,X,10.0,7.2,8.7,32,207,6,7
2017,Hyundai,Sonata Hybrid,Intermédiaire,2.0,4,AS6,X,6.3,5.7,6.0,47,143,9,6
2017,Hyundai,Sonata Hybrid SE,Intermédiaire,2.0,4,AS6,X,6.0,5.3,5.7,50,137,9,6
2017,Hyundai,Tucson,Véhicule utilitaire sport : petit,1.6,4,AM7,X,9.9,8.5,9.3,30,221,5,6
2017,Hyundai,Tucson,Véhicule utilitaire sport : petit,2.0,4,AS6,X,10.1,7.8,9.0,31,213,6,6
2017,Hyundai,Tucson AWD,Véhicule utilitaire sport : petit,2.0,4,AS6,X,11.0,9.1,10.2,28,241,5,6
2017,Hyundai,Veloster,Compacte,1.6,4,AM6,X,8.3,6.7,7.6,37,180,7,6
2017,Hyundai,Veloster,Compacte,1.6,4,M6,X,8.9,6.9,8.0,35,188,7,6
2017,Hyundai,Veloster Turbo,Compacte,1.6,4,AS6,X,8.9,7.3,8.2,34,193,7,6
2017,Hyundai,Veloster Turbo,Compacte,1.6,4,M6,X,9.4,7.2,8.4,34,200,6,6
2017,Infiniti,Q50 AWD,Intermédiaire,2.0,4,AS7,Z,10.7,8.4,9.6,29,226,5,6
2017,Infiniti,Q50 AWD,Intermédiaire,3.0,6,AS7,Z,12.6,8.8,10.9,26,256,5,6
2017,Infiniti,Q50 Hybrid AWD,Compacte,3.5,6,AS7,Z,9.1,7.7,8.5,33,200,6,6
2017,Infiniti,Q50S Red Sport AWD,Intermédiaire,3.0,6,AS7,Z,12.3,9.2,10.9,26,257,5,6
2017,Infiniti,Q60 AWD,Sous-compacte,2.0,4,AS7,Z,11.2,8.5,10.0,28,233,5,6
2017,Infiniti,Q60 AWD,Sous-compacte,3.0,6,AS7,Z,12.4,8.8,10.8,26,253,5,6
2017,Infiniti,Q60S Red Sport AWD,Sous-compacte,3.0,6,AS7,Z,12.5,9.2,11.0,26,259,4,6
2017,Infiniti,Q70 AWD,Intermédiaire,3.7,6,AS7,Z,13.2,9.8,11.7,24,274,4,6
2017,Infiniti,Q70 AWD,Intermédiaire,5.6,8,AS7,Z,14.9,10.2,12.8,22,300,3,6
2017,Infiniti,Q70 Hybrid,Intermédiaire,3.5,6,AS7,Z,8.4,7.1,7.8,36,184,7,6
2017,Infiniti,QX30,Compacte,2.0,4,AM7,Z,9.7,7.1,8.5,33,200,6,6
2017,Infiniti,QX30 AWD,Compacte,2.0,4,AM7,Z,10.6,8.0,9.4,30,221,5,6
2017,Infiniti,QX50 AWD,Familiale : petite,3.7,6,AS7,Z,13.7,9.8,11.9,24,280,4,6
2017,Infiniti,QX60,Véhicule utilitaire sport : petit,3.5,6,AV7,Z,11.9,8.8,10.5,27,246,5,7
2017,Infiniti,QX60 AWD,Véhicule utilitaire sport : petit,3.5,6,AV7,Z,12.5,9.1,10.9,26,257,4,6
2017,Infiniti,QX60 Hybrid AWD,Véhicule utilitaire sport : ordinaire,2.5,4,AV7,X,9.5,8.6,9.1,31,214,6,6
2017,Infiniti,QX70 AWD,Véhicule utilitaire sport : petit,3.7,6,AS7,Z,14.5,10.8,12.8,22,301,3,6
2017,Infiniti,QX80 4WD,Véhicule utilitaire sport : ordinaire,5.6,8,AS7,Z,17.4,12.2,15.1,19,355,2,6
2017,Jaguar,F-PACE 35t,Véhicule utilitaire sport : petit,3.0,6,AS8,Z,13.3,10.0,11.8,24,277,4,8
2017,Jaguar,F-TYPE Convertible,Deux places,3.0,6,AS8,Z,11.9,8.5,10.4,27,242,5,8
2017,Jaguar,F-TYPE Convertible,Deux places,3.0,6,M6,Z,14.9,9.8,12.6,22,296,4,8
2017,Jaguar,F-TYPE Coupe,Deux places,3.0,6,AS8,Z,11.9,8.5,10.4,27,242,5,8
2017,Jaguar,F-TYPE Coupe,Deux places,3.0,6,M6,Z,14.9,9.8,12.6,22,296,4,8
2017,Jaguar,F-TYPE R Convertible AWD,Deux places,5.0,8,AS8,Z,15.6,10.4,13.3,21,311,3,6
2017,Jaguar,F-TYPE R Coupe AWD,Deux places,5.0,8,AS6,Z,15.6,10.4,13.3,21,311,3,6
2017,Jaguar,F-TYPE S Convertible,Deux places,3.0,6,AS8,Z,12.4,8.8,10.8,26,253,5,8
2017,Jaguar,F-TYPE S Convertible,Deux places,3.0,6,M6,Z,15.3,10.0,12.9,22,302,3,8
2017,Jaguar,F-TYPE S Convertible AWD,Deux places,3.0,6,AS8,Z,13.0,9.2,11.3,25,265,4,8
2017,Jaguar,F-TYPE S Coupe,Deux places,3.0,6,AS8,Z,12.4,8.8,10.8,26,253,5,8
2017,Jaguar,F-TYPE S Coupe,Deux places,3.0,6,M6,Z,15.3,10.0,12.9,22,302,3,8
2017,Jaguar,F-TYPE S Coupe AWD,Deux places,3.0,6,AS8,Z,13.0,9.2,11.3,25,265,4,8
2017,Jaguar,XE 20d AWD,Compacte,2.0,4,AS8,D,7.8,5.8,6.9,41,186,7,5
2017,Jaguar,XE 35t AWD,Compacte,3.0,6,AS8,Z,11.8,8.2,10.2,28,238,5,8
2017,Jaguar,XF 20d AWD,Intermédiaire,2.0,4,AS8,D,7.8,5.8,6.9,41,186,7,5
2017,Jaguar,XF 35t AWD,Intermédiaire,3.0,6,AS8,Z,12.0,8.4,10.4,27,243,5,8
2017,Jaguar,XJ R-Sport 3.0 AWD,Grande berline,3.0,6,AS8,Z,14.0,9.0,11.8,24,276,4,8
2017,Jaguar,XJL Portfolio 3.0 AWD,Grande berline,3.0,6,AS8,Z,14.0,9.4,11.9,24,280,4,8
2017,Jaguar,XJR,Grande berline,5.0,8,AS8,Z,15.8,10.3,13.3,21,313,3,6
2017,Jaguar,XJR LWB,Grande berline,5.0,8,AS8,Z,15.8,10.3,13.3,21,313,3,6
2017,Jeep,Cherokee,Véhicule utilitaire sport : petit,2.4,4,A9,X,11.0,7.8,9.6,29,225,5,6
2017,Jeep,Cherokee,Véhicule utilitaire sport : petit,3.2,6,A9,X,11.4,8.3,10.0,28,234,5,6
2017,Jeep,Cherokee 4X4 Active Drive I,Véhicule utilitaire sport : petit,2.4,4,A9,X,11.3,8.4,10.0,28,235,5,6
2017,Jeep,Cherokee 4X4 Active Drive I,Véhicule utilitaire sport : petit,3.2,6,A9,X,11.6,8.6,10.3,27,241,5,6
2017,Jeep,Cherokee 4X4 Active Drive II,Véhicule utilitaire sport : petit,2.4,4,A9,X,11.4,8.7,10.2,28,240,5,5
2017,Jeep,Cherokee 4X4 Active Drive II,Véhicule utilitaire sport : petit,3.2,6,A9,X,12.8,9.0,11.1,25,259,4,6
2017,Jeep,Cherokee 4X4 Active Drive Lock,Véhicule utilitaire sport : petit,2.4,4,A9,X,12.1,9.4,10.9,26,256,5,5
2017,Jeep,Cherokee 4X4 Active Drive Lock,Véhicule utilitaire sport : petit,3.2,6,A9,X,12.9,9.9,11.6,24,269,4,6
2017,Jeep,Compass,Véhicule utilitaire sport : petit,2.0,4,AV,X,10.8,9.0,10.0,28,235,5,6
2017,Jeep,Compass,Véhicule utilitaire sport : petit,2.0,4,M5,X,10.3,7.9,9.3,30,216,6,5
2017,Jeep,Compass,Véhicule utilitaire sport : petit,2.4,4,A6,X,11.3,8.7,10.1,28,238,5,6
2017,Jeep,Compass,Véhicule utilitaire sport : petit,2.4,4,M5,X,10.2,8.3,9.3,30,219,5,5
2017,Jeep,Compass 4X4,Véhicule utilitaire sport : petit,2.4,4,A6,X,11.7,9.2,10.6,27,249,5,6
2017,Jeep,Compass 4X4,Véhicule utilitaire sport : petit,2.4,4,AV,X,11.7,10.3,11.1,25,259,4,6
2017,Jeep,Compass 4X4,Véhicule utilitaire sport : petit,2.4,4,M5,X,10.6,8.7,9.8,29,230,5,5
2017,Jeep,Grand Cherokee 4X4,Véhicule utilitaire sport : ordinaire,3.6,6,A8,X,12.7,9.6,11.3,25,265,4,6
2017,Jeep,Grand Cherokee 4X4,Véhicule utilitaire sport : ordinaire,5.7,8,A8,X,16.6,10.7,14.0,20,328,3,6
2017,Jeep,Grand Cherokee SRT8,Véhicule utilitaire sport : ordinaire,6.4,8,A8,Z,18.3,12.6,15.7,18,368,2,5
2017,Jeep,New Compass,Véhicule utilitaire sport : petit,2.4,4,A6,X,10.6,7.6,9.3,30,218,5,6
2017,Jeep,New Compass,Véhicule utilitaire sport : petit,2.4,4,M6,X,10.4,7.3,9.0,31,211,6,6
2017,Jeep,New Compass 4X4,Véhicule utilitaire sport : petit,2.4,4,A9,X,10.8,7.8,9.5,30,222,5,6
2017,Jeep,New Compass 4X4,Véhicule utilitaire sport : petit,2.4,4,M6,X,10.8,7.6,9.4,30,221,5,6
2017,Jeep,Patriot,Véhicule utilitaire sport : petit,2.0,4,AV,X,10.8,9.0,10.0,28,235,5,6
2017,Jeep,Patriot,Véhicule utilitaire sport : petit,2.0,4,M5,X,10.3,7.9,9.3,30,216,6,5
2017,Jeep,Patriot,Véhicule utilitaire sport : petit,2.4,4,A6,X,11.3,8.7,10.1,28,238,5,6
2017,Jeep,Patriot,Véhicule utilitaire sport : petit,2.4,4,M5,X,10.2,8.3,9.3,30,219,5,5
2017,Jeep,Patriot 4X4,Véhicule utilitaire sport : petit,2.4,4,A6,X,11.7,9.2,10.6,27,249,5,6
2017,Jeep,Patriot 4X4,Véhicule utilitaire sport : petit,2.4,4,AV,X,11.7,10.3,11.1,25,259,4,6
2017,Jeep,Patriot 4X4,Véhicule utilitaire sport : petit,2.4,4,M5,X,10.6,8.7,9.8,29,230,5,5
2017,Jeep,Renegade,Véhicule utilitaire sport : petit,1.4,4,M6,X,9.9,7.7,8.9,32,209,6,6
2017,Jeep,Renegade FFV,Véhicule utilitaire sport : petit,2.4,4,A9,X,10.8,7.8,9.5,30,222,5,6
2017,Jeep,Renegade FFV,Véhicule utilitaire sport : petit,2.4,4,A9,E,14.4,10.2,12.5,23,206,6,6
2017,Jeep,Renegade 4X4,Véhicule utilitaire sport : petit,1.4,4,M6,X,9.9,7.7,8.9,32,211,6,6
2017,Jeep,Renegade 4X4,Véhicule utilitaire sport : petit,2.4,4,A9,X,11.2,8.2,9.8,29,230,5,6
2017,Jeep,Wrangler 4X4,Véhicule utilitaire sport : petit,3.6,6,A5,X,14.1,11.1,12.8,22,299,3,6
2017,Jeep,Wrangler 4X4,Véhicule utilitaire sport : petit,3.6,6,M6,X,14.2,11.0,12.8,22,298,4,6
2017,Jeep,Wrangler Unlimited 4X4,Véhicule utilitaire sport : petit,3.6,6,A5,X,14.7,11.7,13.4,21,313,3,6
2017,Jeep,Wrangler Unlimited 4X4,Véhicule utilitaire sport : petit,3.6,6,M6,X,15.0,11.4,13.3,21,312,3,6
2017,Kia,Cadenza,Grande berline,3.3,6,AS8,X,11.5,8.5,10.2,28,237,5,6
2017,Kia,Forte (GDI),Intermédiaire,2.0,4,AS6,X,9.4,7.0,8.3,34,198,6,6
2017,Kia,Forte (MPI),Intermédiaire,2.0,4,AS6,X,7.9,6.3,7.2,39,170,7,7
2017,Kia,Forte,Intermédiaire,2.0,4,M6,X,9.4,6.8,8.3,34,195,6,7
2017,Kia,Forte 5,Grande berline,1.6,4,AM7,X,9.4,7.9,8.7,32,207,6,6
2017,Kia,Forte 5,Grande berline,2.0,4,AS6,X,9.7,7.0,8.3,34,197,6,6
2017,Kia,Forte 5,Grande berline,2.0,4,M6,X,9.8,7.3,8.7,32,204,6,6
2017,Kia,Forte Koup,Compacte,1.6,4,AM7,X,9.6,7.4,8.6,33,204,6,6
2017,Kia,Forte Koup,Compacte,1.6,4,M6,X,10.1,8.0,9.2,31,216,6,6
2017,Kia,Forte Koup,Compacte,2.0,4,AS6,X,9.6,7.3,8.6,33,203,6,6
2017,Kia,Forte Koup,Compacte,2.0,4,M6,X,9.9,7.6,8.8,32,209,6,6
2017,Kia,K900,Grande berline,3.8,6,AS8,X,13.8,9.3,11.8,24,279,4,6
2017,Kia,K900,Grande berline,5.0,8,AS8,Z,15.6,10.6,13.3,21,317,3,6
2017,Kia,Niro,Familiale : petite,1.6,4,AM6,X,4.6,5.1,4.8,59,114,10,8
2017,Kia,Niro FE,Familiale : petite,1.6,4,AM6,X,4.5,4.8,4.7,60,110,10,8
2017,Kia,Niro Touring,Familiale : petite,1.6,4,AM6,X,5.1,5.8,5.4,52,129,9,8
2017,Kia,Optima,Grande berline,2.4,4,AS6,X,9.6,6.8,8.4,34,198,6,7
2017,Kia,Optima FE,Grande berline,2.4,4,AS6,X,9.3,6.6,8.0,35,190,7,7
2017,Kia,Optima Turbo,Grande berline,2.0,4,AS6,X,10.9,7.6,9.4,30,224,5,6
2017,Kia,Optima Hybrid,Intermédiaire,2.0,4,AS6,X,6.0,5.1,5.6,50,132,9,6
2017,Kia,Rio,Compacte,1.6,4,AS6,X,8.8,6.5,7.8,36,181,7,6
2017,Kia,Rio,Compacte,1.6,4,M6,X,8.8,6.6,7.8,36,181,7,6
2017,Kia,Rondo,Familiale : intermédiaire,2.0,4,AS6,X,9.9,7.6,8.9,32,210,6,7
2017,Kia,Sedona,Fourgonnette,3.3,6,AS6,X,13.2,9.7,11.6,24,275,4,6
2017,Kia,Sedona SX,Fourgonnette,3.3,6,AS6,X,12.9,9.5,11.4,25,269,4,6
2017,Kia,Sedona SXL,Fourgonnette,3.3,6,AS6,X,14.1,10.5,12.5,23,296,4,6
2017,Kia,Sorento,Véhicule utilitaire sport : petit,2.4,4,AS6,X,11.2,8.3,9.9,29,234,5,7
2017,Kia,Sorento AWD,Véhicule utilitaire sport : petit,2.0,4,AS6,X,12.3,9.4,11.0,26,259,4,6
2017,Kia,Sorento AWD,Véhicule utilitaire sport : petit,2.4,4,AS6,X,11.5,9.3,10.5,27,246,5,7
2017,Kia,Sorento AWD,Véhicule utilitaire sport : petit,3.3,6,AS6,X,14.0,10.1,12.2,23,289,4,6
2017,Kia,Sorento AWD FE,Véhicule utilitaire sport : petit,3.3,6,AS6,X,13.2,9.3,11.4,25,270,4,6
2017,Kia,Soul,Familiale : petite,1.6,4,AS6,X,9.4,7.8,8.7,32,205,6,6
2017,Kia,Soul,Familiale : petite,1.6,4,M6,X,9.7,7.8,8.8,32,208,6,6
2017,Kia,Soul,Familiale : petite,2.0,4,AS6,X,9.5,7.8,8.7,32,206,6,7
2017,Kia,Soul Turbo,Familiale : petite,1.6,4,AM7,X,9.1,7.7,8.5,33,199,6,6
2017,Kia,Sportage,Véhicule utilitaire sport : petit,2.4,4,AS6,X,10.4,8.0,9.3,30,220,5,7
2017,Kia,Sportage AWD,Véhicule utilitaire sport : petit,2.0,4,AS6,X,11.9,10.2,11.1,25,263,4,6
2017,Kia,Sportage AWD,Véhicule utilitaire sport : petit,2.4,4,AS6,X,11.3,9.5,10.5,27,247,5,7
2017,Lamborghini,Aventador Coupe,Deux places,6.5,12,AM7,Z,22.2,12.7,17.9,16,428,1,5
2017,Lamborghini,Aventador Coupe LP 740,Deux places,6.5,12,AM7,Z,23.9,14.5,19.7,14,461,1,5
2017,Lamborghini,Aventador Roadster,Deux places,6.5,12,AM7,Z,23.0,13.5,18.7,15,438,1,5
2017,Lamborghini,Aventador Roadster LP 740,Deux places,6.5,12,AM7,Z,23.9,14.5,19.7,14,461,1,5
2017,Lamborghini,Huracan,Deux places,5.2,10,AM7,Z,16.4,11.4,14.2,20,331,3,5
2017,Lamborghini,Huracan Spyder,Deux places,5.2,10,AM7,Z,16.9,11.8,14.6,19,340,2,5
2017,Land Rover,Discovery Sport,Véhicule utilitaire sport : petit,2.0,4,AS9,Z,12.0,9.2,10.7,26,252,5,8
2017,Land Rover,Range Rover Evoque,Véhicule utilitaire sport : petit,2.0,4,AS9,Z,11.3,8.0,9.8,29,231,5,8
2017,Land Rover,Range Rover Evoque Convertible,Véhicule utilitaire sport : petit,2.0,4,AS9,Z,12.0,8.5,10.4,27,243,5,8
2017,Lexus,CT 200h,Compacte,1.8,4,AV,X,5.5,5.9,5.7,50,132,9,8
2017,Lexus,ES 300h,Intermédiaire,2.5,4,AV6,X,5.8,6.1,5.9,48,139,9,8
2017,Lexus,ES 350,Intermédiaire,3.5,6,AS6,X,11.4,7.7,9.7,29,226,5,6
2017,Lexus,GS 350 AWD,Intermédiaire,3.5,6,AS6,Z,12.4,9.2,11.0,26,257,5,7
2017,Lexus,GS 450h,Intermédiaire,3.5,6,AV8,Z,8.0,6.9,7.5,38,176,7,8
2017,Lexus,GS F,Compacte,5.0,8,AS8,Z,14.9,9.7,12.5,23,293,4,7
2017,Lexus,GX 460,Véhicule utilitaire sport : ordinaire,4.6,8,AS6,Z,16.0,12.9,14.6,19,341,2,6
2017,Lexus,IS 200t,Compacte,2.0,4,AS8,Z,10.6,7.3,9.1,31,214,6,6
2017,Lexus,IS 300 AWD,Compacte,3.5,6,AS6,Z,12.6,9.2,11.0,26,258,4,6
2017,Lexus,IS 350 AWD,Compacte,3.5,6,AS6,Z,12.6,9.2,11.0,26,258,4,6
2017,Lexus,LS 460 AWD,Intermédiaire,4.6,8,AS8,Z,15.1,10.3,12.9,22,303,3,6
2017,Lexus,LS 460 L AWD,Intermédiaire,4.6,8,AS8,Z,15.1,10.3,12.9,22,303,3,6
2017,Lexus,LX 570,Véhicule utilitaire sport : ordinaire,5.7,8,AS8,Z,18.2,13.0,15.8,18,372,2,5
2017,Lexus,NX 200t AWD,Véhicule utilitaire sport : petit,2.0,4,AS6,Z,10.7,8.5,9.7,29,226,5,6
2017,Lexus,NX 200t AWD F SPORT,Véhicule utilitaire sport : petit,2.0,4,AS6,Z,10.8,8.9,9.9,29,232,5,6
2017,Lexus,NX 300h AWD,Véhicule utilitaire sport : petit,2.5,4,AV6,X,7.2,7.9,7.5,38,176,7,8
2017,Lexus,RC 300 AWD,Sous-compacte,3.5,6,AS6,Z,12.6,9.2,11.0,26,258,4,6
2017,Lexus,RC 350 AWD,Sous-compacte,3.5,6,AS6,Z,12.6,9.2,11.0,26,258,4,6
2017,Lexus,RC F,Sous-compacte,5.0,8,AS8,Z,15.2,9.5,12.6,22,289,4,7
2017,Lexus,RX 350 AWD,Véhicule utilitaire sport : petit,3.5,6,AS8,X,12.2,9.0,10.8,26,252,5,7
2017,Lexus,RX 450h AWD,Véhicule utilitaire sport : ordinaire,3.5,6,AV6,Z,7.5,8.4,7.9,36,185,7,8
2017,Lincoln,Continental AWD,Grande berline,2.7,6,AS6,X,14.0,9.5,12.0,24,281,4,7
2017,Lincoln,Continental AWD,Grande berline,3.0,6,AS6,X,14.4,9.7,12.3,23,288,4,7
2017,Lincoln,Continental AWD,Grande berline,3.7,6,AS6,X,14.3,9.7,12.2,23,287,4,6
2017,Lincoln,MKC AWD,Véhicule utilitaire sport : petit,2.0,4,AS6,X,12.3,9.3,10.9,26,256,5,7
2017,Lincoln,MKC AWD (Start/Stop),Véhicule utilitaire sport : petit,2.0,4,AS6,X,12.1,9.3,10.8,26,254,5,7
2017,Lincoln,MKC AWD,Véhicule utilitaire sport : petit,2.3,4,AS6,X,13.1,9.4,11.4,25,268,4,6
2017,Lincoln,MKT AWD,Véhicule utilitaire sport : ordinaire,3.5,6,AS6,X,15.7,11.2,13.7,21,321,3,6
2017,Lincoln,MKT Livery AWD,Véhicule à usage spécial,3.7,6,A6,X,14.7,10.2,12.7,22,298,4,6
2017,Lincoln,MKX AWD,Véhicule utilitaire sport : petit,2.7,6,AS6,X,14.1,9.8,12.1,23,284,4,7
2017,Lincoln,MKX AWD,Véhicule utilitaire sport : petit,3.7,6,AS6,X,14.4,10.3,12.5,23,293,4,6
2017,Lincoln,MKZ,Intermédiaire,2.0,4,AS6,X,11.2,7.6,9.8,29,230,5,7
2017,Lincoln,MKZ,Intermédiaire,3.0,6,AS6,X,13.4,8.7,11.2,25,264,4,7
2017,Lincoln,MKZ AWD,Intermédiaire,2.0,4,AS6,X,11.8,8.4,10.2,28,239,5,7
2017,Lincoln,MKZ AWD,Intermédiaire,3.0,6,AS6,X,14.0,9.2,11.8,24,278,4,7
2017,Lincoln,MKZ Hybrid,Intermédiaire,2.0,4,AV,X,5.7,6.2,5.9,48,139,9,8
2017,Lincoln,Navigator 4X4,Véhicule utilitaire sport : ordinaire,3.5,6,AS6,X,15.9,12.0,14.2,20,333,3,5
2017,Lincoln,Navigator L 4X4,Véhicule utilitaire sport : ordinaire,3.5,6,AS6,X,16.1,12.4,14.5,19,339,2,5
2017,Maserati,Ghibli,Intermédiaire,3.0,6,AS8,Z,14.1,9.8,12.4,23,286,4,5
2017,Maserati,Ghibli S,Intermédiaire,3.0,6,AS8,Z,14.7,10.0,12.4,23,293,4,5
2017,Maserati,Ghibli SQ4,Intermédiaire,3.0,6,AS8,Z,14.7,9.9,12.6,22,295,4,5
2017,Maserati,GranTurismo,Sous-compacte,4.7,8,AS6,Z,18.2,11.4,15.1,19,355,2,5
2017,Maserati,GranTurismo Convertible,Sous-compacte,4.7,8,AS6,Z,18.2,11.6,15.2,19,358,2,5
2017,Maserati,Levante,Véhicule utilitaire sport : ordinaire,3.0,6,AS8,Z,16.8,11.9,14.7,19,340,2,5
2017,Maserati,Levante S,Véhicule utilitaire sport : ordinaire,3.0,6,AS8,Z,16.8,12.4,14.7,19,346,2,5
2017,Maserati,Quattroporte S,Grande berline,3.0,6,AS8,Z,14.9,10.3,13.1,22,300,3,5
2017,Maserati,Quattroporte SQ4,Grande berline,3.0,6,AS8,Z,15.0,10.3,13.1,22,301,3,5
2017,Maserati,Quattroporte GTS,Grande berline,3.8,8,AS8,Z,16.1,10.8,13.8,20,321,3,5
2017,Mazda,CX-3,Compacte,2.0,4,AS6,X,8.2,6.9,7.6,37,179,7,6
2017,Mazda,CX-3 4WD,Compacte,2.0,4,AS6,X,8.8,7.5,8.2,34,192,7,6
2017,Mazda,CX-5,Véhicule utilitaire sport : petit,2.0,4,M6,X,9.4,7.4,8.5,33,199,6,6
2017,Mazda,CX-5,Véhicule utilitaire sport : petit,2.5,4,AS6,X,9.8,7.7,8.6,33,204,6,6
2017,Mazda,CX-5 4WD,Véhicule utilitaire sport : petit,2.5,4,AS6,X,10.2,8.3,9.2,31,221,5,6
2017,Mazda,CX-9,Véhicule utilitaire sport : petit,2.5,4,AS6,X,10.6,8.4,9.6,29,225,5,6
2017,Mazda,CX-9 4WD,Véhicule utilitaire sport : petit,2.5,4,AS6,X,11.5,8.9,10.4,27,242,5,6
2017,Mazda,Mazda3 4-Door,Compacte,2.0,4,AS6,X,8.4,6.4,7.5,38,176,7,8
2017,Mazda,Mazda3 4-Door,Compacte,2.0,4,M6,X,8.5,6.2,7.5,38,175,7,8
2017,Mazda,Mazda3 4-Door (SIL),Compacte,2.0,4,M6,X,8.5,6.2,7.5,38,175,7,8
2017,Mazda,Mazda3 4-Door,Compacte,2.5,4,AS6,X,8.8,6.6,7.8,36,182,7,8
2017,Mazda,Mazda3 4-Door (i-ELOOP),Compacte,2.5,4,AS6,X,8.5,6.4,7.6,37,176,7,8
2017,Mazda,Mazda3 4-Door (SIL),Compacte,2.5,4,M6,X,9.3,6.9,8.2,34,194,7,6
2017,Mazda,Mazda3 5-Door,Intermédiaire,2.0,4,AS6,X,8.4,6.4,7.5,38,174,7,8
2017,Mazda,Mazda3 5-Door (SIL),Intermédiaire,2.0,4,M6,X,8.6,6.4,7.6,37,178,7,8
2017,Mazda,Mazda3 5-Door,Intermédiaire,2.5,4,AS6,X,9.0,6.7,7.8,36,183,7,8
2017,Mazda,Mazda3 5-Door (i-ELOOP),Intermédiaire,2.5,4,AS6,X,8.7,6.6,7.8,36,181,7,8
2017,Mazda,Mazda3 5-Door (SIL),Intermédiaire,2.5,4,M6,X,9.6,7.0,8.4,34,198,6,6
2017,Mazda,Mazda5,Fourgonnette,2.5,4,AS5,X,10.8,8.2,9.6,29,226,5,6
2017,Mazda,Mazda5,Fourgonnette,2.5,4,M6,X,11.1,8.3,9.8,29,230,5,6
2017,Mazda,Mazda6,Intermédiaire,2.5,4,AS6,X,9.1,6.7,8.0,35,187,7,8
2017,Mazda,Mazda6 (i-ELOOP),Intermédiaire,2.5,4,AS6,X,8.9,6.7,7.9,36,186,7,8
2017,Mazda,Mazda6 (SIL),Intermédiaire,2.5,4,M6,X,9.8,6.9,8.4,34,196,6,8
2017,Mazda,MX-5,Deux places,2.0,4,AS6,Z,9.0,6.7,8.0,35,187,7,6
2017,Mazda,MX-5 (SIL),Deux places,2.0,4,M6,Z,8.9,7.1,8.1,35,190,7,6
2017,Mercedes-Benz,AMG C 63,Compacte,4.0,8,AS7,Z,13.4,9.6,11.7,24,273,4,5
2017,Mercedes-Benz,AMG C 63 Cabriolet,Sous-compacte,4.0,8,AS7,Z,14.0,10.1,12.2,23,291,4,5
2017,Mercedes-Benz,AMG C 63 Coupe,Sous-compacte,4.0,8,AS7,Z,13.8,10.1,12.1,23,285,4,5
2017,Mercedes-Benz,AMG C 63 S,Compacte,4.0,8,AS7,Z,13.4,9.6,11.7,24,273,4,5
2017,Mercedes-Benz,AMG C 63 S Cabriolet,Sous-compacte,4.0,8,AS7,Z,14.0,10.1,12.2,23,291,4,5
2017,Mercedes-Benz,AMG C 63 S Coupe,Sous-compacte,4.0,8,AS7,Z,13.8,10.1,12.1,23,285,4,5
2017,Mercedes-Benz,AMG CLA 45,Compacte,2.0,4,AS7,Z,10.7,7.6,9.3,30,221,5,5
2017,Mercedes-Benz,AMG CLS 63 S 4MATIC,Compacte,5.5,8,AS7,Z,15.1,10.8,13.1,22,308,3,5
2017,Mercedes-Benz,AMG G 63,Véhicule utilitaire sport : ordinaire,5.5,8,AS7,Z,20.0,16.6,18.5,15,413,1,5
2017,Mercedes-Benz,AMG G 65,Véhicule utilitaire sport : ordinaire,6.0,12,AS7,Z,22.2,18.0,20.3,14,467,1,5
2017,Mercedes-Benz,AMG GLA 45 4MATIC,Véhicule utilitaire sport : petit,2.0,4,AS7,Z,11.3,8.5,10.0,28,233,5,5
2017,Mercedes-Benz,AMG GLC 43 4MATIC Coupe,Véhicule utilitaire sport : petit,3.0,6,A9,Z,17.4,11.1,14.6,19,353,2,5
2017,Mercedes-Benz,AMG GLE 43 4MATIC,Véhicule utilitaire sport : ordinaire,3.0,6,A9,Z,13.6,10.1,12.0,24,281,4,5
2017,Mercedes-Benz,AMG GLE 43 4MATIC Coupe,Véhicule utilitaire sport : ordinaire,3.0,6,A9,Z,13.6,10.2,12.0,24,281,4,5
2017,Mercedes-Benz,AMG GLE 63 S 4MATIC,Véhicule utilitaire sport : ordinaire,5.5,8,AS7,Z,17.3,13.5,15.6,18,363,2,5
2017,Mercedes-Benz,AMG GLE 63 S 4MATIC Coupe,Véhicule utilitaire sport : ordinaire,5.5,8,AS7,Z,17.2,12.8,15.2,19,363,2,5
2017,Mercedes-Benz,AMG GLS 63,Véhicule utilitaire sport : ordinaire,5.5,8,AS7,Z,18.2,14.0,16.3,17,369,2,5
2017,Mercedes-Benz,AMG GT Coupe,Deux places,4.0,8,AS7,Z,14.5,10.8,12.8,22,303,3,5
2017,Mercedes-Benz,AMG GT S Coupe,Deux places,4.0,8,AS7,Z,14.5,10.8,12.8,22,303,3,5
2017,Mercedes-Benz,AMG S 63 4MATIC,Grande berline,5.5,8,AS7,Z,15.7,10.1,13.2,21,313,3,5
2017,Mercedes-Benz,AMG S 63 Cabriolet,Compacte,5.5,8,AS7,Z,16.4,10.6,13.8,20,322,3,5
2017,Mercedes-Benz,AMG S 63 Coupe,Compacte,5.5,8,AS7,Z,15.3,10.2,13.0,22,305,3,5
2017,Mercedes-Benz,AMG S 65,Grande berline,6.0,12,AS7,Z,17.6,10.9,14.6,19,349,2,5
2017,Mercedes-Benz,AMG S 65 Cabriolet,Compacte,6.0,12,AS7,Z,17.1,11.0,14.3,20,348,2,5
2017,Mercedes-Benz,AMG S 65 Coupe,Compacte,6.0,12,AS7,Z,18.7,11.6,15.5,18,365,2,5
2017,Mercedes-Benz,AMG SL 63,Deux places,5.5,8,AS7,Z,14.7,9.5,12.4,23,298,4,5
2017,Mercedes-Benz,AMG SL 65,Deux places,6.0,12,AS7,Z,17.6,10.8,14.5,19,340,2,5
2017,Mercedes-Benz,AMG SLC 43,Deux places,3.0,6,A9,Z,11.6,8.2,10.1,28,234,5,5
2017,Mercedes-Benz,B 250,Intermédiaire,2.0,4,AS7,Z,9.7,6.6,8.3,34,179,7,5
2017,Mercedes-Benz,C 300 4MATIC,Compacte,2.0,4,AS7,Z,10.1,7.8,9.0,31,212,6,5
2017,Mercedes-Benz,C 300 4MATIC Cabriolet,Sous-compacte,2.0,4,A9,Z,10.8,8.0,9.5,30,222,5,5
2017,Mercedes-Benz,C 300 4MATIC Coupe,Sous-compacte,2.0,4,AS7,Z,10.4,8.0,9.3,30,218,5,5
2017,Mercedes-Benz,CLA 250,Compacte,2.0,4,AS7,Z,9.6,6.4,8.1,35,190,7,5
2017,Mercedes-Benz,CLS 550 4MATIC,Compacte,4.7,8,A9,Z,13.6,9.4,11.7,24,275,4,5
2017,Mercedes-Benz,E 300 4MATIC,Intermédiaire,2.0,4,A9,Z,10.8,8.1,9.5,30,246,5,5
2017,Mercedes-Benz,E 400 4MATIC,Intermédiaire,3.0,6,A9,Z,11.8,8.6,10.4,27,245,5,5
2017,Mercedes-Benz,E 400 4MATIC Wagon,Familiale : intermédiaire,3.0,6,A9,Z,12.4,9.3,11.0,26,259,4,5
2017,Mercedes-Benz,E 400 Cabriolet,Sous-compacte,3.0,6,AS7,Z,11.5,8.1,10.0,28,233,5,5
2017,Mercedes-Benz,E 400 Coupe,Sous-compacte,3.0,6,AS7,Z,11.8,8.4,10.2,28,239,5,5
2017,Mercedes-Benz,E 550 Cabriolet,Sous-compacte,4.7,8,AS7,Z,13.7,9.2,11.7,24,275,4,5
2017,Mercedes-Benz,E 550 Coupe,Sous-compacte,4.7,8,AS7,Z,13.4,8.9,11.4,25,268,4,5
2017,Mercedes-Benz,G 550,Véhicule utilitaire sport : ordinaire,4.0,8,AS7,Z,19.0,16.6,17.9,16,401,1,5
2017,Mercedes-Benz,GLA 250 4MATIC,Véhicule utilitaire sport : petit,2.0,4,AS7,Z,10.3,7.6,9.1,31,212,6,5
2017,Mercedes-Benz,GLA 250 4MATIC,Véhicule utilitaire sport : petit,2.0,4,AS7,E,13.6,10.0,12.0,24,128,9,5
2017,Mercedes-Benz,GLC 300 4MATIC,Véhicule utilitaire sport : petit,2.0,4,A9,Z,11.1,8.5,10.0,28,233,5,5
2017,Mercedes-Benz,GLE 400 4MATIC,Véhicule utilitaire sport : ordinaire,3.0,6,A9,Z,13.1,10.1,11.7,24,276,4,5
2017,Mercedes-Benz,GLE 550 4MATIC,Véhicule utilitaire sport : ordinaire,4.7,8,A9,Z,15.3,11.3,13.5,21,318,3,5
2017,Mercedes-Benz,GLS 450 4MATIC,Véhicule utilitaire sport : ordinaire,3.0,6,A9,Z,14.4,11.4,13.0,22,306,3,5
2017,Mercedes-Benz,GLS 550 4MATIC,Véhicule utilitaire sport : ordinaire,4.7,8,A9,Z,16.7,12.9,15.0,19,347,2,5
2017,Mercedes-Benz,Maybach S 600,Grande berline,6.0,12,AS7,Z,18.2,11.0,15.0,19,359,2,5
2017,Mercedes-Benz,Metris Cargo,Véhicule à usage spécial,2.0,4,AS7,Z,11.1,9.1,10.2,28,240,5,5
2017,Mercedes-Benz,Metris Passenger,Véhicule à usage spécial,2.0,4,AS7,Z,11.5,9.3,10.5,27,248,5,5
2017,Mercedes-Benz,S 400 4MATIC SWB,Intermédiaire,3.0,6,AS7,Z,12.6,8.6,10.8,26,253,5,5
2017,Mercedes-Benz,S 550 4MATIC SWB,Intermédiaire,4.7,8,A9,Z,14.3,9.2,12.0,24,280,4,5
2017,Mercedes-Benz,S 550 4MATIC LWB,Grande berline,4.7,8,A9,Z,14.3,9.2,12.0,24,280,4,5
2017,Mercedes-Benz,S 550 4MATIC Cabriolet,Compacte,4.7,8,A9,Z,13.9,9.3,11.8,24,276,4,5
2017,Mercedes-Benz,S 550 4MATIC Coupe,Compacte,4.7,8,A9,Z,14.1,9.3,11.9,24,278,4,5
2017,Mercedes-Benz,S 600,Grande berline,6.0,12,AS7,Z,17.5,10.8,14.5,19,350,2,5
2017,Mercedes-Benz,SL 450,Deux places,3.0,6,A9,Z,11.5,8.4,10.1,28,237,5,5
2017,Mercedes-Benz,SL 550,Deux places,4.7,8,A9,Z,13.6,9.5,11.7,24,275,4,5
2017,Mercedes-Benz,SLC 300,Deux places,2.0,4,A9,Z,9.5,7.2,8.5,33,200,6,5
2017,MINI,Cooper 3 Door,Sous-compacte,1.5,3,AS6,Z,8.8,6.8,7.9,36,184,7,8
2017,MINI,Cooper 3 Door,Sous-compacte,1.5,3,M6,Z,8.5,6.2,7.5,38,175,7,8
2017,MINI,Cooper 5 Door,Sous-compacte,1.5,3,AS6,Z,8.8,6.8,7.9,36,184,7,8
2017,MINI,Cooper 5 Door,Sous-compacte,1.5,3,M6,Z,8.5,6.3,7.5,38,175,7,8
2017,MINI,Cooper Clubman,Intermédiaire,1.5,3,AS6,Z,9.5,7.2,8.4,34,197,6,8
2017,MINI,Cooper Clubman,Intermédiaire,1.5,3,M6,Z,9.6,7.0,8.4,34,197,6,8
2017,MINI,Cooper Clubman ALL4,Intermédiaire,1.5,3,AS8,Z,10.2,7.8,9.1,31,213,6,6
2017,MINI,Cooper Clubman ALL4,Intermédiaire,1.5,3,M6,Z,10.6,7.4,9.1,31,214,6,6
2017,MINI,Cooper Convertible,Minicompacte,1.5,3,AS6,Z,8.8,6.8,7.9,36,184,7,8
2017,MINI,Cooper Convertible,Minicompacte,1.5,3,M6,Z,8.5,6.3,7.5,38,175,7,8
2017,MINI,Cooper Countryman,Intermédiaire,1.5,3,AS6,Z,9.5,7.2,8.4,34,197,6,6
2017,MINI,Cooper Countryman,Intermédiaire,1.5,3,M6,Z,9.6,7.0,8.4,34,197,6,6
2017,MINI,Cooper Countryman ALL4,Intermédiaire,1.5,3,AS8,Z,10.3,7.9,9.2,31,215,6,6
2017,MINI,Cooper Countryman ALL4,Intermédiaire,1.5,3,M6,Z,10.6,7.4,9.1,31,214,6,6
2017,MINI,Cooper S 3 Door,Sous-compacte,2.0,4,AS6,Z,9.3,7.2,8.3,34,196,6,8
2017,MINI,Cooper S 3 Door,Sous-compacte,2.0,4,M6,Z,10.2,7.3,8.9,32,210,6,8
2017,MINI,Cooper S 5 Door,Sous-compacte,2.0,4,AS6,Z,9.3,7.2,8.3,34,196,6,8
2017,MINI,Cooper S 5 Door,Sous-compacte,2.0,4,M6,Z,10.2,7.3,8.9,32,210,6,8
2017,MINI,Cooper S Clubman,Intermédiaire,2.0,4,AS8,Z,10.0,7.2,8.7,32,205,6,8
2017,MINI,Cooper S Clubman,Intermédiaire,2.0,4,M6,Z,10.8,7.7,9.4,30,220,5,8
2017,MINI,Cooper S Clubman ALL4,Intermédiaire,2.0,4,AS8,Z,10.2,7.4,9.0,31,210,6,8
2017,MINI,Cooper S Clubman ALL4,Intermédiaire,2.0,4,M6,Z,11.4,7.8,9.7,29,227,5,8
2017,MINI,Cooper S Convertible,Minicompacte,2.0,4,AS6,Z,9.4,7.2,8.4,34,196,6,8
2017,MINI,Cooper S Convertible,Minicompacte,2.0,4,M6,Z,10.2,7.3,8.9,32,210,6,8
2017,MINI,Cooper S Countryman ALL4,Intermédiaire,2.0,4,AS8,Z,10.5,7.4,9.1,31,213,6,8
2017,MINI,Cooper S Countryman ALL4,Intermédiaire,2.0,4,M6,Z,11.3,7.7,9.7,29,227,5,8
2017,MINI,John Cooper Works 3 Door,Sous-compacte,2.0,4,AS6,Z,9.3,7.2,8.3,34,196,6,6
2017,MINI,John Cooper Works 3 Door,Sous-compacte,2.0,4,M6,Z,10.2,7.3,8.9,32,210,6,6
2017,MINI,John Cooper Works Clubman ALL4,Intermédiaire,2.0,4,AS8,Z,10.2,7.4,9.0,31,210,6,6
2017,MINI,John Cooper Works Clubman ALL4,Intermédiaire,2.0,4,M6,Z,11.4,7.8,9.7,29,227,5,6
2017,MINI,John Cooper Works Convertible,Minicompacte,2.0,4,AS6,Z,9.4,7.2,8.4,34,196,6,6
2017,MINI,John Cooper Works Convertible,Minicompacte,2.0,4,M6,Z,10.8,7.7,9.4,30,220,5,6
2017,Mitsubishi,Lancer,Compacte,2.0,4,AV6,X,8.7,6.9,7.9,36,183,7,5
2017,Mitsubishi,Lancer,Compacte,2.0,4,M5,X,9.7,7.1,8.5,33,200,6,5
2017,Mitsubishi,Lancer,Compacte,2.4,4,AV6,X,9.9,7.7,8.9,32,206,6,5
2017,Mitsubishi,Lancer,Compacte,2.4,4,M5,X,10.5,7.8,9.3,30,218,5,5
2017,Mitsubishi,Lancer 4WD,Compacte,2.4,4,AV6,X,10.2,7.9,9.2,31,212,6,5
2017,Mitsubishi,Lancer Sportback,Familiale : petite,2.0,4,AV6,X,9.3,7.2,8.4,34,194,7,5
2017,Mitsubishi,Lancer Sportback,Familiale : petite,2.0,4,M5,X,9.9,7.3,8.7,32,205,6,5
2017,Mitsubishi,Mirage,Compacte,1.2,3,AV,X,6.4,5.5,6.0,47,141,9,7
2017,Mitsubishi,Mirage,Compacte,1.2,3,M5,X,7.1,5.8,6.5,43,150,8,7
2017,Mitsubishi,Mirage G4,Compacte,1.2,3,AV,X,6.9,5.7,6.4,44,149,8,7
2017,Mitsubishi,Mirage G4,Compacte,1.2,3,M5,X,7.2,5.9,6.6,43,155,8,7
2017,Mitsubishi,Outlander,Véhicule utilitaire sport : petit,2.4,4,AV6,X,9.2,7.5,8.4,34,197,6,7
2017,Mitsubishi,Outlander 4WD,Véhicule utilitaire sport : petit,2.4,4,AV6,X,9.8,8.1,9.0,31,211,6,7
2017,Mitsubishi,Outlander 4WD,Véhicule utilitaire sport : petit,3.0,6,AS6,Z,11.9,8.5,10.4,27,242,5,7
2017,Mitsubishi,RVR,Véhicule utilitaire sport : petit,2.0,4,AV6,X,9.7,7.8,8.8,32,204,6,7
2017,Mitsubishi,RVR,Véhicule utilitaire sport : petit,2.0,4,M5,X,10.3,8.2,9.3,30,216,6,7
2017,Mitsubishi,RVR 4WD,Véhicule utilitaire sport : petit,2.0,4,AV6,X,10.1,8.2,9.2,31,213,6,7
2017,Nissan,370Z,Deux places,3.7,6,AS7,Z,12.6,9.3,11.1,25,261,4,6
2017,Nissan,370Z,Deux places,3.7,6,M6,Z,13.3,9.3,11.5,25,269,4,6
2017,Nissan,370Z Roadster,Deux places,3.7,6,AS7,Z,13.0,9.7,11.5,25,270,4,6
2017,Nissan,370Z Roadster,Deux places,3.7,6,M6,Z,13.6,9.7,11.8,24,278,4,6
2017,Nissan,Altima,Intermédiaire,2.5,4,AV,X,8.8,6.0,7.5,38,176,7,8
2017,Nissan,Altima SR,Intermédiaire,2.5,4,AV7,X,8.8,6.5,7.8,36,183,7,8
2017,Nissan,Altima,Intermédiaire,3.5,6,AV7,X,10.6,7.3,9.1,31,214,6,6
2017,Nissan,Armada 4WD,Véhicule utilitaire sport : ordinaire,5.6,8,AS7,X,17.5,12.9,15.4,18,362,2,6
2017,Nissan,Frontier,Camionnette : petite,2.5,4,A5,X,13.5,10.5,12.2,23,286,4,6
2017,Nissan,Frontier,Camionnette : petite,2.5,4,M5,X,12.2,10.4,11.4,25,268,4,6
2017,Nissan,Frontier,Camionnette : petite,4.0,6,A5,X,14.8,10.6,12.9,22,304,3,6
2017,Nissan,Frontier 4WD,Camionnette : petite,4.0,6,A5,X,15.8,11.5,13.8,20,326,3,6
2017,Nissan,Frontier 4WD,Camionnette : petite,4.0,6,M6,X,15.1,11.5,13.5,21,317,3,6
2017,Nissan,GT-R,Sous-compacte,3.8,6,AM6,Z,14.5,10.7,12.8,22,300,3,6
2017,Nissan,Juke,Familiale : petite,1.6,4,AV7,Z,8.5,7.5,8.0,35,189,7,6
2017,Nissan,Juke,Familiale : petite,1.6,4,M6,Z,8.6,7.2,8.0,35,188,7,6
2017,Nissan,Juke AWD,Familiale : petite,1.6,4,AV7,Z,9.0,7.8,8.4,34,199,6,6
2017,Nissan,Juke Nismo RS,Familiale : petite,1.6,4,M6,Z,9.0,7.6,8.4,34,197,6,6
2017,Nissan,Juke Nismo RS AWD,Familiale : petite,1.6,4,AV8,Z,9.5,8.3,8.9,32,209,6,6
2017,Nissan,Maxima,Intermédiaire,3.5,6,AV7,Z,11.1,7.8,9.6,29,225,5,6
2017,Nissan,Micra,Compacte,1.6,4,A4,X,8.9,6.8,7.9,36,186,7,6
2017,Nissan,Micra,Compacte,1.6,4,M5,X,8.7,6.8,7.9,36,185,7,6
2017,Nissan,Murano,Familiale : intermédiaire,3.5,6,AV7,X,11.0,8.3,9.8,29,230,5,7
2017,Nissan,Murano AWD,Familiale : intermédiaire,3.5,6,AV7,X,11.2,8.4,9.9,29,232,5,7
2017,Nissan,NV200 Cargo Van,Véhicule à usage spécial,2.0,4,AV,X,9.8,9.0,9.4,30,220,5,6
2017,Nissan,Pathfinder,Véhicule utilitaire sport : petit,3.5,6,AV,X,11.6,8.5,10.2,28,240,5,7
2017,Nissan,Pathfinder 4WD,Véhicule utilitaire sport : petit,3.5,6,AV,X,12.1,8.9,10.7,26,250,5,7
2017,Nissan,Pathfinder 4WD Platinum,Véhicule utilitaire sport : petit,3.5,6,AV,X,12.4,9.2,11.0,26,258,4,6
2017,Nissan,Qashqai,Familiale : petite,2.0,4,AV,X,8.9,7.7,8.4,34,196,6,7
2017,Nissan,Qashqai,Familiale : petite,2.0,4,M6,X,10.0,8.1,9.2,31,216,6,7
2017,Nissan,Qashqai AWD,Familiale : petite,2.0,4,AV,X,9.2,7.8,8.5,33,200,6,7
2017,Nissan,Rogue,Véhicule utilitaire sport : petit,2.5,4,AV,X,9.2,7.0,8.2,34,192,7,7
2017,Nissan,Rogue AWD,Véhicule utilitaire sport : petit,2.5,4,AV,X,9.6,7.4,8.6,33,203,6,7
2017,Nissan,Sentra (Turbo),Intermédiaire,1.6,4,AV7,Z,8.9,7.3,8.2,34,193,7,6
2017,Nissan,Sentra (Turbo),Intermédiaire,1.6,4,M6,Z,9.1,7.3,8.3,34,195,6,6
2017,Nissan,Sentra,Intermédiaire,1.8,4,AV,X,8.1,6.3,7.3,39,171,7,8
2017,Nissan,Sentra,Intermédiaire,1.8,4,M6,X,9.0,6.8,8.0,35,187,7,5
2017,Nissan,Sentra Nismo,Intermédiaire,1.6,4,AV7,Z,9.4,7.8,8.7,32,205,6,6
2017,Nissan,Sentra Nismo,Intermédiaire,1.6,4,M6,Z,9.5,7.6,8.7,32,204,6,6
2017,Nissan,Titan,Camionnette : ordinaire,5.6,8,AS7,X,15.0,11.2,13.3,21,312,3,6
2017,Nissan,Titan 4WD,Camionnette : ordinaire,5.6,8,AS7,X,15.2,11.1,13.4,21,315,3,6
2017,Nissan,Titan 4WD PRO-4X,Camionnette : ordinaire,5.6,8,AS7,X,16.0,12.0,14.2,20,333,3,6
2017,Nissan,Versa,Intermédiaire,1.6,4,AV,X,7.6,6.2,7.0,40,164,8,6
2017,Nissan,Versa,Intermédiaire,1.6,4,M5,X,8.6,6.6,7.7,37,180,7,6
2017,Porsche,911 Carrera,Minicompacte,3.0,6,AM7,Z,10.6,8.0,9.4,30,221,5,5
2017,Porsche,911 Carrera,Minicompacte,3.0,6,M7,Z,11.8,8.1,10.1,28,237,5,5
2017,Porsche,911 Carrera 4,Minicompacte,3.0,6,AM7,Z,10.7,8.3,9.6,29,225,5,5
2017,Porsche,911 Carrera 4,Minicompacte,3.0,6,M7,Z,12.1,8.3,10.4,27,242,5,5
2017,Porsche,911 Carrera Cabriolet,Minicompacte,3.0,6,AM7,Z,10.8,8.3,9.7,29,227,5,5
2017,Porsche,911 Carrera Cabriolet,Minicompacte,3.0,6,M7,Z,12.0,8.2,10.3,27,241,5,5
2017,Porsche,911 Carrera 4 Cabriolet,Minicompacte,3.0,6,AM7,Z,11.0,8.4,9.8,29,230,5,5
2017,Porsche,911 Carrera 4 Cabriolet,Minicompacte,3.0,6,M7,Z,12.2,8.5,10.5,27,246,5,5
2017,Porsche,911 Carrera S,Minicompacte,3.0,6,AM7,Z,10.8,8.3,9.7,29,226,5,5
2017,Porsche,911 Carrera S,Minicompacte,3.0,6,M7,Z,12.1,8.3,10.4,27,242,5,5
2017,Porsche,911 Carrera 4S,Minicompacte,3.0,6,AM7,Z,11.0,8.5,9.9,29,232,5,5
2017,Porsche,911 Carrera 4S,Minicompacte,3.0,6,M7,Z,12.1,8.4,10.4,27,243,5,5
2017,Porsche,911 Carrera S Cabriolet,Minicompacte,3.0,6,AM7,Z,10.8,8.4,9.7,29,228,5,5
2017,Porsche,911 Carrera S Cabriolet,Minicompacte,3.0,6,M7,Z,12.1,8.3,10.4,27,243,5,5
2017,Porsche,911 Carrera 4S Cabriolet,Minicompacte,3.0,6,AM7,Z,10.9,8.5,9.9,29,231,5,5
2017,Porsche,911 Carrera 4S Cabriolet,Minicompacte,3.0,6,M7,Z,12.2,8.5,10.5,27,246,5,5
2017,Porsche,911 Targa 4,Minicompacte,3.0,6,AM7,Z,10.9,8.4,9.8,29,228,5,5
2017,Porsche,911 Targa 4,Minicompacte,3.0,6,M7,Z,12.2,8.5,10.5,27,246,5,5
2017,Porsche,911 Targa 4S,Minicompacte,3.0,6,AM7,Z,11.1,8.6,10.0,28,233,5,5
2017,Porsche,911 Targa 4S,Minicompacte,3.0,6,M7,Z,12.2,8.5,10.5,27,246,5,5
2017,Porsche,911 Turbo,Minicompacte,3.8,6,AM7,Z,12.6,9.9,11.4,25,266,4,5
2017,Porsche,911 Turbo Cabriolet,Minicompacte,3.8,6,AM7,Z,12.6,9.9,11.4,25,267,4,5
2017,Porsche,911 Turbo S,Minicompacte,3.8,6,AM7,Z,12.6,9.9,11.4,25,266,4,5
2017,Porsche,911 Turbo S Cabriolet,Minicompacte,3.8,6,AM7,Z,12.6,9.9,11.4,25,267,4,5
2017,Porsche,Boxster,Deux places,2.0,4,AM7,Z,10.5,8.0,9.4,30,219,5,5
2017,Porsche,Boxster,Deux places,2.0,4,M6,Z,11.0,8.3,9.8,29,229,5,5
2017,Porsche,Boxster S,Deux places,2.5,4,AM7,Z,11.0,8.4,9.9,29,230,5,5
2017,Porsche,Boxster S,Deux places,2.5,4,M6,Z,12.1,9.0,10.7,26,249,5,5
2017,Porsche,Cayenne,Véhicule utilitaire sport : ordinaire,3.6,6,A8,Z,12.9,9.7,11.5,25,268,4,5
2017,Porsche,Cayenne Platinum,Véhicule utilitaire sport : ordinaire,3.6,6,A8,Z,13.6,10.2,12.1,23,281,4,5
2017,Porsche,Cayenne S,Véhicule utilitaire sport : ordinaire,3.6,6,A8,Z,13.9,9.6,12.0,24,281,4,5
2017,Porsche,Cayenne GTS,Véhicule utilitaire sport : ordinaire,3.6,6,A8,Z,14.5,10.4,12.6,22,296,4,5
2017,Porsche,Cayenne Turbo,Véhicule utilitaire sport : ordinaire,4.8,8,A8,Z,16.7,11.2,14.2,20,334,3,5
2017,Porsche,Cayenne Turbo S,Véhicule utilitaire sport : ordinaire,4.8,8,A8,Z,16.7,11.2,14.2,20,334,3,5
2017,Porsche,Cayman,Deux places,2.0,4,AM7,Z,10.5,8.0,9.4,30,219,5,5
2017,Porsche,Cayman,Deux places,2.0,4,M6,Z,11.0,8.3,9.8,29,229,5,5
2017,Porsche,Cayman S,Deux places,2.5,4,AM7,Z,11.0,8.4,9.9,29,230,5,5
2017,Porsche,Cayman S,Deux places,2.5,4,M6,Z,12.1,9.0,10.7,26,249,5,5
2017,Porsche,Macan,Véhicule utilitaire sport : petit,2.0,4,A7,Z,11.6,9.3,10.6,27,248,5,5
2017,Porsche,Macan S,Véhicule utilitaire sport : petit,3.0,6,A7,Z,13.7,10.3,12.2,23,285,4,5
2017,Porsche,Macan GTS,Véhicule utilitaire sport : petit,3.0,6,A7,Z,13.8,10.3,12.3,23,287,4,5
2017,Porsche,Macan Turbo,Véhicule utilitaire sport : petit,3.6,6,A7,Z,14.2,10.1,12.3,23,287,4,5
2017,Ram,1500 EcoDiesel,Camionnette : ordinaire,3.0,6,A8,D,11.8,8.6,10.4,27,278,4,5
2017,Ram,1500 FFV,Camionnette : ordinaire,3.6,6,A8,X,13.9,9.6,11.9,24,280,4,6
2017,Ram,1500 FFV,Camionnette : ordinaire,3.6,6,A8,E,19.7,13.8,17.0,17,283,4,6
2017,Ram,1500,Camionnette : ordinaire,5.7,8,A6,X,17.0,12.0,14.8,19,346,2,6
2017,Ram,1500,Camionnette : ordinaire,5.7,8,A8,X,15.7,11.0,13.6,21,319,3,6
2017,Ram,1500 4X4 EcoDiesel,Camionnette : ordinaire,3.0,6,A8,D,12.3,8.8,10.8,26,289,4,5
2017,Ram,1500 4X4 FFV,Camionnette : ordinaire,3.6,6,A8,X,14.5,10.2,12.6,22,294,4,6
2017,Ram,1500 4X4 FFV,Camionnette : ordinaire,3.6,6,A8,E,20.7,14.7,18.0,16,300,3,6
2017,Ram,1500 4X4,Camionnette : ordinaire,5.7,8,A6,X,17.5,12.7,15.4,18,361,2,6
2017,Ram,1500 4X4,Camionnette : ordinaire,5.7,8,A8,X,16.1,11.5,14.0,20,328,3,6
2017,Ram,ProMaster City,Véhicule à usage spécial,2.4,4,A9,X,11.2,8.3,9.9,29,232,5,6
2017,Rolls-Royce,Dawn,Compacte,6.6,12,AS8,Z,20.0,12.6,16.7,17,390,1,6
2017,Rolls-Royce,Ghost,Grande berline,6.6,12,AS8,Z,20.0,12.6,16.7,17,390,1,6
2017,Rolls-Royce,Ghost EWB,Grande berline,6.6,12,AS8,Z,20.0,12.6,16.7,17,390,1,6
2017,Rolls-Royce,Phantom,Grande berline,6.7,12,AS8,Z,20.7,12.7,17.1,17,400,1,6
2017,Rolls-Royce,Phantom EWB,Grande berline,6.7,12,AS8,Z,20.7,12.7,17.1,17,400,1,6
2017,Rolls-Royce,Phantom Coupe,Compacte,6.7,12,AS8,Z,20.7,12.7,17.1,17,400,1,6
2017,Rolls-Royce,Phantom Drophead Coupe,Compacte,6.7,12,AS8,Z,20.6,12.8,17.1,17,401,1,6
2017,Rolls-Royce,Wraith,Intermédiaire,6.6,12,AS8,Z,19.0,12.5,16.1,18,375,2,6
2017,smart,fortwo cabriolet,Deux places,0.9,3,AM6,Z,7.0,6.3,6.7,42,152,8,5
2017,Subaru,BRZ,Minicompacte,2.0,4,AS6,Z,9.7,7.2,8.6,33,200,6,5
2017,Subaru,BRZ,Minicompacte,2.0,4,M6,Z,11.1,8.0,9.7,29,228,5,5
2017,Subaru,Crosstrek AWD,Véhicule utilitaire sport : petit,2.0,4,AV6,X,9.1,7.2,8.2,34,193,7,7
2017,Subaru,Crosstrek AWD,Véhicule utilitaire sport : petit,2.0,4,M5,X,10.3,7.8,9.2,31,216,6,7
2017,Subaru,Forester AWD,Véhicule utilitaire sport : petit,2.0,4,AV8,Z,10.2,8.6,9.5,30,223,5,5
2017,Subaru,Forester AWD,Véhicule utilitaire sport : petit,2.5,4,AV6,X,9.2,7.4,8.4,34,196,6,7
2017,Subaru,Forester AWD,Véhicule utilitaire sport : petit,2.5,4,M6,X,10.9,8.3,9.7,29,228,5,7
2017,Subaru,Impreza 4-Door AWD,Intermédiaire,2.0,4,AV7,X,8.3,6.4,7.5,38,174,7,7
2017,Subaru,Impreza 4-Door AWD,Intermédiaire,2.0,4,M5,X,10.0,7.5,8.9,32,208,6,7
2017,Subaru,Impreza 5-Door AWD,Familiale : petite,2.0,4,AV7,X,8.4,6.5,7.5,38,176,7,7
2017,Subaru,Impreza 5-Door AWD,Familiale : petite,2.0,4,M5,X,10.1,7.7,9.0,31,211,6,7
2017,Subaru,Legacy AWD,Intermédiaire,2.5,4,AV6,X,9.3,7.0,8.3,34,194,7,5
2017,Subaru,Legacy AWD,Intermédiaire,2.5,4,M6,X,10.7,7.9,9.5,30,222,5,5
2017,Subaru,Legacy AWD,Intermédiaire,3.6,6,AV6,X,11.9,8.3,10.3,27,241,5,6
2017,Subaru,Outback AWD,Véhicule utilitaire sport : petit,2.5,4,AV6,X,9.4,7.3,8.4,34,198,6,5
2017,Subaru,Outback AWD,Véhicule utilitaire sport : petit,2.5,4,M6,X,11.0,8.3,9.8,29,229,5,5
2017,Subaru,Outback AWD,Véhicule utilitaire sport : petit,3.6,6,AV6,X,12.0,8.7,10.5,27,247,5,6
2017,Subaru,WRX AWD,Compacte,2.0,4,AV8,Z,12.5,9.6,11.2,25,255,5,5
2017,Subaru,WRX AWD,Compacte,2.0,4,M6,Z,11.3,8.5,10.0,28,235,5,5
2017,Subaru,WRX AWD,Compacte,2.5,4,M6,Z,13.8,10.2,12.2,23,285,4,5
2017,Toyota,4Runner 4WD,Véhicule utilitaire sport : ordinaire,4.0,6,AS5,X,14.3,12.0,13.3,21,310,3,6
2017,Toyota,4Runner 4WD (Part-Time 4WD),Véhicule utilitaire sport : ordinaire,4.0,6,AS5,X,14.3,12.0,13.3,21,310,3,6
2017,Toyota,86,Minicompacte,2.0,4,AS6,Z,9.9,7.3,8.7,32,204,6,5
2017,Toyota,86,Minicompacte,2.0,4,M6,Z,11.3,8.3,9.9,29,232,5,5
2017,Toyota,Avalon,Intermédiaire,3.5,6,AS6,X,11.4,7.7,9.7,29,226,5,6
2017,Toyota,Camry,Intermédiaire,2.5,4,AS6,X,9.8,7.1,8.6,33,199,6,6
2017,Toyota,Camry,Intermédiaire,3.5,6,AS6,X,11.0,7.8,9.6,29,224,5,6
2017,Toyota,Camry Hybrid LE,Intermédiaire,2.5,4,AV,X,5.6,6.2,5.9,48,137,9,8
2017,Toyota,Camry Hybrid XLE/SE,Intermédiaire,2.5,4,AV,X,5.8,6.3,6.0,47,141,9,8
2017,Toyota,Corolla,Intermédiaire,1.8,4,AV,X,8.3,6.5,7.5,38,174,7,6
2017,Toyota,Corolla LE Eco (1-Mode),Intermédiaire,1.8,4,AV,X,7.8,5.9,6.9,41,163,8,7
2017,Toyota,Corolla LE Eco (2-Mode),Intermédiaire,1.8,4,AV,X,8.0,6.3,7.2,39,168,8,7
2017,Toyota,Corolla,Intermédiaire,1.8,4,AV7,X,8.3,6.7,7.5,38,178,7,6
2017,Toyota,Corolla,Intermédiaire,1.8,4,M6,X,8.4,6.5,7.5,38,176,7,6
2017,Toyota,Corolla iM,Intermédiaire,1.8,4,AV7,X,8.3,6.5,7.5,38,176,7,7
2017,Toyota,Corolla iM,Intermédiaire,1.8,4,M6,X,8.8,6.8,7.9,36,185,7,7
2017,Toyota,Highlander,Véhicule utilitaire sport : petit,3.5,6,AS8,X,11.8,8.7,10.3,27,243,5,7
2017,Toyota,Highlander AWD,Véhicule utilitaire sport : ordinaire,3.5,6,AS8,X,12.1,9.0,10.6,27,251,5,7
2017,Toyota,Highlander AWD (Start/Stop System),Véhicule utilitaire sport : ordinaire,3.5,6,AS8,X,12.0,8.9,10.6,27,247,5,7
2017,Toyota,Highlander AWD LE,Véhicule utilitaire sport : ordinaire,3.5,6,AS8,X,11.7,8.8,10.4,27,242,5,7
2017,Toyota,Highlander Hybrid AWD,Véhicule utilitaire sport : ordinaire,3.5,6,AV6,X,8.1,8.5,8.3,34,193,7,8
2017,Toyota,Prius,Intermédiaire,1.8,4,AV,X,4.4,4.6,4.5,63,105,10,8
2017,Toyota,Prius c,Compacte,1.5,4,AV,X,4.9,5.5,5.1,55,120,10,8
2017,Toyota,Prius v,Familiale : intermédiaire,1.8,4,AV,X,5.5,6.0,5.8,49,135,9,8
2017,Toyota,RAV4,Véhicule utilitaire sport : petit,2.5,4,AS6,X,10.3,8.0,9.2,31,217,6,6
2017,Toyota,RAV4 LE/XLE,Véhicule utilitaire sport : petit,2.5,4,AS6,X,10.0,7.8,9.0,31,210,6,6
2017,Toyota,RAV4 AWD,Véhicule utilitaire sport : petit,2.5,4,AS6,X,10.5,8.3,9.5,30,222,5,6
2017,Toyota,RAV4 Limited/SE AWD,Véhicule utilitaire sport : petit,2.5,4,AS6,X,10.7,8.4,9.7,29,226,5,6
2017,Toyota,RAV4 Hybrid AWD,Véhicule utilitaire sport : petit,2.5,4,AV6,X,6.9,7.8,7.3,39,170,7,8
2017,Toyota,Sequoia 4WD,Véhicule utilitaire sport : ordinaire,5.7,8,AS6,X,18.7,13.8,16.5,17,380,2,5
2017,Toyota,Sienna,Fourgonnette,3.5,6,AS8,X,12.5,8.9,10.9,26,255,5,7
2017,Toyota,Sienna AWD,Fourgonnette,3.5,6,AS8,X,13.4,9.6,11.7,24,274,4,7
2017,Toyota,Tacoma,Camionnette : petite,2.7,4,AS6,X,12.1,10.1,11.2,25,263,4,7
2017,Toyota,Tacoma,Camionnette : petite,3.5,6,AS6,X,12.6,10.0,11.4,25,268,4,7
2017,Toyota,Tacoma 4WD,Camionnette : petite,2.7,4,AS6,X,12.7,10.6,11.7,24,274,4,7
2017,Toyota,Tacoma 4WD,Camionnette : petite,2.7,4,M5,X,12.4,11.4,11.9,24,279,4,7
2017,Toyota,Tacoma 4WD,Camionnette : petite,3.5,6,AS6,X,13.2,10.7,12.0,24,283,4,7
2017,Toyota,Tacoma 4WD,Camionnette : petite,3.5,6,M6,X,13.8,11.6,12.8,22,301,3,7
2017,Toyota,Tacoma 4WD D-Cab Off-Road,Camionnette : petite,3.5,6,M6,X,13.8,11.7,12.9,22,300,3,7
2017,Toyota,Tundra,Camionnette : ordinaire,4.6,8,AS6,X,15.8,12.3,14.2,20,334,3,5
2017,Toyota,Tundra,Camionnette : ordinaire,5.7,8,AS6,X,17.2,12.9,15.3,18,358,2,5
2017,Toyota,Tundra 4WD,Camionnette : ordinaire,4.6,8,AS6,X,16.8,12.6,14.9,19,349,2,5
2017,Toyota,Tundra 4WD,Camionnette : ordinaire,5.7,8,AS6,X,18.1,13.9,16.2,17,378,2,5
2017,Toyota,Yaris,Compacte,1.5,4,AS6,X,7.3,5.8,6.6,43,155,8,6
2017,Toyota,Yaris (SIL),Compacte,1.5,4,M6,X,7.8,6.0,6.8,42,164,8,6
2017,Toyota,Yaris Hatchback,Compacte,1.5,4,A4,X,7.9,6.8,7.4,38,173,7,6
2017,Toyota,Yaris Hatchback,Compacte,1.5,4,M5,X,7.8,6.5,7.2,39,168,8,6
2017,Volkswagen,Beetle,Compacte,1.8,4,AS6,X,9.7,7.2,8.5,33,199,6,8
2017,Volkswagen,Beetle,Compacte,1.8,4,M5,X,9.5,7.1,8.4,34,198,6,8
2017,Volkswagen,Beetle Dune,Compacte,1.8,4,AS6,X,9.6,7.5,8.6,33,201,6,8
2017,Volkswagen,Beetle Convertible,Sous-compacte,1.8,4,AS6,X,9.7,7.2,8.5,33,199,6,8
2017,Volkswagen,CC 4MOTION,Compacte,3.6,6,AS6,X,13.9,9.3,11.8,24,277,4,6
2017,Volkswagen,Golf,Compacte,1.8,4,AS6,X,9.4,6.7,8.2,34,192,7,8
2017,Volkswagen,Golf,Compacte,1.8,4,M5,X,9.3,6.6,8.1,35,190,7,8
2017,Volkswagen,Golf GTI,Compacte,2.0,4,AM6,X,9.6,7.2,8.5,33,199,6,8
2017,Volkswagen,Golf GTI,Compacte,2.0,4,M6,X,9.7,7.0,8.5,33,198,6,8
2017,Volkswagen,Golf R,Compacte,2.0,4,AM6,Z,10.4,7.9,9.3,30,216,6,6
2017,Volkswagen,Golf R,Compacte,2.0,4,M6,Z,10.9,7.7,9.4,30,220,5,6
2017,Volkswagen,Golf Alltrack,Familiale : petite,1.8,4,AM6,X,10.6,8.0,9.4,30,220,5,8
2017,Volkswagen,Golf SportWagen,Familiale : petite,1.8,4,AS6,X,9.3,6.9,8.2,34,192,7,8
2017,Volkswagen,Golf SportWagen,Familiale : petite,1.8,4,M5,X,9.6,6.8,8.3,34,194,6,8
2017,Volkswagen,Golf SportWagen 4MOTION,Familiale : petite,1.8,4,AM6,X,10.6,8.0,9.4,30,220,5,8
2017,Volkswagen,Jetta,Compacte,1.4,4,AS6,X,8.5,6.2,7.4,38,175,7,7
2017,Volkswagen,Jetta,Compacte,1.4,4,M5,X,8.3,5.9,7.2,39,168,8,6
2017,Volkswagen,Jetta,Compacte,1.8,4,AM6,X,9.4,6.8,8.2,34,193,7,8
2017,Volkswagen,Jetta,Compacte,2.0,4,AS6,X,9.8,7.4,8.7,32,205,6,8
2017,Volkswagen,Jetta,Compacte,2.0,4,M6,X,10.2,7.2,8.9,32,208,6,8
2017,Volkswagen,Passat,Intermédiaire,1.8,4,AS6,X,10.1,7.0,8.7,32,204,6,8
2017,Volkswagen,Passat,Intermédiaire,3.6,6,AM6,X,11.9,8.5,10.4,27,242,5,6
2017,Volkswagen,Tiguan,Véhicule utilitaire sport : petit,2.0,4,AS6,Z,11.7,9.6,10.7,26,256,5,6
2017,Volkswagen,Tiguan 4MOTION,Véhicule utilitaire sport : petit,2.0,4,AS6,Z,12.0,10.0,11.1,25,263,4,6
2017,Volkswagen,Touareg,Véhicule utilitaire sport : ordinaire,3.6,6,AS8,X,13.8,10.4,12.2,23,287,4,5
2017,Volvo,S60 T5,Compacte,2.0,4,AS8,X,9.6,7.0,8.4,34,198,6,6
2017,Volvo,S60 T5 AWD,Compacte,2.0,4,AS8,X,10.7,7.8,9.4,30,219,5,6
2017,Volvo,S60 Inscription T5,Compacte,2.0,4,AS8,X,9.6,7.0,8.4,34,198,6,6
2017,Volvo,S60 Inscription T5 AWD,Compacte,2.0,4,AS8,X,10.7,7.8,9.4,30,219,5,6
2017,Volvo,S60 T6 AWD,Compacte,2.0,4,AS8,Z,10.9,7.7,9.5,30,221,5,6
2017,Volvo,S60 Polestar,Compacte,2.0,4,AS8,Z,11.8,8.5,10.3,27,241,5,5
2017,Volvo,S60 CC T5 AWD,Compacte,2.0,4,AS8,X,10.8,7.8,9.4,30,220,5,6
2017,Volvo,S90 T5,Intermédiaire,2.0,4,AS8,Z,10.1,7.0,8.7,32,204,6,6
2017,Volvo,S90 T6 AWD,Intermédiaire,2.0,4,AS8,Z,10.8,7.6,9.4,30,219,5,6
2017,Volvo,V60 T5,Familiale : petite,2.0,4,AS8,X,9.6,7.0,8.4,34,198,6,6
2017,Volvo,V60 T5 AWD,Familiale : petite,2.0,4,AS8,X,10.7,7.8,9.4,30,219,5,6
2017,Volvo,V60 T6 AWD,Familiale : petite,2.0,4,AS8,Z,10.9,7.7,9.5,30,221,5,6
2017,Volvo,V60 Polestar,Familiale : petite,2.0,4,AS8,Z,11.8,8.5,10.3,27,241,5,5
2017,Volvo,V60 CC T5 AWD,Familiale : petite,2.0,4,AS8,X,10.8,7.8,9.4,30,220,5,6
2017,Volvo,V90 T5,Familiale : intermédiaire,2.0,4,AS8,Z,10.1,7.0,8.7,32,204,6,6
2017,Volvo,V90 T6 AWD,Familiale : intermédiaire,2.0,4,AS8,Z,10.8,7.6,9.4,30,219,5,6
2017,Volvo,V90 CC T6 AWD,Familiale : intermédiaire,2.0,4,AS8,Z,10.7,7.9,9.4,30,221,5,6
2017,Volvo,XC60 T5,Véhicule utilitaire sport : petit,2.0,4,AS8,X,10.4,7.8,9.2,31,216,6,6
2017,Volvo,XC60 T5 AWD,Véhicule utilitaire sport : petit,2.0,4,AS8,X,11.3,8.4,10.0,28,233,5,6
2017,Volvo,XC60 T6 AWD,Véhicule utilitaire sport : petit,2.0,4,AS8,Z,11.7,8.7,10.4,27,244,5,6
2017,Volvo,XC90 T5,Véhicule utilitaire sport : ordinaire,2.0,4,AS8,Z,10.6,9.1,10.0,28,232,5,6
2017,Volvo,XC90 T5 AWD,Véhicule utilitaire sport : ordinaire,2.0,4,AS8,Z,10.8,9.5,10.2,28,239,5,6
2017,Volvo,XC90 T6 AWD,Véhicule utilitaire sport : ordinaire,2.0,4,AS8,Z,11.5,9.6,10.6,27,249,5,6
2018,Acura,ILX,Compacte,2.4,4,AM8,Z,9.4,6.8,8.2,34,192,6,3
2018,Acura,MDX SH-AWD,Véhicule utilitaire sport : petit,3.5,6,AS9,Z,12.6,9.0,11.0,26,259,4,3
2018,Acura,MDX SH-AWD Elite,Véhicule utilitaire sport : petit,3.5,6,AS9,Z,12.2,9.0,10.7,26,251,4,3
2018,Acura,MDX Hybrid AWD,Véhicule utilitaire sport : petit,3.0,6,AM7,Z,9.1,9.0,9.0,31,210,5,3
2018,Acura,NSX,Deux places,3.5,6,AM9,Z,11.1,10.8,11.0,26,261,4,3
2018,Acura,RDX AWD,Véhicule utilitaire sport : petit,3.5,6,AS6,Z,12.4,8.7,10.7,26,250,4,3
2018,Acura,RLX Hybrid,Intermédiaire,3.5,6,AM7,Z,8.4,8.2,8.4,34,196,6,7
2018,Acura,TLX,Compacte,2.4,4,AM8,Z,10.0,7.1,8.7,32,205,6,3
2018,Acura,TLX A-SPEC,Compacte,2.4,4,AM8,Z,10.2,7.4,8.9,32,209,5,3
2018,Acura,TLX SH-AWD,Compacte,3.5,6,AS9,Z,11.4,7.7,9.8,29,228,5,3
2018,Acura,TLX SH-AWD A-SPEC,Compacte,3.5,6,AS9,Z,12.0,8.2,10.3,27,240,5,3
2018,Alfa Romeo,4C Coupe,Deux places,1.8,4,AM6,Z,9.7,6.9,8.4,34,197,6,1
2018,Alfa Romeo,4C Spider,Deux places,1.8,4,AM6,Z,9.7,6.9,8.4,34,197,6,1
2018,Alfa Romeo,Giulia,Intermédiaire,2.0,4,A8,Z,10.0,7.2,8.7,32,205,6,3
2018,Alfa Romeo,Giulia AWD,Intermédiaire,2.0,4,A8,Z,10.5,7.7,9.2,31,217,5,3
2018,Alfa Romeo,Giulia Quadrifoglio,Intermédiaire,2.9,6,A8,Z,13.8,9.6,11.9,24,280,4,3
2018,Alfa Romeo,Stelvio AWD,Véhicule utilitaire sport : petit,2.0,4,A8,Z,10.8,8.3,9.6,29,226,5,3
2018,Alfa Romeo,Stelvio Quadrifoglio,Véhicule utilitaire sport : petit,2.9,6,A8,Z,14.1,10.4,12.4,23,292,3,3
2018,Aston Martin,DB11 V8,Minicompacte,4.0,8,A8,Z,13.0,9.8,11.5,25,271,4,3
2018,Aston Martin,DB11 V12,Minicompacte,5.2,12,A8,Z,15.5,11.4,13.7,21,322,3,3
2018,Aston Martin,Rapide S,Sous-compacte,6.0,12,A8,Z,16.7,10.9,14.1,20,332,3,3
2018,Aston Martin,Vanquish,Minicompacte,6.0,12,A8,Z,17.5,11.4,14.7,19,346,2,3
2018,Audi,A3,Sous-compacte,2.0,4,AM7,X,9.1,6.8,8.0,35,188,6,7
2018,Audi,A3 quattro,Sous-compacte,2.0,4,AM6,X,9.7,7.5,8.7,32,205,6,7
2018,Audi,A3 Cabriolet quattro,Sous-compacte,2.0,4,AM6,X,10.8,8.0,9.5,30,223,5,7
2018,Audi,A4,Compacte,2.0,4,AM7,Z,8.6,6.4,7.6,37,177,7,3
2018,Audi,A4 quattro,Compacte,2.0,4,AM7,Z,10.0,7.0,8.7,32,203,6,5
2018,Audi,A4 quattro,Compacte,2.0,4,M6,Z,9.9,7.1,8.7,32,204,6,3
2018,Audi,A4 allroad quattro,Familiale : petite,2.0,4,AM7,Z,10.5,7.9,9.3,30,217,5,5
2018,Audi,A5 quattro,Sous-compacte,2.0,4,AM7,Z,10.0,7.0,8.7,32,203,6,5
2018,Audi,A5 quattro,Sous-compacte,2.0,4,M6,Z,9.9,7.1,8.7,32,204,6,3
2018,Audi,A5 Cabriolet quattro,Sous-compacte,2.0,4,AM7,Z,10.0,7.0,8.7,32,203,6,5
2018,Audi,A5 Sportback quattro,Intermédiaire,2.0,4,AM7,Z,10.0,7.0,8.7,32,203,6,5
2018,Audi,A6 quattro,Intermédiaire,2.0,4,AS8,Z,10.6,7.5,9.2,31,216,5,5
2018,Audi,A6 quattro,Intermédiaire,3.0,6,AS8,Z,11.5,8.2,10.0,28,235,5,3
2018,Audi,A7 quattro,Intermédiaire,3.0,6,AS8,Z,11.5,8.2,10.0,28,235,5,3
2018,Audi,A8,Grande berline,3.0,6,AS8,Z,12.6,8.0,10.5,27,247,4,3
2018,Audi,A8,Grande berline,4.0,8,AS8,Z,15.1,9.1,12.4,23,290,3,3
2018,Audi,A8L,Grande berline,4.0,8,AS8,Z,15.1,9.1,12.4,23,290,3,3
2018,Audi,Q3,Compacte,2.0,4,AS6,Z,11.6,8.3,10.1,28,236,5,3
2018,Audi,Q3 quattro,Compacte,2.0,4,AS6,Z,11.9,8.4,10.3,27,240,5,3
2018,Audi,Q5,Véhicule utilitaire sport : petit,2.0,4,AS7,Z,10.4,8.6,9.6,29,226,5,3
2018,Audi,Q7,Véhicule utilitaire sport : ordinaire,2.0,4,AS8,Z,12.2,9.5,11.0,26,258,4,3
2018,Audi,Q7,Véhicule utilitaire sport : ordinaire,3.0,6,AS8,Z,12.6,9.4,11.1,25,260,4,3
2018,Audi,R8,Deux places,5.2,10,AM7,Z,16.0,9.5,13.1,22,304,3,1
2018,Audi,R8 quattro,Deux places,5.2,10,AM7,Z,17.1,11.3,14.5,19,338,2,1
2018,Audi,R8 Spyder,Deux places,5.2,10,AM7,Z,17.1,11.3,14.5,19,338,2,1
2018,Audi,RS 3,Sous-compacte,2.5,5,AM7,Z,12.4,8.3,10.5,27,248,4,3
2018,Audi,RS 5,Sous-compacte,2.9,6,AM8,Z,12.9,8.9,11.1,25,260,4,5
2018,Audi,RS 7,Intermédiaire,4.0,8,AS8,Z,17.0,9.6,13.7,21,318,3,3
2018,Audi,S3,Sous-compacte,2.0,4,AM7,Z,10.6,8.3,9.6,29,223,5,3
2018,Audi,S4,Compacte,3.0,6,AM8,Z,11.5,8.0,9.9,29,232,5,5
2018,Audi,S5,Sous-compacte,3.0,6,AM8,Z,11.5,8.0,9.9,29,232,5,5
2018,Audi,S5 Cabriolet,Sous-compacte,3.0,6,AM8,Z,11.9,8.1,10.2,28,239,5,5
2018,Audi,S5 Sportback,Intermédiaire,3.0,6,AM8,Z,11.5,8.0,9.9,29,232,5,5
2018,Audi,S6,Intermédiaire,4.0,8,AM7,Z,15.0,10.0,12.8,22,298,3,3
2018,Audi,S7,Intermédiaire,4.0,8,AM7,Z,15.0,10.0,12.8,22,298,3,3
2018,Audi,S8,Intermédiaire,4.0,8,AS8,Z,16.2,9.9,13.4,21,313,3,3
2018,Audi,SQ5,Véhicule utilitaire sport : petit,3.0,6,AM8,Z,12.7,10.0,11.5,25,270,4,5
2018,Audi,TT Coupe quattro,Sous-compacte,2.0,4,AM6,X,10.1,7.8,9.1,31,209,5,7
2018,Audi,TT Roadster quattro,Deux places,2.0,4,AM6,X,10.1,7.8,9.1,31,209,5,7
2018,Audi,TT RS,Sous-compacte,2.5,5,AM7,Z,12.3,8.2,10.5,27,245,5,3
2018,Audi,TTS Coupe,Sous-compacte,2.0,4,AM6,Z,10.3,8.6,9.5,30,222,5,3
2018,Bentley,Bentayga,Véhicule utilitaire sport : ordinaire,6.0,12,AS8,Z,18.8,12.2,15.9,18,370,2,3
2018,Bentley,Continental GT Convertible,Compacte,6.0,12,AS8,Z,20.4,12.0,16.6,17,389,1,1
2018,Bentley,Continental Supersports,Compacte,6.0,12,AS8,Z,20.4,12.0,16.6,17,389,1,1
2018,Bentley,Flying Spur,Intermédiaire,4.0,8,AS8,Z,18.8,10.7,15.1,19,353,2,3
2018,Bentley,Flying Spur,Intermédiaire,6.0,12,AS8,Z,20.4,12.0,16.6,17,389,1,1
2018,Bentley,Mulsanne,Intermédiaire,6.8,8,AS8,Z,20.9,13.0,17.3,16,405,1,1
2018,BMW,230i xDrive Cabriolet,Sous-compacte,2.0,4,AS8,Z,10.2,7.2,8.9,32,208,6,7
2018,BMW,230i Coupe,Sous-compacte,2.0,4,AS8,Z,9.8,6.8,8.4,34,197,6,7
2018,BMW,230i Coupe,Sous-compacte,2.0,4,M6,Z,11.1,7.3,9.4,30,219,5,7
2018,BMW,230i xDrive Coupe,Sous-compacte,2.0,4,AS8,Z,9.9,7.1,8.6,33,202,6,7
2018,BMW,328d xDrive,Compacte,2.0,4,AS8,D,7.8,5.9,7.0,40,184,7,3
2018,BMW,328d xDrive Touring,Familiale : petite,2.0,4,AS8,D,7.8,5.9,7.0,40,184,7,3
2018,BMW,330i xDrive,Compacte,2.0,4,AS8,Z,10.2,7.2,8.9,32,208,6,7
2018,BMW,330i xDrive Gran Turismo,Grande berline,2.0,4,AS8,Z,10.2,7.2,8.9,32,208,6,7
2018,BMW,330i xDrive Touring,Familiale : petite,2.0,4,AS8,Z,10.2,7.2,8.9,32,208,6,7
2018,BMW,340i,Compacte,3.0,6,AS8,Z,9.2,6.2,7.8,36,183,7,3
2018,BMW,340i,Compacte,3.0,6,M6,Z,12.1,8.1,10.3,27,240,5,3
2018,BMW,340i xDrive,Compacte,3.0,6,AS8,Z,11.1,7.5,9.5,30,223,5,3
2018,BMW,340i xDrive,Compacte,3.0,6,M6,Z,12.2,8.4,10.5,27,245,5,3
2018,BMW,340i xDrive Gran Turismo,Grande berline,3.0,6,AS8,Z,11.8,7.9,10.0,28,235,5,3
2018,BMW,430i xDrive Cabriolet,Sous-compacte,2.0,4,AS8,Z,10.7,7.3,9.1,31,214,5,7
2018,BMW,430i xDrive Coupe,Compacte,2.0,4,AS8,Z,10.2,7.2,8.9,32,208,6,7
2018,BMW,430i xDrive Gran Coupe,Compacte,2.0,4,AS8,Z,10.2,7.2,8.9,32,208,6,7
2018,BMW,440i xDrive Cabriolet,Sous-compacte,3.0,6,AS8,Z,11.8,7.9,10.0,28,235,5,3
2018,BMW,440i Coupe,Compacte,3.0,6,AS8,Z,9.2,6.2,7.8,36,183,7,3
2018,BMW,440i Coupe,Compacte,3.0,6,M6,Z,12.1,8.1,10.3,27,240,5,3
2018,BMW,440i xDrive Coupe,Compacte,3.0,6,AS8,Z,11.1,7.5,9.5,30,223,5,3
2018,BMW,440i xDrive Coupe,Compacte,3.0,6,M6,Z,12.2,8.4,10.5,27,245,5,3
2018,BMW,440i xDrive Gran Coupe,Compacte,3.0,6,AS8,Z,11.1,7.5,9.5,30,223,5,3
2018,BMW,530i xDrive,Intermédiaire,2.0,4,AS8,Z,10.2,7.2,8.9,32,208,6,7
2018,BMW,540i xDrive,Intermédiaire,3.0,6,AS8,Z,11.6,8.1,10.0,28,236,5,5
2018,BMW,640i xDrive Cabriolet,Sous-compacte,3.0,6,AS8,Z,12.3,8.4,10.5,27,248,4,3
2018,BMW,640i xDrive Gran Coupe,Compacte,3.0,6,AS8,Z,12.3,8.4,10.5,27,248,4,3
2018,BMW,640i xDrive Gran Turismo,Grande berline,3.0,6,AS8,Z,11.9,8.4,10.3,27,241,5,5
2018,BMW,650i xDrive Cabriolet,Sous-compacte,4.4,8,AS8,Z,14.7,9.6,12.4,23,292,3,3
2018,BMW,650i xDrive Coupe,Sous-compacte,4.4,8,AS8,Z,14.0,10.0,12.2,23,286,3,3
2018,BMW,650i xDrive Gran Coupe,Compacte,4.4,8,AS8,Z,14.7,9.6,12.4,23,292,3,3
2018,BMW,750i xDrive,Grande berline,4.4,8,AS8,Z,14.7,9.6,12.4,23,292,3,3
2018,BMW,750i xDrive SWB,Grande berline,4.4,8,AS8,Z,14.3,9.4,12.1,23,283,4,3
2018,BMW,Alpina B6 xDrive Gran Coupe,Compacte,4.4,8,AS8,Z,14.7,9.6,12.4,23,292,3,3
2018,BMW,M2,Sous-compacte,3.0,6,AM7,Z,11.8,8.9,10.5,27,245,5,3
2018,BMW,M2,Sous-compacte,3.0,6,M6,Z,13.1,9.2,11.4,25,267,4,3
2018,BMW,M240i Cabriolet,Sous-compacte,3.0,6,AS8,Z,10.9,7.7,9.5,30,222,5,3
2018,BMW,M240i Cabriolet,Sous-compacte,3.0,6,M6,Z,12.7,8.7,10.9,26,255,4,3
2018,BMW,M240i xDrive Cabriolet,Sous-compacte,3.0,6,AS8,Z,11.2,7.8,9.7,29,227,5,3
2018,BMW,M240i Coupe,Sous-compacte,3.0,6,AS8,Z,10.9,7.7,9.5,30,222,5,3
2018,BMW,M240i Coupe,Sous-compacte,3.0,6,M6,Z,12.5,8.4,10.7,26,249,4,3
2018,BMW,M240i xDrive Coupe,Sous-compacte,3.0,6,AS8,Z,11.2,7.8,9.7,29,227,5,3
2018,BMW,M3,Compacte,3.0,6,AM7,Z,13.5,9.9,11.9,24,280,4,3
2018,BMW,M3,Compacte,3.0,6,M6,Z,13.5,9.3,11.6,24,273,4,3
2018,BMW,M4 Cabriolet,Sous-compacte,3.0,6,AM7,Z,14.5,10.5,12.7,22,299,3,3
2018,BMW,M4 Cabriolet,Sous-compacte,3.0,6,M6,Z,13.8,9.4,11.9,24,280,4,3
2018,BMW,M4 Coupe,Compacte,3.0,6,AM7,Z,13.5,9.9,11.9,24,280,4,3
2018,BMW,M4 Coupe,Compacte,3.0,6,M6,Z,13.5,9.3,11.6,24,273,4,3
2018,BMW,M550i xDrive,Intermédiaire,4.4,8,AS8,Z,14.3,9.4,12.1,23,283,4,3
2018,BMW,M6 Cabriolet,Sous-compacte,4.4,8,AM7,Z,17.3,11.6,14.7,19,344,2,3
2018,BMW,M6 Cabriolet,Sous-compacte,4.4,8,M6,Z,16.2,10.9,13.8,20,324,3,3
2018,BMW,M6 Coupe,Sous-compacte,4.4,8,AM7,Z,17.3,11.6,14.7,19,344,2,3
2018,BMW,M6 Coupe,Sous-compacte,4.4,8,M6,Z,16.2,10.9,13.8,20,324,3,3
2018,BMW,M6 Gran Coupe,Compacte,4.4,8,AM7,Z,17.3,11.6,14.7,19,344,2,3
2018,BMW,M6 Gran Coupe,Compacte,4.4,8,M6,Z,16.2,10.9,13.8,20,324,3,3
2018,BMW,M760i xDrive,Grande berline,6.6,12,AS8,Z,17.7,11.9,15.1,19,355,2,3
2018,BMW,X1 xDrive28i,Véhicule utilitaire sport : petit,2.0,4,AS8,Z,10.7,7.5,9.3,30,217,5,7
2018,BMW,X2 xDrive28i,Véhicule utilitaire sport : petit,2.0,4,AS8,Z,11.0,7.7,9.5,30,222,5,7
2018,BMW,X3 xDrive30i,Véhicule utilitaire sport : petit,2.0,4,AS8,Z,10.8,8.0,9.5,30,223,5,7
2018,BMW,X3 M40i,Véhicule utilitaire sport : petit,3.0,6,AS8,Z,11.7,8.6,10.3,27,241,5,5
2018,BMW,X4 xDrive28i,Véhicule utilitaire sport : petit,2.0,4,AS8,Z,11.8,8.6,10.3,27,240,5,3
2018,BMW,X4 M40i,Véhicule utilitaire sport : petit,3.0,6,AS8,Z,12.9,9.5,11.4,25,266,4,3
2018,BMW,X5 xDrive35d,Véhicule utilitaire sport : ordinaire,3.0,6,AS8,D,10.3,8.0,9.3,30,246,4,3
2018,BMW,X5 xDrive35i,Véhicule utilitaire sport : ordinaire,3.0,6,AS8,Z,13.0,9.8,11.5,25,270,4,3
2018,BMW,X5 xDrive50i,Véhicule utilitaire sport : ordinaire,4.4,8,AS8,Z,15.4,11.2,13.5,21,317,3,3
2018,BMW,X5 M,Véhicule utilitaire sport : ordinaire,4.4,8,AS8,Z,16.6,12.1,14.6,19,341,2,3
2018,BMW,X6 xDrive35i,Véhicule utilitaire sport : ordinaire,3.0,6,AS8,Z,13.0,9.8,11.5,25,270,4,3
2018,BMW,X6 xDrive50i,Véhicule utilitaire sport : ordinaire,4.4,8,AS8,Z,15.4,11.2,13.5,21,317,3,3
2018,BMW,X6 M,Véhicule utilitaire sport : ordinaire,4.4,8,AS8,Z,16.6,12.1,14.6,19,341,2,3
2018,Bugatti,Chiron,Deux places,8.0,16,AM7,Z,26.8,16.6,22.2,13,522,1,1
2018,Buick,Enclave,Véhicule utilitaire sport : ordinaire,3.6,6,AS9,X,12.9,9.0,11.2,25,263,4,5
2018,Buick,Enclave AWD,Véhicule utilitaire sport : ordinaire,3.6,6,AS9,X,13.8,9.4,11.8,24,277,4,5
2018,Buick,Encore,Véhicule utilitaire sport : petit,1.4,4,AS6,X,9.3,7.2,8.3,34,194,6,3
2018,Buick,Encore (SIDI with Stop/Start),Véhicule utilitaire sport : petit,1.4,4,AS6,X,8.6,7.1,7.9,36,185,7,3
2018,Buick,Encore AWD,Véhicule utilitaire sport : petit,1.4,4,AS6,X,9.9,7.8,8.9,32,210,5,3
2018,Buick,Encore AWD (SIDI with Stop/Start),Véhicule utilitaire sport : petit,1.4,4,AS6,X,9.0,7.6,8.3,34,196,6,3
2018,Buick,Envision AWD,Véhicule utilitaire sport : petit,2.0,4,A6,Z,11.8,9.1,10.6,27,248,4,3
2018,Buick,Envision AWD,Véhicule utilitaire sport : petit,2.5,4,A6,X,11.1,8.6,10.0,28,234,5,5
2018,Buick,Lacrosse eAssist,Intermédiaire,2.5,4,A6,X,9.3,6.7,8.1,35,190,6,5
2018,Buick,Lacrosse,Intermédiaire,3.6,6,AS9,X,11.3,7.9,9.7,29,228,5,5
2018,Buick,Lacrosse AWD,Intermédiaire,3.6,6,AS9,X,11.8,8.0,10.1,28,237,5,5
2018,Buick,Regal,Grande berline,2.0,4,AS9,Z,10.7,7.4,9.2,31,217,5,5
2018,Buick,Regal AWD,Grande berline,2.0,4,AS8,Z,11.0,8.0,9.6,29,227,5,5
2018,Buick,Regal AWD,Grande berline,3.6,6,AS9,X,12.4,8.7,10.7,26,250,4,5
2018,Cadillac,ATS,Compacte,2.0,4,AS8,Z,10.5,7.7,9.2,31,216,5,5
2018,Cadillac,ATS,Compacte,2.0,4,M6,Z,12.0,8.2,10.3,27,240,5,5
2018,Cadillac,ATS,Compacte,3.6,6,AS8,X,11.6,8.0,10.0,28,234,5,5
2018,Cadillac,ATS AWD,Compacte,2.0,4,AS8,Z,10.8,7.9,9.5,30,222,5,5
2018,Cadillac,ATS AWD,Compacte,3.6,6,AS8,X,12.1,8.6,10.5,27,247,4,5
2018,Cadillac,ATS-V,Compacte,3.6,6,AS8,Z,13.9,9.4,11.9,24,291,3,3
2018,Cadillac,ATS-V,Compacte,3.6,6,M6,Z,14.4,10.4,12.6,22,295,3,3
2018,Cadillac,CT6,Grande berline,2.0,4,AS8,Z,11.0,7.8,9.5,30,224,5,5
2018,Cadillac,CT6 AWD,Grande berline,3.0,6,AS8,Z,13.0,9.1,11.2,25,263,4,3
2018,Cadillac,CT6 AWD,Grande berline,3.6,6,AS8,X,13.0,8.9,11.1,25,261,4,5
2018,Cadillac,CTS,Intermédiaire,2.0,4,AS8,Z,11.0,7.8,9.5,30,224,5,5
2018,Cadillac,CTS,Intermédiaire,3.6,6,AS8,X,11.6,8.0,10.0,28,234,5,5
2018,Cadillac,CTS AWD,Intermédiaire,2.0,4,AS8,Z,11.2,8.2,9.8,29,229,5,5
2018,Cadillac,CTS AWD,Intermédiaire,3.6,6,AS8,X,12.1,8.6,10.5,27,247,4,5
2018,Cadillac,CTS Vsport,Intermédiaire,3.6,6,AS8,Z,15.0,9.9,12.7,22,311,3,3
2018,Cadillac,CTS-V,Intermédiaire,6.2,8,AS8,Z,16.5,11.1,14.0,20,329,3,1
2018,Cadillac,Escalade 4WD,Véhicule utilitaire sport : ordinaire,6.2,8,A10,Z,16.6,10.9,14.0,20,329,3,3
2018,Cadillac,XT5,Véhicule utilitaire sport : petit,3.6,6,AS8,X,12.1,8.9,10.6,27,250,4,5
2018,Cadillac,XT5 AWD,Véhicule utilitaire sport : petit,3.6,6,AS8,X,12.8,9.3,11.2,25,263,4,5
2018,Cadillac,XTS,Grande berline,3.6,6,AS6,X,13.2,8.5,11.1,25,260,4,5
2018,Cadillac,XTS AWD,Grande berline,3.6,6,AS6,X,13.7,9.0,11.6,24,272,4,5
2018,Cadillac,XTS Vsport AWD,Grande berline,3.6,6,AS6,Z,15.0,10.2,12.8,22,302,3,3
2018,Chevrolet,Camaro,Sous-compacte,2.0,4,AS8,Z,10.8,7.6,9.4,30,220,5,5
2018,Chevrolet,Camaro,Sous-compacte,2.0,4,M6,Z,11.9,7.9,10.1,28,235,5,5
2018,Chevrolet,Camaro,Sous-compacte,3.6,6,AS8,X,12.3,8.2,10.4,27,246,5,5
2018,Chevrolet,Camaro,Sous-compacte,3.6,6,M6,X,14.4,8.4,11.7,24,274,4,5
2018,Chevrolet,Camaro SS,Sous-compacte,6.2,8,AS8,Z,14.2,8.7,11.7,24,273,4,1
2018,Chevrolet,Camaro SS,Sous-compacte,6.2,8,M6,Z,14.3,9.4,12.1,23,284,3,1
2018,Chevrolet,Camaro ZL1,Sous-compacte,6.2,8,AS10,Z,18.8,11.3,15.4,18,361,2,1
2018,Chevrolet,Camaro ZL1,Sous-compacte,6.2,8,M6,Z,17.1,12.0,14.8,19,348,2,1
2018,Chevrolet,City Express,Véhicule à usage spécial,2.0,4,AV,X,9.8,8.8,9.3,30,218,5,3
2018,Chevrolet,Colorado,Camionnette : petite,2.5,4,A6,X,12.1,9.2,10.8,26,253,4,5
2018,Chevrolet,Colorado,Camionnette : petite,2.5,4,M6,X,11.9,9.2,10.7,26,251,4,5
2018,Chevrolet,Colorado,Camionnette : petite,2.8,4,A6,D,10.8,8.0,9.6,29,257,4,3
2018,Chevrolet,Colorado,Camionnette : petite,3.6,6,A8,X,13.4,9.6,11.7,24,274,4,5
2018,Chevrolet,Colorado 4WD,Camionnette : petite,2.5,4,A6,X,12.6,9.8,11.3,25,266,4,5
2018,Chevrolet,Colorado 4WD,Camionnette : petite,2.8,4,A6,D,12.1,8.3,10.4,27,279,4,3
2018,Chevrolet,Colorado 4WD,Camionnette : petite,3.6,6,A8,X,14.1,10.0,12.2,23,288,3,5
2018,Chevrolet,Colorado ZR2 4WD,Camionnette : petite,2.8,4,A6,D,12.5,10.7,11.7,24,315,3,3
2018,Chevrolet,Colorado ZR2 4WD,Camionnette : petite,3.6,6,A8,X,15.0,13.0,14.1,20,331,3,5
2018,Chevrolet,Corvette,Deux places,6.2,8,AS8,Z,15.5,9.2,12.7,22,297,3,1
2018,Chevrolet,Corvette,Deux places,6.2,8,M7,Z,14.2,9.0,11.9,24,278,4,1
2018,Chevrolet,Corvette Z06,Deux places,6.2,8,AS8,Z,17.6,10.3,14.3,20,336,2,1
2018,Chevrolet,Corvette Z06,Deux places,6.2,8,M7,Z,15.6,10.6,13.4,21,312,3,1
2018,Chevrolet,Cruze,Compacte,1.4,4,AS6,X,8.0,5.9,7.1,40,166,8,6
2018,Chevrolet,Cruze Premier,Compacte,1.4,4,AS6,X,8.1,6.0,7.2,39,169,8,6
2018,Chevrolet,Cruze,Compacte,1.4,4,M6,X,8.6,5.8,7.4,38,172,7,6
2018,Chevrolet,Cruze Diesel,Compacte,1.6,4,A9,D,7.7,5.0,6.5,43,175,7,3
2018,Chevrolet,Cruze Diesel,Compacte,1.6,4,M6,D,7.8,4.6,6.3,45,170,7,3
2018,Chevrolet,Cruze Hatchback,Intermédiaire,1.4,4,AS6,X,8.1,6.2,7.3,39,172,7,6
2018,Chevrolet,Cruze Hatchback Premier,Intermédiaire,1.4,4,AS6,X,8.4,6.4,7.5,38,176,7,6
2018,Chevrolet,Cruze Hatchback,Intermédiaire,1.4,4,M6,X,8.6,6.2,7.5,38,175,7,6
2018,Chevrolet,Cruze Hatchback Diesel,Intermédiaire,1.6,4,A9,D,7.8,5.2,6.6,43,178,7,3
2018,Chevrolet,Cruze Hatchback Diesel,Intermédiaire,1.6,4,M6,D,8.1,4.9,6.7,42,180,7,3
2018,Chevrolet,Equinox,Véhicule utilitaire sport : petit,1.5,4,A6,X,9.2,7.3,8.3,34,195,6,5
2018,Chevrolet,Equinox,Véhicule utilitaire sport : petit,1.6,4,A6,D,8.5,6.0,7.4,38,198,6,3
2018,Chevrolet,Equinox AWD,Véhicule utilitaire sport : petit,1.5,4,A6,X,9.8,7.9,8.9,32,209,5,5
2018,Chevrolet,Equinox AWD,Véhicule utilitaire sport : petit,1.6,4,A6,D,8.5,6.1,7.4,38,198,6,3
2018,Chevrolet,Equinox AWD,Véhicule utilitaire sport : petit,2.0,4,A9,Z,10.9,8.3,9.7,29,228,5,5
2018,Chevrolet,Impala,Grande berline,2.5,4,AS6,X,10.9,7.9,9.5,30,224,5,3
2018,Chevrolet,Impala FFV,Grande berline,3.6,6,AS6,X,12.7,8.5,10.8,26,254,4,5
2018,Chevrolet,Impala FFV,Grande berline,3.6,6,AS6,E,17.2,11.6,14.6,19,245,5,5
2018,Chevrolet,Malibu,Intermédiaire,1.5,4,A6,X,8.8,6.5,7.8,36,181,7,6
2018,Chevrolet,Malibu,Intermédiaire,2.0,4,A9,Z,10.5,7.4,9.1,31,213,5,5
2018,Chevrolet,Malibu Hybrid,Intermédiaire,1.8,4,AV,X,4.8,5.5,5.1,55,121,10,3
2018,Chevrolet,Silverado FFV,Camionnette : ordinaire,4.3,6,A6,X,13.4,10.0,11.8,24,278,4,5
2018,Chevrolet,Silverado FFV,Camionnette : ordinaire,4.3,6,A6,E,19.3,14.4,17.1,17,284,3,5
2018,Chevrolet,Silverado,Camionnette : ordinaire,5.3,8,A6,X,14.6,10.3,12.7,22,298,3,3
2018,Chevrolet,Silverado FFV,Camionnette : ordinaire,5.3,8,A6,X,14.6,10.3,12.7,22,298,3,3
2018,Chevrolet,Silverado FFV,Camionnette : ordinaire,5.3,8,A6,E,19.7,13.9,17.1,17,283,4,3
2018,Chevrolet,Silverado,Camionnette : ordinaire,5.3,8,A8,X,14.9,10.9,13.1,22,307,3,3
2018,Chevrolet,Silverado eAssist,Camionnette : ordinaire,5.3,8,A8,X,13.4,10.0,11.8,24,278,4,3
2018,Chevrolet,Silverado,Camionnette : ordinaire,6.2,8,A8,Z,15.9,11.2,13.8,20,324,3,3
2018,Chevrolet,Silverado 4WD FFV,Camionnette : ordinaire,4.3,6,A6,X,14.1,10.6,12.5,23,294,3,5
2018,Chevrolet,Silverado 4WD FFV,Camionnette : ordinaire,4.3,6,A6,E,20.2,15.2,18.0,16,296,3,5
2018,Chevrolet,Silverado 4WD,Camionnette : ordinaire,5.3,8,A6,X,15.0,10.7,13.1,22,307,3,3
2018,Chevrolet,Silverado 4WD FFV,Camionnette : ordinaire,5.3,8,A6,X,15.0,10.7,13.1,22,307,3,3
2018,Chevrolet,Silverado 4WD FFV,Camionnette : ordinaire,5.3,8,A6,E,21.0,15.0,18.3,15,309,3,3
2018,Chevrolet,Silverado 4WD,Camionnette : ordinaire,5.3,8,A8,X,15.6,11.6,13.8,20,324,3,3
2018,Chevrolet,Silverado eAssist 4WD,Camionnette : ordinaire,5.3,8,A8,X,14.4,11.2,13.0,22,304,3,3
2018,Chevrolet,Silverado 4WD,Camionnette : ordinaire,6.2,8,A8,Z,16.0,11.7,14.1,20,331,3,3
2018,Chevrolet,Sonic,Compacte,1.4,4,AS6,X,8.8,6.6,7.8,36,184,7,3
2018,Chevrolet,Sonic,Compacte,1.4,4,M6,X,8.4,6.3,7.4,38,174,7,3
2018,Chevrolet,Sonic,Compacte,1.8,4,AS6,X,9.3,7.0,8.3,34,193,6,5
2018,Chevrolet,Sonic,Compacte,1.8,4,M5,X,9.2,6.8,8.1,35,190,6,5
2018,Chevrolet,Sonic 5,Familiale : petite,1.4,4,AS6,X,8.8,6.6,7.8,36,184,7,3
2018,Chevrolet,Sonic 5,Familiale : petite,1.4,4,M6,X,8.4,6.3,7.4,38,174,7,3
2018,Chevrolet,Sonic 5,Familiale : petite,1.8,4,AS6,X,9.3,7.0,8.3,34,193,6,5
2018,Chevrolet,Sonic 5,Familiale : petite,1.8,4,M5,X,9.2,6.8,8.1,35,190,6,5
2018,Chevrolet,Spark,Sous-compacte,1.4,4,AV,X,7.8,6.2,7.1,40,167,8,5
2018,Chevrolet,Spark,Sous-compacte,1.4,4,M5,X,8.0,6.0,7.1,40,166,8,5
2018,Chevrolet,Suburban,Véhicule utilitaire sport : ordinaire,5.3,8,A6,X,15.1,10.4,13.0,22,305,3,3
2018,Chevrolet,Suburban FFV,Véhicule utilitaire sport : ordinaire,5.3,8,A6,X,15.1,10.4,13.0,22,305,3,3
2018,Chevrolet,Suburban FFV,Véhicule utilitaire sport : ordinaire,5.3,8,A6,E,19.8,13.9,17.2,16,285,3,3
2018,Chevrolet,Suburban 4WD,Véhicule utilitaire sport : ordinaire,5.3,8,A6,X,15.3,10.9,13.3,21,313,3,3
2018,Chevrolet,Suburban 4WD FFV,Véhicule utilitaire sport : ordinaire,5.3,8,A6,X,15.3,10.9,13.3,21,312,3,3
2018,Chevrolet,Suburban 4WD FFV,Véhicule utilitaire sport : ordinaire,5.3,8,A6,E,22.3,15.7,19.3,15,321,3,3
2018,Chevrolet,Tahoe,Véhicule utilitaire sport : ordinaire,5.3,8,A6,X,15.1,10.4,13.0,22,305,3,3
2018,Chevrolet,Tahoe FFV,Véhicule utilitaire sport : ordinaire,5.3,8,A6,X,15.1,10.4,13.0,22,305,3,3
2018,Chevrolet,Tahoe FFV,Véhicule utilitaire sport : ordinaire,5.3,8,A6,E,19.8,13.9,17.2,16,285,3,3
2018,Chevrolet,Tahoe 4WD,Véhicule utilitaire sport : ordinaire,5.3,8,A6,X,15.2,10.8,13.2,21,310,3,3
2018,Chevrolet,Tahoe 4WD FFV,Véhicule utilitaire sport : ordinaire,5.3,8,A6,X,15.2,10.8,13.2,21,310,3,3
2018,Chevrolet,Tahoe 4WD FFV,Véhicule utilitaire sport : ordinaire,5.3,8,A6,E,20.8,14.5,18.0,16,299,3,3
2018,Chevrolet,Tahoe 4WD,Véhicule utilitaire sport : ordinaire,6.2,8,A10,Z,16.4,10.7,13.8,20,325,3,3
2018,Chevrolet,Traverse,Véhicule utilitaire sport : ordinaire,2.0,4,A9,Z,11.7,9.0,10.5,27,246,4,5
2018,Chevrolet,Traverse,Véhicule utilitaire sport : ordinaire,3.6,6,AS9,X,12.9,8.7,11.0,26,258,4,5
2018,Chevrolet,Traverse AWD,Véhicule utilitaire sport : ordinaire,3.6,6,AS9,X,13.7,9.4,11.8,24,276,4,5
2018,Chevrolet,Trax,Véhicule utilitaire sport : petit,1.4,4,AS6,X,9.3,7.2,8.3,34,194,6,3
2018,Chevrolet,Trax,Véhicule utilitaire sport : petit,1.4,4,M6,X,9.2,7.1,8.2,34,194,6,3
2018,Chevrolet,Trax 4WD,Véhicule utilitaire sport : petit,1.4,4,AS6,X,9.9,7.8,8.9,32,210,5,3
2018,Chrysler,300,Grande berline,3.6,6,A8,X,12.4,7.8,10.3,27,242,5,3
2018,Chrysler,300 FFV,Grande berline,3.6,6,A8,X,12.4,7.8,10.3,27,242,5,3
2018,Chrysler,300 FFV,Grande berline,3.6,6,A8,E,17.1,10.6,14.2,20,234,5,3
2018,Chrysler,300,Grande berline,5.7,8,A8,X,14.7,9.4,12.3,23,289,3,3
2018,Chrysler,300 AWD,Grande berline,3.6,6,A8,X,12.8,8.7,11.0,26,258,4,3
2018,Chrysler,300 AWD FFV,Grande berline,3.6,6,A8,X,12.8,8.7,11.0,26,258,4,3
2018,Chrysler,300 AWD FFV,Grande berline,3.6,6,A8,E,17.6,12.0,15.0,19,248,4,3
2018,Chrysler,Pacifica,Fourgonnette,3.6,6,A9,X,12.9,8.4,10.9,26,259,4,3
2018,Chrysler,Pacifica (Stop-Start),Fourgonnette,3.6,6,A9,X,12.4,8.4,10.6,27,249,4,3
2018,Dodge,Challenger,Intermédiaire,3.6,6,A8,X,12.4,7.8,10.3,27,242,5,3
2018,Dodge,Challenger (MDS),Intermédiaire,5.7,8,A8,X,14.7,9.4,12.3,23,289,3,3
2018,Dodge,Challenger,Intermédiaire,5.7,8,M6,Z,15.6,10.1,13.1,22,307,3,1
2018,Dodge,Challenger (MDS),Intermédiaire,6.4,8,A8,Z,15.6,9.6,12.9,22,302,3,1
2018,Dodge,Challenger,Intermédiaire,6.4,8,M6,Z,16.7,10.4,13.9,20,325,3,1
2018,Dodge,Challenger GT AWD,Intermédiaire,3.6,6,A8,X,12.8,8.7,11.0,26,258,4,3
2018,Dodge,Challenger GT AWD FFV,Intermédiaire,3.6,6,A8,X,12.8,8.7,11.0,26,258,4,3
2018,Dodge,Challenger GT AWD FFV,Intermédiaire,3.6,6,A8,E,17.6,12.0,15.0,19,248,4,3
2018,Dodge,Challenger SRT,Intermédiaire,6.4,8,M6,Z,16.7,10.4,13.9,20,325,3,1
2018,Dodge,Challenger SRT (MDS),Intermédiaire,6.4,8,A8,Z,15.6,9.6,12.9,22,302,3,1
2018,Dodge,Challenger SRT Demon,Intermédiaire,6.2,8,A8,Z,17.6,10.7,14.5,19,339,2,1
2018,Dodge,Challenger SRT Hellcat,Intermédiaire,6.2,8,A8,Z,17.6,10.7,14.5,19,339,2,1
2018,Dodge,Challenger SRT Hellcat,Intermédiaire,6.2,8,M6,Z,18.1,11.4,15.1,19,352,2,1
2018,Dodge,Charger,Grande berline,3.6,6,A5,X,13.7,9.0,11.6,24,271,4,3
2018,Dodge,Charger FFV,Grande berline,3.6,6,A5,X,13.7,9.0,11.6,24,271,4,3
2018,Dodge,Charger FFV,Grande berline,3.6,6,A5,E,18.9,12.7,16.1,18,268,4,3
2018,Dodge,Charger,Grande berline,3.6,6,A8,X,12.4,7.8,10.3,27,242,5,3
2018,Dodge,Charger FFV,Grande berline,3.6,6,A8,X,12.4,7.8,10.3,27,242,5,3
2018,Dodge,Charger FFV,Grande berline,3.6,6,A8,E,17.1,10.6,14.2,20,234,5,3
2018,Dodge,Charger (MDS),Grande berline,5.7,8,A5,X,15.6,9.7,12.9,22,302,3,3
2018,Dodge,Charger (MDS),Grande berline,5.7,8,A8,X,14.7,9.4,12.3,23,289,3,3
2018,Dodge,Charger (MDS),Grande berline,6.4,8,A8,Z,15.6,9.6,12.9,22,302,3,1
2018,Dodge,Charger AWD,Grande berline,3.6,6,A8,X,12.8,8.7,11.0,26,258,4,3
2018,Dodge,Charger AWD FFV,Grande berline,3.6,6,A8,X,12.8,8.7,11.0,26,258,4,3
2018,Dodge,Charger AWD FFV,Grande berline,3.6,6,A8,E,17.6,12.0,15.0,19,248,4,3
2018,Dodge,Charger AWD (MDS),Grande berline,5.7,8,A5,X,16.0,10.1,13.3,21,312,3,3
2018,Dodge,Charger SRT (MDS),Grande berline,6.4,8,A8,Z,15.6,9.6,12.9,22,302,3,1
2018,Dodge,Charger SRT Hellcat,Grande berline,6.2,8,A8,Z,17.6,10.7,14.5,19,339,2,1
2018,Dodge,Durango AWD,Véhicule utilitaire sport : ordinaire,3.6,6,A8,X,12.7,9.6,11.3,25,265,4,5
2018,Dodge,Durango AWD,Véhicule utilitaire sport : ordinaire,5.7,8,A8,X,16.7,10.9,14.1,20,331,3,3
2018,Dodge,Durango AWD SRT,Véhicule utilitaire sport : ordinaire,6.4,8,A8,Z,18.3,12.2,15.6,18,363,2,1
2018,Dodge,Grand Caravan FFV,Fourgonnette,3.6,6,A6,X,13.7,9.4,11.8,24,276,4,3
2018,Dodge,Grand Caravan FFV,Fourgonnette,3.6,6,A6,E,19.4,13.3,16.7,17,274,4,3
2018,Dodge,Journey,Véhicule utilitaire sport : petit,2.4,4,A4,X,12.7,9.2,11.1,25,261,4,3
2018,Dodge,Journey FFV,Véhicule utilitaire sport : petit,3.6,6,A6,X,14.2,9.5,12.1,23,284,4,3
2018,Dodge,Journey FFV,Véhicule utilitaire sport : petit,3.6,6,A6,E,19.1,13.2,16.4,17,274,4,3
2018,Dodge,Journey AWD,Véhicule utilitaire sport : petit,3.6,6,A6,X,14.5,10.0,12.4,23,292,3,3
2018,FIAT,124 Spider,Deux places,1.4,4,A6,X,9.3,6.5,8.0,35,187,6,3
2018,FIAT,124 Spider,Deux places,1.4,4,M6,X,9.0,6.7,7.9,36,185,7,3
2018,FIAT,500,Minicompacte,1.4,4,A6,X,9.7,7.4,8.7,32,202,6,3
2018,FIAT,500,Minicompacte,1.4,4,M5,X,8.4,7.0,7.8,36,182,7,3
2018,FIAT,500 Abarth,Minicompacte,1.4,4,A6,X,9.7,7.4,8.7,32,202,6,3
2018,FIAT,500 Abarth,Minicompacte,1.4,4,M5,X,8.4,7.0,7.8,36,182,7,3
2018,FIAT,500L,Familiale : petite,1.4,4,A6,X,10.7,7.9,9.4,30,221,5,3
2018,FIAT,500X,Véhicule utilitaire sport : petit,1.4,4,M6,X,9.5,7.1,8.4,34,197,6,3
2018,FIAT,500X,Véhicule utilitaire sport : petit,2.4,4,A9,X,10.7,7.8,9.4,30,220,5,7
2018,FIAT,500X AWD,Véhicule utilitaire sport : petit,2.4,4,A9,X,11.0,8.0,9.7,29,226,5,7
2018,Ford,C-MAX Hybrid,Grande berline,2.0,4,AV,X,5.7,6.2,5.9,48,138,9,7
2018,Ford,EcoSport,Véhicule utilitaire sport : petit,1.0,3,AS6,X,8.6,8.1,8.4,34,195,6,3
2018,Ford,EcoSport AWD,Véhicule utilitaire sport : petit,2.0,4,AS6,X,10.2,8.0,9.3,30,217,5,5
2018,Ford,Edge,Véhicule utilitaire sport : petit,2.0,4,AS6,X,11.5,8.0,9.9,29,233,5,5
2018,Ford,Edge (Start/Stop),Véhicule utilitaire sport : petit,2.0,4,AS6,X,11.3,8.0,9.9,29,231,5,5
2018,Ford,Edge,Véhicule utilitaire sport : petit,3.5,6,AS6,X,13.5,9.1,11.5,25,270,4,3
2018,Ford,Edge AWD,Véhicule utilitaire sport : petit,2.0,4,AS6,X,11.9,8.7,10.5,27,246,5,5
2018,Ford,Edge AWD,Véhicule utilitaire sport : petit,2.7,6,AS6,X,13.8,9.8,12.0,24,282,4,5
2018,Ford,Edge AWD,Véhicule utilitaire sport : petit,3.5,6,AS6,X,14.2,10.2,12.4,23,291,3,3
2018,Ford,Escape,Véhicule utilitaire sport : petit,1.5,4,AS6,X,10.2,7.8,9.1,31,214,5,3
2018,Ford,Escape FFV,Véhicule utilitaire sport : petit,2.5,4,AS6,X,11.1,8.1,9.7,29,229,5,3
2018,Ford,Escape FFV,Véhicule utilitaire sport : petit,2.5,4,AS6,E,15.2,10.9,13.3,21,219,5,3
2018,Ford,Escape AWD,Véhicule utilitaire sport : petit,1.5,4,AS6,X,10.7,8.3,9.6,29,226,5,3
2018,Ford,Escape AWD,Véhicule utilitaire sport : petit,2.0,4,AS6,X,11.5,8.8,10.3,27,241,5,5
2018,Ford,Expedition 4X4,Véhicule utilitaire sport : ordinaire,3.5,6,AS10,X,13.8,10.7,12.4,23,291,3,5
2018,Ford,Expedition MAX 4X4,Véhicule utilitaire sport : ordinaire,3.5,6,AS10,X,14.9,11.2,13.2,21,311,3,5
2018,Ford,Explorer,Véhicule utilitaire sport : ordinaire,2.3,4,AS6,X,12.6,8.6,10.8,26,254,4,3
2018,Ford,Explorer FFV,Véhicule utilitaire sport : ordinaire,3.5,6,AS6,X,13.9,9.8,12.1,23,283,4,3
2018,Ford,Explorer FFV,Véhicule utilitaire sport : ordinaire,3.5,6,AS6,E,18.7,13.0,16.2,17,269,4,3
2018,Ford,Explorer AWD,Véhicule utilitaire sport : ordinaire,2.3,4,AS6,X,13.1,9.2,11.4,25,267,4,3
2018,Ford,Explorer AWD,Véhicule utilitaire sport : ordinaire,3.5,6,AS6,X,14.8,10.7,13.0,22,305,3,3
2018,Ford,Explorer FFV AWD,Véhicule utilitaire sport : ordinaire,3.5,6,AS6,X,14.5,10.6,12.7,22,299,3,3
2018,Ford,Explorer FFV AWD,Véhicule utilitaire sport : ordinaire,3.5,6,AS6,E,19.7,14.3,17.3,16,288,3,3
2018,Ford,F-150,Camionnette : ordinaire,2.7,6,AS10,X,11.9,9.0,10.6,27,249,4,5
2018,Ford,F-150 (LT Tire Pkg),Camionnette : ordinaire,2.7,6,AS10,X,12.0,9.4,10.8,26,253,4,5
2018,Ford,F-150 (Payload Pkg),Camionnette : ordinaire,2.7,6,AS10,X,12.3,9.4,11.0,26,258,4,5
2018,Ford,F-150,Camionnette : ordinaire,3.0,6,AS10,D,10.8,8.0,9.5,30,256,4,1
2018,Ford,F-150 (LT Tire Pkg),Camionnette : ordinaire,3.0,6,AS10,D,10.8,8.4,9.7,29,260,4,1
2018,Ford,F-150,Camionnette : ordinaire,3.3,6,AS6,X,12.3,9.4,11.0,26,259,4,5
2018,Ford,F-150 FFV,Camionnette : ordinaire,3.3,6,AS6,X,12.3,9.3,10.9,26,257,4,5
2018,Ford,F-150 FFV,Camionnette : ordinaire,3.3,6,AS6,E,16.8,12.7,14.9,19,248,4,5
2018,Ford,F-150 (LT Tire Pkg),Camionnette : ordinaire,3.3,6,AS6,X,12.4,9.8,11.2,25,263,4,5
2018,Ford,F-150 FFV (LT Tire Pkg),Camionnette : ordinaire,3.3,6,AS6,X,12.4,9.8,11.2,25,263,4,5
2018,Ford,F-150 FFV (LT Tire Pkg),Camionnette : ordinaire,3.3,6,AS6,E,16.8,12.7,14.9,19,248,4,5
2018,Ford,F-150,Camionnette : ordinaire,3.5,6,AS10,X,13.6,10.1,12.0,24,282,4,5
2018,Ford,F-150 (LT Tire Pkg),Camionnette : ordinaire,3.5,6,AS10,X,13.6,10.7,12.3,23,288,3,5
2018,Ford,F-150 (Payload Pkg),Camionnette : ordinaire,3.5,6,AS10,X,13.7,11.2,12.5,23,293,3,5
2018,Ford,F-150,Camionnette : ordinaire,5.0,8,AS10,X,14.1,10.4,12.4,23,292,3,3
2018,Ford,F-150 FFV,Camionnette : ordinaire,5.0,8,AS10,X,13.9,10.2,12.2,23,286,3,3
2018,Ford,F-150 FFV,Camionnette : ordinaire,5.0,8,AS10,E,20.2,14.0,17.4,16,288,3,3
2018,Ford,F-150 (LT Tire Pkg),Camionnette : ordinaire,5.0,8,AS10,X,14.7,11.2,13.1,22,308,3,3
2018,Ford,F-150 FFV (LT Tire Pkg),Camionnette : ordinaire,5.0,8,AS10,X,14.7,11.2,13.1,22,307,3,3
2018,Ford,F-150 FFV (LT Tire Pkg),Camionnette : ordinaire,5.0,8,AS10,E,20.2,14.0,17.4,16,288,3,3
2018,Ford,F-150 (Payload Pkg),Camionnette : ordinaire,5.0,8,AS10,X,14.7,11.8,13.8,20,324,3,3
2018,Ford,F-150 FFV (Payload Pkg),Camionnette : ordinaire,5.0,8,AS10,X,14.7,11.8,13.8,20,323,3,3
2018,Ford,F-150 FFV (Payload Pkg),Camionnette : ordinaire,5.0,8,AS10,E,20.3,14.0,17.4,16,288,3,3
2018,Ford,F-150 4X4,Camionnette : ordinaire,2.7,6,AS10,X,12.6,9.8,11.3,25,265,4,5
2018,Ford,F-150 4X4 (LT Tire Pkg),Camionnette : ordinaire,2.7,6,AS10,X,13.1,10.2,11.8,24,277,4,5
2018,Ford,F-150 4X4 (Payload Pkg),Camionnette : ordinaire,2.7,6,AS10,X,13.1,9.8,11.6,24,272,4,5
2018,Ford,F-150 4X4,Camionnette : ordinaire,3.0,6,AS10,D,11.8,9.3,10.7,26,288,3,1
2018,Ford,F-150 4X4 (LT Tire Pkg),Camionnette : ordinaire,3.0,6,AS10,D,11.8,9.3,10.7,26,288,3,1
2018,Ford,F-150 4X4 XL/XLT,Camionnette : ordinaire,3.0,6,AS10,D,11.2,8.4,9.9,29,266,4,1
2018,Ford,F-150 4X4,Camionnette : ordinaire,3.3,6,AS6,X,13.0,10.3,11.8,24,277,4,5
2018,Ford,F-150 FFV 4X4,Camionnette : ordinaire,3.3,6,AS6,X,12.9,10.2,11.7,24,273,4,5
2018,Ford,F-150 FFV 4X4,Camionnette : ordinaire,3.3,6,AS6,E,17.6,13.7,15.8,18,263,4,5
2018,Ford,F-150 4X4 (LT Tire Pkg),Camionnette : ordinaire,3.3,6,AS6,X,13.8,10.7,12.4,23,291,3,5
2018,Ford,F-150 FFV 4X4 (LT Tire Pkg),Camionnette : ordinaire,3.3,6,AS6,X,13.8,10.7,12.4,23,291,3,5
2018,Ford,F-150 FFV 4X4 (LT Tire Pkg),Camionnette : ordinaire,3.3,6,AS6,E,17.5,13.7,15.8,18,262,4,5
2018,Ford,F-150 4X4,Camionnette : ordinaire,3.5,6,AS10,X,14.3,10.5,12.6,22,295,3,5
2018,Ford,F-150 4X4 (LT Tire Pkg),Camionnette : ordinaire,3.5,6,AS10,X,14.4,10.6,12.7,22,297,3,5
2018,Ford,F-150 4X4 (Payload Pkg),Camionnette : ordinaire,3.5,6,AS10,X,14.5,11.2,13.0,22,305,3,5
2018,Ford,F-150 4X4,Camionnette : ordinaire,5.0,8,AS10,X,14.6,10.9,13.0,22,304,3,3
2018,Ford,F-150 FFV 4X4,Camionnette : ordinaire,5.0,8,AS10,X,15.1,11.0,13.3,21,311,3,3
2018,Ford,F-150 FFV 4X4,Camionnette : ordinaire,5.0,8,AS10,E,20.0,15.6,18.0,16,300,3,3
2018,Ford,F-150 4X4 (LT Tire Pkg),Camionnette : ordinaire,5.0,8,AS10,X,14.7,11.8,13.8,20,324,3,3
2018,Ford,F-150 FFV 4X4 (LT Tire Pkg),Camionnette : ordinaire,5.0,8,AS10,X,15.1,11.8,13.8,20,324,3,3
2018,Ford,F-150 FFV 4X4 (LT Tire Pkg),Camionnette : ordinaire,5.0,8,AS10,E,20.0,15.6,18.0,16,300,3,3
2018,Ford,F-150 4X4 (Payload Pkg),Camionnette : ordinaire,5.0,8,AS10,X,15.7,12.4,14.2,20,334,3,3
2018,Ford,F-150 FFV 4X4 (Payload Pkg),Camionnette : ordinaire,5.0,8,AS10,X,16.1,12.4,14.5,19,339,2,3
2018,Ford,F-150 FFV 4X4 (Payload Pkg),Camionnette : ordinaire,5.0,8,AS10,E,21.4,17.2,19.5,14,325,3,3
2018,Ford,F-150 Raptor 4X4,Camionnette : ordinaire,3.5,6,AS10,X,15.6,13.2,14.5,19,339,2,3
2018,Ford,Fiesta,Sous-compacte,1.6,4,AM6,X,8.6,6.4,7.6,37,179,7,3
2018,Ford,Fiesta,Sous-compacte,1.6,4,M5,X,8.6,6.7,7.8,36,182,7,3
2018,Ford,Fiesta ST,Sous-compacte,1.6,4,M6,X,9.0,7.1,8.2,34,192,6,3
2018,Ford,Flex,Véhicule utilitaire sport : ordinaire,3.5,6,AS6,X,14.7,10.2,12.7,22,298,3,3
2018,Ford,Flex AWD,Véhicule utilitaire sport : ordinaire,3.5,6,AS6,X,14.7,10.7,12.9,22,303,3,3
2018,Ford,Flex AWD GTDI,Véhicule utilitaire sport : ordinaire,3.5,6,AS6,X,15.7,11.2,13.7,21,322,3,3
2018,Ford,Focus,Compacte,1.0,3,AS6,X,8.5,6.2,7.5,38,176,7,3
2018,Ford,Focus,Compacte,1.0,3,M6,X,7.9,5.9,7.0,40,164,8,3
2018,Ford,Focus,Compacte,2.0,4,AM6,X,8.9,6.1,7.7,37,179,7,7
2018,Ford,Focus,Compacte,2.0,4,AS6,X,9.8,7.0,8.5,33,200,6,7
2018,Ford,Focus,Compacte,2.0,4,M5,X,9.5,6.9,8.3,34,196,6,7
2018,Ford,Focus ST,Intermédiaire,2.0,4,M6,X,10.5,7.8,9.3,30,219,5,3
2018,Ford,Focus RS AWD,Intermédiaire,2.3,4,M6,Z,12.2,9.0,10.8,26,252,4,3
2018,Ford,Fusion,Intermédiaire,1.5,4,AS6,X,10.0,7.0,8.7,32,203,6,7
2018,Ford,Fusion,Intermédiaire,2.0,4,AS6,X,11.2,7.6,9.6,29,225,5,5
2018,Ford,Fusion,Intermédiaire,2.5,4,A6,X,11.3,7.4,9.5,30,223,5,5
2018,Ford,Fusion AWD,Intermédiaire,2.0,4,AS6,X,11.8,8.2,10.2,28,238,5,5
2018,Ford,Fusion AWD,Intermédiaire,2.7,6,AS6,X,13.8,9.1,11.8,24,277,4,5
2018,Ford,Fusion Hybrid,Intermédiaire,2.0,4,AV,X,5.5,5.6,5.6,50,131,9,7
2018,Ford,GT,Deux places,3.5,6,AM7,Z,20.4,13.1,17.1,17,403,1,3
2018,Ford,Mustang,Sous-compacte,2.3,4,AS10,X,11.0,7.4,9.4,30,219,5,5
2018,Ford,Mustang (Performance Pkg),Sous-compacte,2.3,4,AS10,X,11.8,8.1,10.1,28,236,5,5
2018,Ford,Mustang,Sous-compacte,2.3,4,M6,X,11.0,7.7,9.5,30,222,5,5
2018,Ford,Mustang (Performance Pkg),Sous-compacte,2.3,4,M6,X,11.8,8.4,10.3,27,240,5,5
2018,Ford,Mustang,Sous-compacte,5.0,8,AS10,X,15.1,9.3,12.5,23,291,3,3
2018,Ford,Mustang,Sous-compacte,5.0,8,M6,X,15.5,9.5,12.8,22,300,3,3
2018,Ford,Mustang Convertible,Sous-compacte,2.3,4,AS10,X,11.8,8.2,10.2,28,238,5,5
2018,Ford,Mustang Convertible,Sous-compacte,2.3,4,M6,X,11.8,8.4,10.3,27,240,5,5
2018,Ford,Mustang Convertible,Sous-compacte,5.0,8,AS10,X,15.5,10.0,13.1,22,305,3,3
2018,Ford,Shelby GT350 Mustang,Sous-compacte,5.2,8,M6,Z,17.2,11.3,14.6,19,341,2,3
2018,Ford,T-150 Wagon,Fourgon : passager,3.5,6,AS6,X,16.2,12.8,14.7,19,345,2,1
2018,Ford,T-150 Wagon,Fourgon : passager,3.7,6,AS6,X,16.8,13.1,15.1,19,354,2,1
2018,Ford,Taurus FFV,Grande berline,3.5,6,AS6,X,13.1,8.7,11.1,25,260,4,3
2018,Ford,Taurus FFV,Grande berline,3.5,6,AS6,E,17.6,11.7,15.0,19,249,4,3
2018,Ford,Taurus AWD,Grande berline,3.5,6,AS6,X,14.6,10.0,12.5,23,294,3,3
2018,Ford,Taurus FFV AWD,Grande berline,3.5,6,AS6,X,13.6,9.9,12.4,23,291,3,3
2018,Ford,Taurus FFV AWD,Grande berline,3.5,6,AS6,E,18.7,13.4,16.3,17,271,4,3
2018,Ford,Transit Connect Van FFV,Véhicule à usage spécial,2.5,4,AS6,X,11.9,8.7,10.4,27,244,5,3
2018,Ford,Transit Connect Van FFV,Véhicule à usage spécial,2.5,4,AS6,E,16.2,11.9,14.3,20,234,5,3
2018,Ford,Transit Connect Wagon LWB FFV,Véhicule à usage spécial,2.5,4,AS6,X,12.3,8.8,10.7,26,251,4,3
2018,Ford,Transit Connect Wagon LWB FFV,Véhicule à usage spécial,2.5,4,AS6,E,16.8,12.1,14.7,19,241,5,3
2018,Genesis,G80 AWD,Grande berline,3.3,6,AS8,Z,13.8,9.7,11.9,24,282,4,3
2018,Genesis,G80 AWD,Grande berline,3.8,6,AS8,X,13.4,9.6,11.7,24,276,4,5
2018,Genesis,G80 AWD,Grande berline,5.0,8,AS8,Z,15.6,10.4,13.2,21,312,3,5
2018,Genesis,G90 AWD,Grande berline,3.3,6,AS8,Z,13.7,9.7,11.9,24,279,4,3
2018,Genesis,G90 AWD,Grande berline,5.0,8,AS8,Z,15.2,10.2,13.0,22,306,3,5
2018,GMC,Acadia,Véhicule utilitaire sport : ordinaire,2.5,4,A6,X,11.0,9.2,10.2,28,239,5,3
2018,GMC,Acadia,Véhicule utilitaire sport : ordinaire,3.6,6,A6,X,13.1,9.4,11.4,25,268,4,5
2018,GMC,Acadia AWD,Véhicule utilitaire sport : ordinaire,2.5,4,A6,X,11.2,9.4,10.4,27,243,5,3
2018,GMC,Acadia AWD,Véhicule utilitaire sport : ordinaire,3.6,6,A6,X,13.5,9.5,11.7,24,275,4,5
2018,GMC,Canyon,Camionnette : petite,2.5,4,A6,X,12.1,9.2,10.8,26,253,4,5
2018,GMC,Canyon,Camionnette : petite,2.5,4,M6,X,11.9,9.2,10.7,26,251,4,5
2018,GMC,Canyon,Camionnette : petite,2.8,4,A6,D,10.8,8.0,9.6,29,257,4,3
2018,GMC,Canyon,Camionnette : petite,3.6,6,A8,X,13.4,9.6,11.7,24,274,4,5
2018,GMC,Canyon 4WD,Camionnette : petite,2.5,4,A6,X,12.6,9.8,11.3,25,266,4,5
2018,GMC,Canyon 4WD,Camionnette : petite,2.8,4,A6,D,12.1,8.3,10.4,27,279,4,3
2018,GMC,Canyon 4WD,Camionnette : petite,3.6,6,A8,X,14.1,10.0,12.2,23,288,3,5
2018,GMC,Sierra FFV,Camionnette : ordinaire,4.3,6,A6,X,13.4,10.0,11.8,24,278,4,5
2018,GMC,Sierra FFV,Camionnette : ordinaire,4.3,6,A6,E,19.3,14.4,17.1,17,284,3,5
2018,GMC,Sierra,Camionnette : ordinaire,5.3,8,A6,X,14.6,10.3,12.7,22,298,3,3
2018,GMC,Sierra FFV,Camionnette : ordinaire,5.3,8,A6,X,14.6,10.3,12.7,22,298,3,3
2018,GMC,Sierra FFV,Camionnette : ordinaire,5.3,8,A6,E,19.7,13.9,17.0,17,283,4,3
2018,GMC,Sierra,Camionnette : ordinaire,5.3,8,A8,X,14.9,10.9,13.1,22,307,3,3
2018,GMC,Sierra eAssist,Camionnette : ordinaire,5.3,8,A8,X,13.4,10.0,11.8,24,278,4,3
2018,GMC,Sierra,Camionnette : ordinaire,6.2,8,A8,Z,15.9,11.2,13.8,20,323,3,3
2018,GMC,Sierra 4WD FFV,Camionnette : ordinaire,4.3,6,A6,X,14.1,10.6,12.5,23,294,3,5
2018,GMC,Sierra 4WD FFV,Camionnette : ordinaire,4.3,6,A6,E,20.2,15.2,18.0,16,296,3,5
2018,GMC,Sierra 4WD,Camionnette : ordinaire,5.3,8,A6,X,15.0,10.7,13.1,22,307,3,3
2018,GMC,Sierra 4WD FFV,Camionnette : ordinaire,5.3,8,A6,X,15.0,10.7,13.1,22,307,3,3
2018,GMC,Sierra 4WD FFV,Camionnette : ordinaire,5.3,8,A6,E,21.0,15.0,18.3,15,309,3,3
2018,GMC,Sierra 4WD,Camionnette : ordinaire,5.3,8,A8,X,15.6,11.6,13.8,20,324,3,3
2018,GMC,Sierra eAssist 4WD,Camionnette : ordinaire,5.3,8,A8,X,14.4,11.2,13.0,22,304,3,3
2018,GMC,Sierra 4WD,Camionnette : ordinaire,6.2,8,A8,Z,16.0,11.7,14.1,20,331,3,3
2018,GMC,Terrain,Véhicule utilitaire sport : petit,1.5,4,A9,X,9.2,7.9,8.6,33,201,6,5
2018,GMC,Terrain,Véhicule utilitaire sport : petit,1.6,4,A6,D,8.5,6.0,7.4,38,198,6,3
2018,GMC,Terrain AWD,Véhicule utilitaire sport : petit,1.5,4,A9,X,9.6,8.3,9.0,31,210,5,5
2018,GMC,Terrain AWD,Véhicule utilitaire sport : petit,1.6,4,A6,D,8.5,6.1,7.4,38,198,6,3
2018,GMC,Terrain AWD,Véhicule utilitaire sport : petit,2.0,4,A9,Z,11.2,9.0,10.2,28,239,5,5
2018,GMC,Yukon,Véhicule utilitaire sport : ordinaire,5.3,8,A6,X,15.1,10.4,13.0,22,305,3,3
2018,GMC,Yukon FFV,Véhicule utilitaire sport : ordinaire,5.3,8,A6,X,15.1,10.4,13.0,22,305,3,3
2018,GMC,Yukon FFV,Véhicule utilitaire sport : ordinaire,5.3,8,A6,E,19.8,13.9,17.2,16,285,3,3
2018,GMC,Yukon 4WD,Véhicule utilitaire sport : ordinaire,5.3,8,A6,X,15.2,10.8,13.2,21,310,3,3
2018,GMC,Yukon 4WD FFV,Véhicule utilitaire sport : ordinaire,5.3,8,A6,X,15.2,10.8,13.2,21,310,3,3
2018,GMC,Yukon 4WD FFV,Véhicule utilitaire sport : ordinaire,5.3,8,A6,E,20.8,14.5,18.0,16,299,3,3
2018,GMC,Yukon 4WD,Véhicule utilitaire sport : ordinaire,6.2,8,A10,Z,16.4,10.7,13.8,20,325,3,3
2018,GMC,Yukon XL,Véhicule utilitaire sport : ordinaire,5.3,8,A6,X,15.1,10.4,13.0,22,305,3,3
2018,GMC,Yukon XL FFV,Véhicule utilitaire sport : ordinaire,5.3,8,A6,X,15.1,10.4,13.0,22,305,3,3
2018,GMC,Yukon XL FFV,Véhicule utilitaire sport : ordinaire,5.3,8,A6,E,19.8,13.9,17.2,16,285,3,3
2018,GMC,Yukon XL 4WD,Véhicule utilitaire sport : ordinaire,5.3,8,A6,X,15.3,10.9,13.3,21,313,3,3
2018,GMC,Yukon XL 4WD FFV,Véhicule utilitaire sport : ordinaire,5.3,8,A6,X,15.3,10.9,13.3,21,312,3,3
2018,GMC,Yukon XL 4WD FFV,Véhicule utilitaire sport : ordinaire,5.3,8,A6,E,22.3,15.7,19.3,15,321,3,3
2018,GMC,Yukon XL 4WD,Véhicule utilitaire sport : ordinaire,6.2,8,A10,Z,17.1,11.3,14.5,19,340,2,3
2018,Honda,Accord,Grande berline,1.5,4,AV,X,7.9,6.3,7.2,39,168,8,7
2018,Honda,Accord,Grande berline,1.5,4,AV7,X,8.2,6.8,7.6,37,177,7,7
2018,Honda,Accord,Grande berline,1.5,4,M6,X,8.9,6.7,7.9,36,185,7,6
2018,Honda,Accord,Grande berline,2.0,4,M6,X,10.7,7.3,9.2,31,214,5,6
2018,Honda,Accord Sport/Touring,Intermédiaire,2.0,4,AS10,X,10.4,7.4,9.1,31,211,5,7
2018,Honda,Accord Hybrid,Grande berline,2.0,4,AV,X,5.0,5.1,5.1,55,118,10,7
2018,Honda,Civic Coupe,Compacte,1.5,4,AV,X,7.5,5.9,6.8,42,158,8,3
2018,Honda,Civic Coupe,Compacte,1.5,4,M6,X,7.7,5.7,6.8,42,158,8,3
2018,Honda,Civic Coupe,Compacte,2.0,4,AV,X,7.8,6.0,7.0,40,163,8,3
2018,Honda,Civic Coupe,Compacte,2.0,4,M6,X,8.5,6.1,7.4,38,173,7,3
2018,Honda,Civic Coupe Si,Compacte,1.5,4,M6,Z,8.4,6.2,7.4,38,173,7,3
2018,Honda,Civic Hatchback,Grande berline,1.5,4,AV,X,7.7,6.0,6.9,41,162,8,3
2018,Honda,Civic Hatchback,Grande berline,1.5,4,AV7,X,7.9,6.6,7.3,39,170,7,3
2018,Honda,Civic Hatchback,Grande berline,1.5,4,M6,X,8.0,6.2,7.2,39,167,8,3
2018,Honda,Civic Hatchback Sport,Grande berline,1.5,4,AV7,Z,7.9,6.6,7.3,39,170,7,3
2018,Honda,Civic Hatchback Sport,Grande berline,1.5,4,M6,Z,8.0,6.2,7.2,39,167,8,3
2018,Honda,Civic Sedan,Intermédiaire,1.5,4,AV,X,7.4,5.6,6.6,43,153,8,3
2018,Honda,Civic Sedan,Intermédiaire,2.0,4,AV,X,7.8,6.0,7.0,40,163,8,3
2018,Honda,Civic Sedan,Intermédiaire,2.0,4,M6,X,8.5,6.0,7.4,38,172,7,3
2018,Honda,Civic Sedan Si,Intermédiaire,1.5,4,M6,Z,8.4,6.2,7.4,38,173,7,3
2018,Honda,Civic Type R,Grande berline,2.0,4,M6,Z,10.6,8.3,9.6,29,224,5,3
2018,Honda,CR-V,Véhicule utilitaire sport : petit,1.5,4,AV,X,8.4,7.0,7.8,36,181,7,5
2018,Honda,CR-V AWD,Véhicule utilitaire sport : petit,1.5,4,AV,X,8.7,7.2,8.0,35,188,6,5
2018,Honda,Fit,Familiale : petite,1.5,4,AV,X,7.0,5.9,6.5,43,151,8,7
2018,Honda,Fit,Familiale : petite,1.5,4,AV7,X,7.6,6.5,7.0,40,166,8,7
2018,Honda,Fit,Familiale : petite,1.5,4,M6,X,8.1,6.6,7.4,38,174,7,3
2018,Honda,HR-V,Familiale : petite,1.8,4,AV,X,8.3,6.9,7.7,37,180,7,3
2018,Honda,HR-V,Familiale : petite,1.8,4,AV7,X,8.3,6.9,7.7,37,180,7,3
2018,Honda,HR-V,Familiale : petite,1.8,4,M6,X,9.4,7.1,8.4,34,195,6,3
2018,Honda,HR-V AWD,Familiale : petite,1.8,4,AV,X,8.9,7.5,8.2,34,194,6,3
2018,Honda,HR-V AWD,Familiale : petite,1.8,4,AV7,X,8.9,7.5,8.2,34,194,6,3
2018,Honda,Odyssey,Fourgonnette,3.5,6,AS9,X,12.6,8.4,10.7,26,252,4,3
2018,Honda,Odyssey Touring,Fourgonnette,3.5,6,AS10,X,12.2,8.5,10.6,27,247,4,3
2018,Honda,Pilot AWD,Véhicule utilitaire sport : petit,3.5,6,A6,X,13.0,9.3,11.3,25,266,4,3
2018,Honda,Pilot AWD,Véhicule utilitaire sport : petit,3.5,6,AS9,X,12.4,9.3,11.0,26,256,4,3
2018,Honda,Ridgeline AWD,Camionnette : ordinaire,3.5,6,A6,X,12.8,9.5,11.3,25,264,4,3
2018,Hyundai,Accent,Compacte,1.6,4,AS6,X,8.3,6.2,7.4,38,173,7,3
2018,Hyundai,Accent,Compacte,1.6,4,M6,X,8.2,6.3,7.3,39,173,7,3
2018,Hyundai,Elantra,Intermédiaire,1.6,4,AM7,X,8.9,7.0,8.1,35,189,6,3
2018,Hyundai,Elantra,Intermédiaire,1.6,4,M6,X,10.7,7.8,9.4,30,221,5,3
2018,Hyundai,Elantra,Intermédiaire,2.0,4,AS6,X,8.3,6.4,7.4,38,174,7,5
2018,Hyundai,Elantra,Intermédiaire,2.0,4,M6,X,9.3,6.4,8.0,35,188,6,5
2018,Hyundai,Elantra GT,Grande berline,1.6,4,AM7,X,9.2,7.1,8.3,34,194,6,3
2018,Hyundai,Elantra GT,Grande berline,1.6,4,M6,X,10.7,8.1,9.6,29,226,5,3
2018,Hyundai,Elantra GT,Grande berline,2.0,4,AS6,X,9.4,7.2,8.4,34,198,6,3
2018,Hyundai,Elantra GT,Grande berline,2.0,4,M6,X,9.8,7.3,8.7,32,205,6,3
2018,Hyundai,IONIQ,Grande berline,1.6,4,AM6,X,4.3,4.4,4.3,66,102,10,7
2018,Hyundai,IONIQ Blue,Grande berline,1.6,4,AM6,X,4.2,4.0,4.1,69,96,10,7
2018,Hyundai,Kona,Véhicule utilitaire sport : petit,2.0,4,AS6,X,8.6,7.0,7.9,36,186,7,5
2018,Hyundai,Kona AWD,Véhicule utilitaire sport : petit,1.6,4,AM7,X,9.0,8.0,8.6,33,201,6,5
2018,Hyundai,Kona AWD,Véhicule utilitaire sport : petit,2.0,4,AS6,X,9.2,7.8,8.6,33,202,6,5
2018,Hyundai,Santa Fe,Véhicule utilitaire sport : petit,3.3,6,AS6,X,12.9,9.4,11.3,25,265,4,3
2018,Hyundai,Santa Fe AWD,Véhicule utilitaire sport : petit,3.3,6,AS6,X,13.0,9.7,11.5,25,269,4,3
2018,Hyundai,Santa Fe Ultimate AWD,Véhicule utilitaire sport : petit,3.3,6,AS6,X,13.9,10.8,12.5,23,295,3,3
2018,Hyundai,Santa Fe Sport,Véhicule utilitaire sport : petit,2.4,4,AS6,X,11.1,8.6,10.0,28,235,5,5
2018,Hyundai,Santa Fe Sport AWD,Véhicule utilitaire sport : petit,2.4,4,AS6,X,12.0,9.1,10.7,26,253,4,5
2018,Hyundai,Santa Fe Sport Ultimate AWD,Véhicule utilitaire sport : petit,2.0,4,AS6,X,12.5,9.6,11.2,25,264,4,3
2018,Hyundai,Sonata,Grande berline,2.0,4,AS8,X,10.4,7.4,9.1,31,212,5,5
2018,Hyundai,Sonata,Grande berline,2.4,4,AS6,X,9.8,6.9,8.5,33,202,6,5
2018,Hyundai,Sonata Hybrid,Intermédiaire,2.0,4,AM6,X,6.0,5.3,5.7,50,135,9,7
2018,Hyundai,Sonata Hybrid SE,Intermédiaire,2.0,4,AM6,X,5.9,5.1,5.6,50,132,9,7
2018,Hyundai,Tucson,Véhicule utilitaire sport : petit,2.0,4,AS6,X,10.1,7.8,9.0,31,213,5,3
2018,Hyundai,Tucson AWD,Véhicule utilitaire sport : petit,1.6,4,AM7,X,9.9,8.5,9.3,30,221,5,3
2018,Hyundai,Tucson AWD,Véhicule utilitaire sport : petit,2.0,4,AS6,X,11.0,9.1,10.2,28,241,5,3
2018,Infiniti,Q50 AWD,Intermédiaire,2.0,4,AS7,Z,10.7,8.6,9.7,29,228,5,3
2018,Infiniti,Q50 AWD,Intermédiaire,3.0,6,AS7,Z,12.4,8.7,10.8,26,253,4,3
2018,Infiniti,Q50 AWD Red Sport,Intermédiaire,3.0,6,AS7,Z,12.5,9.3,11.1,25,260,4,3
2018,Infiniti,Q50 Hybrid AWD,Compacte,3.5,6,AS7,Z,9.1,7.7,8.5,33,200,6,3
2018,Infiniti,Q60 AWD,Sous-compacte,2.0,4,AS7,Z,11.2,8.5,10.0,28,233,5,3
2018,Infiniti,Q60 AWD,Sous-compacte,3.0,6,AS7,Z,12.3,8.6,10.7,26,251,4,3
2018,Infiniti,Q60 AWD Red Sport,Sous-compacte,3.0,6,AS7,Z,12.5,9.2,11.0,26,259,4,3
2018,Infiniti,Q70 AWD,Intermédiaire,3.7,6,AS7,Z,13.2,9.8,11.7,24,274,4,3
2018,Infiniti,Q70 AWD,Intermédiaire,5.6,8,AS7,Z,14.9,10.3,12.8,22,301,3,3
2018,Infiniti,QX30,Compacte,2.0,4,AM7,Z,9.7,7.1,8.5,33,200,6,3
2018,Infiniti,QX30 AWD,Compacte,2.0,4,AM7,Z,10.6,8.0,9.4,30,221,5,3
2018,Infiniti,QX60 AWD,Véhicule utilitaire sport : petit,3.5,6,AV7,Z,12.5,9.0,10.9,26,257,4,3
2018,Infiniti,QX80 4WD,Véhicule utilitaire sport : ordinaire,5.6,8,AS7,Z,17.4,12.2,15.1,19,354,2,3
2018,Jaguar,F-PACE 20d,Véhicule utilitaire sport : petit,2.0,4,AS8,D,8.9,7.2,8.1,35,218,5,1
2018,Jaguar,F-PACE 25t,Véhicule utilitaire sport : petit,2.0,4,AS8,Z,10.7,8.8,9.9,29,227,5,7
2018,Jaguar,F-PACE 35t,Véhicule utilitaire sport : petit,3.0,6,AS8,Z,13.3,10.0,11.8,24,277,4,7
2018,Jaguar,F-TYPE Convertible,Deux places,2.0,4,AS8,Z,10.2,7.8,9.2,31,215,5,7
2018,Jaguar,F-TYPE Convertible,Deux places,3.0,6,AS8,Z,11.9,8.5,10.4,27,242,5,7
2018,Jaguar,F-TYPE Convertible,Deux places,3.0,6,M6,Z,14.9,9.8,12.6,22,296,3,7
2018,Jaguar,F-TYPE Convertible R-Dynamic,Deux places,3.0,6,AS8,Z,12.4,8.8,10.8,26,253,4,7
2018,Jaguar,F-TYPE Convertible R-Dynamic,Deux places,3.0,6,M6,Z,15.3,10.0,12.9,22,302,3,7
2018,Jaguar,F-TYPE Convertible R-Dynamic AWD,Deux places,3.0,6,AS8,Z,13.0,9.2,11.3,25,265,4,7
2018,Jaguar,F-TYPE Coupe,Deux places,2.0,4,AS8,Z,10.2,7.8,9.2,31,215,5,7
2018,Jaguar,F-TYPE Coupe,Deux places,3.0,6,AS8,Z,11.9,8.5,10.4,27,242,5,7
2018,Jaguar,F-TYPE Coupe,Deux places,3.0,6,M6,Z,14.9,9.8,12.6,22,296,3,7
2018,Jaguar,F-TYPE Coupe R-Dynamic,Deux places,3.0,6,AS8,Z,12.4,8.8,10.8,26,253,4,7
2018,Jaguar,F-TYPE Coupe R-Dynamic,Deux places,3.0,6,M6,Z,15.3,10.0,12.9,22,302,3,7
2018,Jaguar,F-TYPE Coupe R-Dynamic AWD,Deux places,3.0,6,AS8,Z,13.0,9.2,11.3,25,265,4,7
2018,Jaguar,F-TYPE R AWD Convertible,Deux places,5.0,8,AS8,Z,15.6,10.4,13.3,21,311,3,3
2018,Jaguar,F-TYPE R AWD Coupe,Deux places,5.0,8,AS8,Z,15.6,10.4,13.3,21,311,3,3
2018,Jaguar,XE 20d AWD,Compacte,2.0,4,AS8,D,7.8,5.8,6.9,41,186,7,1
2018,Jaguar,XE 25t AWD,Compacte,2.0,4,AS8,Z,9.8,6.9,8.5,33,200,6,7
2018,Jaguar,XE 35t AWD,Compacte,3.0,6,AS8,Z,11.8,8.2,10.2,28,238,5,7
2018,Jaguar,XF 20d AWD,Intermédiaire,2.0,4,AS8,D,7.8,5.8,6.9,41,186,7,1
2018,Jaguar,XF 25t AWD,Intermédiaire,2.0,4,AS8,Z,10.1,7.2,8.8,32,207,6,7
2018,Jaguar,XF 35t AWD,Intermédiaire,3.0,6,AS8,Z,12.0,8.4,10.4,27,243,5,7
2018,Jaguar,XJ R-Sport AWD,Grande berline,3.0,6,AS8,Z,14.0,9.0,11.8,24,276,4,7
2018,Jaguar,XJL Portfolio AWD,Grande berline,3.0,6,AS8,Z,14.0,9.4,11.9,24,280,4,7
2018,Jaguar,XJR LWB,Grande berline,5.0,8,AS8,Z,15.8,10.3,13.3,21,313,3,3
2018,Jeep,Cherokee FFV,Véhicule utilitaire sport : petit,2.4,4,A9,X,11.0,7.8,9.6,29,225,5,3
2018,Jeep,Cherokee FFV,Véhicule utilitaire sport : petit,2.4,4,A9,E,15.5,10.5,13.3,21,218,5,3
2018,Jeep,Cherokee,Véhicule utilitaire sport : petit,3.2,6,A9,X,11.4,8.3,10.0,28,234,5,3
2018,Jeep,Cherokee 4X4 Active Drive I,Véhicule utilitaire sport : petit,2.4,4,A9,X,11.3,8.4,10.0,28,235,5,3
2018,Jeep,Cherokee 4X4 Active Drive I FFV,Véhicule utilitaire sport : petit,2.4,4,A9,X,11.3,8.4,10.0,28,235,5,3
2018,Jeep,Cherokee 4X4 Active Drive I FFV,Véhicule utilitaire sport : petit,2.4,4,A9,E,16.3,11.3,14.0,20,231,5,3
2018,Jeep,Cherokee 4X4 Active Drive I,Véhicule utilitaire sport : petit,3.2,6,A9,X,11.6,8.6,10.3,27,241,5,3
2018,Jeep,Cherokee 4X4 Active Drive II,Véhicule utilitaire sport : petit,2.4,4,A9,X,11.4,8.7,10.2,28,239,5,1
2018,Jeep,Cherokee 4X4 Active Drive II,Véhicule utilitaire sport : petit,3.2,6,A9,X,12.8,9.0,11.1,25,259,4,3
2018,Jeep,Cherokee 4X4 Active Drive Lock,Véhicule utilitaire sport : petit,2.4,4,A9,X,12.1,9.4,10.9,26,256,4,1
2018,Jeep,Cherokee 4X4 Active Drive Lock,Véhicule utilitaire sport : petit,3.2,6,A9,X,12.9,9.9,11.6,24,269,4,3
2018,Jeep,Compass,Véhicule utilitaire sport : petit,2.4,4,A6,X,10.6,7.6,9.3,30,218,5,7
2018,Jeep,Compass,Véhicule utilitaire sport : petit,2.4,4,M6,X,10.4,7.3,9.0,31,211,5,3
2018,Jeep,Compass 4X4,Véhicule utilitaire sport : petit,2.4,4,A9,X,10.8,7.8,9.5,30,222,5,7
2018,Jeep,Compass 4X4,Véhicule utilitaire sport : petit,2.4,4,M6,X,10.8,7.6,9.4,30,221,5,3
2018,Jeep,Grand Cherokee 4X4,Véhicule utilitaire sport : ordinaire,3.0,6,A8,D,11.2,8.5,10.0,28,268,4,1
2018,Jeep,Grand Cherokee 4X4,Véhicule utilitaire sport : ordinaire,3.6,6,A8,X,12.7,9.6,11.3,25,265,4,5
2018,Jeep,Grand Cherokee 4X4,Véhicule utilitaire sport : ordinaire,5.7,8,A8,X,16.7,10.9,14.1,20,331,3,3
2018,Jeep,Grand Cherokee 4X4 SRT,Véhicule utilitaire sport : ordinaire,6.4,8,A8,Z,18.3,12.6,15.7,18,368,2,1
2018,Jeep,Grand Cherokee 4X4 Trackhawk,Véhicule utilitaire sport : ordinaire,6.2,8,A8,Z,20.9,13.8,17.7,16,413,1,1
2018,Jeep,New Wrangler 4X4,Véhicule utilitaire sport : petit,2.0,4,A8,X,10.5,9.4,10.0,28,233,5,5
2018,Jeep,New Wrangler 4X4,Véhicule utilitaire sport : petit,3.6,6,A8,X,12.8,10.4,11.8,24,274,4,5
2018,Jeep,New Wrangler 4X4,Véhicule utilitaire sport : petit,3.6,6,M6,X,13.7,9.6,11.8,24,277,4,5
2018,Jeep,New Wrangler Unlimited 4X4,Véhicule utilitaire sport : petit,2.0,4,A8,X,10.9,10.0,10.5,27,245,5,5
2018,Jeep,New Wrangler Unlimited 4X4,Véhicule utilitaire sport : petit,3.6,6,A8,X,12.9,10.2,11.7,24,275,4,5
2018,Jeep,New Wrangler Unlimited 4X4,Véhicule utilitaire sport : petit,3.6,6,M6,X,13.8,10.1,12.2,23,285,3,5
2018,Jeep,Renegade,Véhicule utilitaire sport : petit,1.4,4,M6,X,9.9,7.7,8.9,32,209,5,3
2018,Jeep,Renegade,Véhicule utilitaire sport : petit,2.4,4,A9,X,10.8,7.8,9.5,30,222,5,7
2018,Jeep,Renegade FFV,Véhicule utilitaire sport : petit,2.4,4,A9,X,10.8,7.8,9.5,30,222,5,3
2018,Jeep,Renegade FFV,Véhicule utilitaire sport : petit,2.4,4,A9,E,14.4,10.2,12.5,23,206,6,3
2018,Jeep,Renegade 4X4,Véhicule utilitaire sport : petit,1.4,4,M6,X,9.9,7.7,8.9,32,211,5,3
2018,Jeep,Renegade 4X4,Véhicule utilitaire sport : petit,2.4,4,A9,X,11.2,8.2,9.8,29,230,5,7
2018,Jeep,Wrangler JK 4X4,Véhicule utilitaire sport : petit,3.6,6,A5,X,14.1,11.1,12.8,22,299,3,3
2018,Jeep,Wrangler JK 4X4,Véhicule utilitaire sport : petit,3.6,6,M6,X,14.2,11.0,12.8,22,298,3,3
2018,Jeep,Wrangler JK Unlimited 4X4,Véhicule utilitaire sport : petit,3.6,6,A5,X,14.7,11.7,13.4,21,313,3,3
2018,Jeep,Wrangler JK Unlimited 4X4,Véhicule utilitaire sport : petit,3.6,6,M6,X,15.0,11.4,13.3,21,312,3,3
2018,Kia,Cadenza,Grande berline,3.3,6,AS8,X,11.5,8.5,10.2,28,237,5,3
2018,Kia,Forte (MPI),Intermédiaire,2.0,4,AS6,X,8.0,6.1,7.1,40,168,8,5
2018,Kia,Forte (GDI),Intermédiaire,2.0,4,AS6,X,9.4,7.0,8.3,34,198,6,3
2018,Kia,Forte,Intermédiaire,2.0,4,M6,X,9.4,6.8,8.3,34,195,6,5
2018,Kia,Forte 5,Grande berline,1.6,4,AM7,X,9.4,7.9,8.7,32,207,6,3
2018,Kia,Forte 5,Grande berline,2.0,4,AS6,X,9.4,7.0,8.3,34,197,6,3
2018,Kia,Forte 5,Grande berline,2.0,4,M6,X,9.8,7.3,8.7,32,204,6,3
2018,Kia,K900,Grande berline,3.8,6,AS8,X,13.8,9.3,11.8,24,279,4,3
2018,Kia,K900,Grande berline,5.0,8,AS8,Z,15.6,10.6,13.3,21,317,3,3
2018,Kia,Niro,Familiale : petite,1.6,4,AM6,X,4.6,5.1,4.8,59,114,10,7
2018,Kia,Niro FE,Familiale : petite,1.6,4,AM6,X,4.5,4.8,4.7,60,110,10,7
2018,Kia,Niro Touring,Familiale : petite,1.6,4,AM6,X,5.1,5.8,5.4,52,129,9,7
2018,Kia,Optima,Grande berline,2.0,4,AS6,X,10.9,7.6,9.4,30,224,5,3
2018,Kia,Optima,Grande berline,2.4,4,AS6,X,9.6,6.8,8.4,34,198,6,5
2018,Kia,Optima FE,Grande berline,2.4,4,AS6,X,9.3,6.6,8.0,35,190,6,5
2018,Kia,Optima Hybrid,Intermédiaire,2.0,4,AM6,X,6.0,5.1,5.6,50,132,9,3
2018,Kia,Rio,Compacte,1.6,4,AS6,X,8.5,6.4,7.5,38,177,7,3
2018,Kia,Rio,Compacte,1.6,4,M6,X,8.3,6.4,7.5,38,175,7,3
2018,Kia,Sedona,Fourgonnette,3.3,6,AS6,X,13.2,9.7,11.6,24,275,4,3
2018,Kia,Sedona SX,Fourgonnette,3.3,6,AS6,X,12.9,9.5,11.4,25,269,4,3
2018,Kia,Sedona SXL,Fourgonnette,3.3,6,AS6,X,14.1,10.5,12.5,23,296,3,3
2018,Kia,Sorento,Véhicule utilitaire sport : petit,2.4,4,AS6,X,11.2,8.3,9.9,29,234,5,5
2018,Kia,Sorento AWD,Véhicule utilitaire sport : petit,2.0,4,AS6,X,12.3,9.4,11.0,26,259,4,3
2018,Kia,Sorento AWD,Véhicule utilitaire sport : petit,2.4,4,AS6,X,11.5,9.3,10.5,27,246,4,5
2018,Kia,Sorento AWD,Véhicule utilitaire sport : petit,3.3,6,AS6,X,14.0,10.1,12.2,23,289,3,3
2018,Kia,Sorento AWD FE,Véhicule utilitaire sport : petit,3.3,6,AS6,X,13.2,9.3,11.4,25,270,4,3
2018,Kia,Soul,Familiale : petite,1.6,4,AM7,X,9.1,7.7,8.5,33,199,6,3
2018,Kia,Soul,Familiale : petite,1.6,4,AS6,X,9.4,7.8,8.7,32,205,6,3
2018,Kia,Soul,Familiale : petite,2.0,4,AS6,X,9.5,7.8,8.7,32,206,6,5
2018,Kia,Sportage,Véhicule utilitaire sport : petit,2.4,4,AS6,X,10.3,7.8,9.2,31,218,5,5
2018,Kia,Sportage AWD,Véhicule utilitaire sport : petit,2.0,4,AS6,X,11.9,10.2,11.1,25,263,4,3
2018,Kia,Sportage AWD,Véhicule utilitaire sport : petit,2.4,4,AS6,X,11.3,9.5,10.5,27,247,4,5
2018,Kia,Stinger AWD,Intermédiaire,3.3,6,AS8,Z,12.7,9.6,11.3,25,265,4,3
2018,Lamborghini,Aventador Coupe,Deux places,6.5,12,AM7,Z,23.8,14.1,19.4,15,454,1,1
2018,Lamborghini,Aventador Roadster,Deux places,6.5,12,AM7,Z,24.2,14.5,19.8,14,464,1,1
2018,Lamborghini,Aventador S Coupe,Deux places,6.5,12,AM7,Z,23.8,14.1,19.4,15,454,1,1
2018,Lamborghini,Aventador S Roadster,Deux places,6.5,12,AM7,Z,24.2,14.5,19.8,14,464,1,1
2018,Lamborghini,Huracan,Deux places,5.2,10,AM7,Z,16.8,11.4,14.4,20,336,2,1
2018,Lamborghini,Huracan AWD,Deux places,5.2,10,AM7,Z,17.2,12.2,15.0,19,349,2,1
2018,Lamborghini,Huracan Spyder,Deux places,5.2,10,AM7,Z,16.7,11.7,14.5,19,337,2,1
2018,Lamborghini,Huracan Spyder AWD,Deux places,5.2,10,AM7,Z,17.2,12.3,15.0,19,350,2,1
2018,Land Rover,Discovery Sport,Véhicule utilitaire sport : petit,2.0,4,AS9,Z,11.4,9.3,10.5,27,246,5,7
2018,Land Rover,Range Rover Evoque,Véhicule utilitaire sport : petit,2.0,4,AS9,Z,10.9,8.0,9.6,29,225,5,7
2018,Land Rover,Range Rover Evoque Convertible,Véhicule utilitaire sport : petit,2.0,4,AS9,Z,11.2,8.2,9.8,29,231,5,7
2018,Land Rover,Range Rover Velar,Véhicule utilitaire sport : petit,2.0,4,AS8,D,9.2,7.8,8.5,33,229,5,1
2018,Land Rover,Range Rover Velar,Véhicule utilitaire sport : petit,3.0,6,AS8,Z,13.0,10.0,11.6,24,273,4,7
2018,Lexus,ES 300h,Intermédiaire,2.5,4,AV6,X,5.8,6.1,5.9,48,139,9,7
2018,Lexus,ES 350,Intermédiaire,3.5,6,AS6,X,11.4,7.7,9.7,29,226,5,3
2018,Lexus,GS 350 AWD,Intermédiaire,3.5,6,AS6,Z,12.5,9.2,11.0,26,257,4,5
2018,Lexus,GS 450h,Intermédiaire,3.5,6,AV8,Z,8.0,6.9,7.5,38,176,7,7
2018,Lexus,GS F,Compacte,5.0,8,AS8,Z,14.9,9.7,12.5,23,293,3,5
2018,Lexus,GX 460,Véhicule utilitaire sport : ordinaire,4.6,8,AS6,Z,16.0,12.9,14.6,19,341,2,3
2018,Lexus,IS 300,Compacte,2.0,4,AS8,Z,10.6,7.3,9.1,31,214,5,3
2018,Lexus,IS 300 AWD,Compacte,3.5,6,AS6,Z,12.3,9.1,10.9,26,254,4,5
2018,Lexus,IS 350 AWD,Compacte,3.5,6,AS6,Z,12.3,9.1,10.9,26,254,4,5
2018,Lexus,LC 500,Sous-compacte,5.0,8,AS10,Z,14.7,9.2,12.2,23,286,3,5
2018,Lexus,LC 500h,Sous-compacte,3.5,6,AV10,Z,8.9,7.0,8.0,35,187,6,7
2018,Lexus,LS 500,Intermédiaire,3.4,6,AS10,Z,12.2,7.8,10.2,28,240,5,3
2018,Lexus,LS 500 AWD,Intermédiaire,3.4,6,AS10,Z,13.0,8.7,11.0,26,259,4,3
2018,Lexus,LS 500h,Intermédiaire,3.5,6,AV10,Z,9.4,7.1,8.4,34,195,6,7
2018,Lexus,LS 500h AWD,Intermédiaire,3.5,6,AV10,Z,10.3,7.6,9.1,31,211,5,7
2018,Lexus,LX 570,Véhicule utilitaire sport : ordinaire,5.7,8,AS8,Z,18.2,12.8,15.8,18,371,2,3
2018,Lexus,NX 300 AWD,Véhicule utilitaire sport : petit,2.0,4,AS6,Z,10.6,8.5,9.7,29,226,5,3
2018,Lexus,NX 300 AWD F SPORT,Véhicule utilitaire sport : petit,2.0,4,AS6,Z,10.8,8.9,9.9,29,232,5,3
2018,Lexus,NX 300h AWD,Véhicule utilitaire sport : petit,2.5,4,AV6,X,7.2,7.9,7.5,38,176,7,7
2018,Lexus,RC 300 AWD,Sous-compacte,3.5,6,AS6,Z,13.1,9.8,11.2,25,262,4,5
2018,Lexus,RC 350 AWD,Sous-compacte,3.5,6,AS6,Z,13.1,9.8,11.2,25,262,4,5
2018,Lexus,RC F,Sous-compacte,5.0,8,AS8,Z,15.2,9.5,12.6,22,289,3,5
2018,Lexus,RX 350 AWD,Véhicule utilitaire sport : petit,3.5,6,AS8,X,12.2,9.0,10.8,26,252,4,5
2018,Lexus,RX 350 L AWD,Véhicule utilitaire sport : petit,3.5,6,AS8,X,13.1,9.4,11.1,25,268,4,5
2018,Lexus,RX 450h AWD,Véhicule utilitaire sport : ordinaire,3.5,6,AV6,Z,7.5,8.4,7.9,36,185,7,7
2018,Lincoln,Continental AWD,Grande berline,2.7,6,AS6,X,14.0,9.4,12.0,24,280,4,5
2018,Lincoln,Continental AWD,Grande berline,3.0,6,AS6,X,14.5,9.8,12.3,23,290,3,5
2018,Lincoln,Continental AWD,Grande berline,3.7,6,AS6,X,14.3,9.7,12.2,23,287,3,3
2018,Lincoln,MKC AWD,Véhicule utilitaire sport : petit,2.0,4,AS6,X,12.3,9.3,10.9,26,256,4,5
2018,Lincoln,MKC AWD (Start/Stop),Véhicule utilitaire sport : petit,2.0,4,AS6,X,12.1,9.3,10.8,26,254,4,5
2018,Lincoln,MKC AWD,Véhicule utilitaire sport : petit,2.3,4,AS6,X,13.1,9.4,11.5,25,269,4,3
2018,Lincoln,MKT AWD,Véhicule utilitaire sport : ordinaire,3.5,6,AS6,X,15.7,11.2,13.7,21,322,3,3
2018,Lincoln,MKT Livery AWD,Véhicule à usage spécial,3.7,6,A6,X,14.7,10.2,12.7,22,298,3,3
2018,Lincoln,MKX AWD,Véhicule utilitaire sport : petit,2.7,6,AS6,X,14.1,9.8,12.1,23,284,3,5
2018,Lincoln,MKX AWD,Véhicule utilitaire sport : petit,3.7,6,AS6,X,14.3,10.3,12.5,23,293,3,3
2018,Lincoln,MKZ AWD,Intermédiaire,2.0,4,AS6,X,11.8,8.4,10.3,27,242,5,5
2018,Lincoln,MKZ AWD,Intermédiaire,3.0,6,AS6,X,14.0,9.2,11.8,24,278,4,5
2018,Lincoln,MKZ Hybrid,Intermédiaire,2.0,4,AV,X,5.7,6.2,5.9,48,139,9,7
2018,Lincoln,Navigator 4X4,Véhicule utilitaire sport : ordinaire,3.5,6,AS10,X,14.9,11.3,13.3,21,310,3,5
2018,Maserati,Ghibli,Intermédiaire,3.0,6,AS8,Z,14.1,9.8,12.2,23,286,3,1
2018,Maserati,Ghibli S,Intermédiaire,3.0,6,AS8,Z,14.5,10.0,12.4,23,293,3,1
2018,Maserati,Ghibli SQ4,Intermédiaire,3.0,6,AS8,Z,14.7,9.9,12.6,22,295,3,1
2018,Maserati,Granturismo,Sous-compacte,4.7,8,AS6,Z,18.2,11.4,15.1,19,355,2,1
2018,Maserati,Granturismo Convertible,Sous-compacte,4.7,8,AS6,Z,18.2,11.6,15.2,19,358,2,1
2018,Maserati,Levante,Véhicule utilitaire sport : ordinaire,3.0,6,AS8,Z,16.4,11.9,14.4,20,340,2,1
2018,Maserati,Levante S,Véhicule utilitaire sport : ordinaire,3.0,6,AS8,Z,16.6,12.2,14.7,19,346,2,1
2018,Maserati,Quattroporte S,Grande berline,3.0,6,AS8,Z,14.9,10.3,12.8,22,300,3,1
2018,Maserati,Quattroporte SQ4,Grande berline,3.0,6,AS8,Z,15.0,10.3,12.8,22,301,3,1
2018,Maserati,Quattroporte GTS,Grande berline,3.8,8,AS8,Z,16.1,10.8,13.7,21,321,3,1
2018,Mazda,CX-3,Compacte,2.0,4,AS6,X,8.2,6.9,7.6,37,180,7,3
2018,Mazda,CX-3,Compacte,2.0,4,M6,X,9.0,7.0,8.1,35,189,6,3
2018,Mazda,CX-3 4WD,Compacte,2.0,4,AS6,X,8.8,7.5,8.2,34,192,6,3
2018,Mazda,CX-5 ,Véhicule utilitaire sport : petit,2.0,4,M6,X,9.7,7.7,8.8,32,206,6,3
2018,Mazda,CX-5,Véhicule utilitaire sport : petit,2.5,4,AS6,X,9.7,7.8,8.8,32,206,6,7
2018,Mazda,CX-5 (Cylinder Deactivation),Véhicule utilitaire sport : petit,2.5,4,AS6,X,9.3,7.6,8.5,33,201,6,7
2018,Mazda,CX-5 4WD,Véhicule utilitaire sport : petit,2.5,4,AS6,X,10.2,8.2,9.3,30,217,5,7
2018,Mazda,CX-5 4WD (Cylinder Deactivation),Véhicule utilitaire sport : petit,2.5,4,AS6,X,9.8,7.9,9.0,31,209,5,7
2018,Mazda,CX-9,Véhicule utilitaire sport : petit,2.5,4,AS6,X,10.6,8.4,9.6,29,225,5,3
2018,Mazda,CX-9 4WD,Véhicule utilitaire sport : petit,2.5,4,AS6,X,11.5,8.9,10.4,27,242,5,3
2018,Mazda,Mazda3 4-Door,Compacte,2.0,4,AS6,X,8.4,6.4,7.5,38,176,7,7
2018,Mazda,Mazda3 4-Door,Compacte,2.0,4,M6,X,8.5,6.2,7.5,38,175,7,7
2018,Mazda,Mazda3 4-Door (SIL),Compacte,2.0,4,M6,X,8.5,6.2,7.5,38,175,7,7
2018,Mazda,Mazda3 4-Door,Compacte,2.5,4,AS6,X,8.8,6.6,7.8,36,182,7,7
2018,Mazda,Mazda3 4-Door (i-ELOOP),Compacte,2.5,4,AS6,X,8.5,6.4,7.6,37,176,7,7
2018,Mazda,Mazda3 4-Door (SIL),Compacte,2.5,4,M6,X,9.3,6.9,8.2,34,194,6,3
2018,Mazda,Mazda3 5-Door,Intermédiaire,2.0,4,AS6,X,8.4,6.4,7.5,38,174,7,7
2018,Mazda,Mazda3 5-Door (SIL),Intermédiaire,2.0,4,M6,X,8.6,6.4,7.6,37,178,7,7
2018,Mazda,Mazda3 5-Door,Intermédiaire,2.5,4,AS6,X,9.0,6.7,7.8,36,187,7,7
2018,Mazda,Mazda3 5-Door (i-ELOOP),Intermédiaire,2.5,4,AS6,X,8.7,6.6,7.8,36,181,7,7
2018,Mazda,Mazda3 5-Door (SIL),Intermédiaire,2.5,4,M6,X,9.6,7.0,8.4,34,198,6,3
2018,Mazda,Mazda6,Intermédiaire,2.5,4,AS6,X,9.1,6.7,8.0,35,187,7,7
2018,Mazda,Mazda6 Turbo,Intermédiaire,2.5,4,AS6,X,10.0,7.5,8.9,32,208,6,3
2018,Mazda,MX-5,Deux places,2.0,4,AS6,Z,9.1,6.8,8.0,35,188,6,3
2018,Mazda,MX-5 (SIL),Deux places,2.0,4,M6,Z,8.9,7.1,8.1,35,189,6,3
2018,Mercedes-Benz,AMG C 43 4MATIC,Compacte,3.0,6,A9,Z,11.8,8.8,10.4,27,244,5,5
2018,Mercedes-Benz,AMG C 43 4MATIC Cabriolet,Sous-compacte,3.0,6,A9,Z,12.3,9.4,11.0,26,256,4,5
2018,Mercedes-Benz,AMG C 43 4MATIC Coupe,Sous-compacte,3.0,6,A9,Z,11.8,8.8,10.5,27,245,5,5
2018,Mercedes-Benz,AMG C 63,Compacte,4.0,8,A7,Z,13.4,9.6,11.7,24,274,4,5
2018,Mercedes-Benz,AMG C 63 Cabriolet,Sous-compacte,4.0,8,A7,Z,14.0,10.4,12.4,23,291,3,5
2018,Mercedes-Benz,AMG C 63 Coupe,Sous-compacte,4.0,8,A7,Z,13.8,10.1,12.1,23,285,3,5
2018,Mercedes-Benz,AMG C 63 S,Compacte,4.0,8,A7,Z,13.4,9.6,11.7,24,274,4,5
2018,Mercedes-Benz,AMG C 63 S Cabriolet,Sous-compacte,4.0,8,A7,Z,14.0,10.4,12.4,23,291,3,5
2018,Mercedes-Benz,AMG C 63 S Coupe,Sous-compacte,4.0,8,A7,Z,13.8,10.2,12.2,23,285,3,5
2018,Mercedes-Benz,AMG CLA 45 4MATIC,Compacte,2.0,4,AM7,Z,10.3,7.9,9.2,31,217,5,3
2018,Mercedes-Benz,AMG E 43 4MATIC,Intermédiaire,3.0,6,A9,Z,12.4,9.4,11.1,25,258,4,5
2018,Mercedes-Benz,AMG E 63 S 4MATIC,Intermédiaire,4.0,8,A9,Z,15.5,10.6,13.3,21,313,3,5
2018,Mercedes-Benz,AMG E 63 S 4MATIC Wagon,Familiale : intermédiaire,4.0,8,A9,Z,15.2,11.0,13.3,21,312,3,5
2018,Mercedes-Benz,AMG G 63,Véhicule utilitaire sport : ordinaire,5.5,8,A7,Z,19.9,15.5,17.9,16,419,1,3
2018,Mercedes-Benz,AMG G 65,Véhicule utilitaire sport : ordinaire,6.0,12,A7,Z,22.2,18.0,20.3,14,473,1,3
2018,Mercedes-Benz,AMG GLA 45 4MATIC,Familiale : intermédiaire,2.0,4,AM7,Z,10.7,8.3,9.6,29,225,5,3
2018,Mercedes-Benz,AMG GLC 43 4MATIC,Véhicule utilitaire sport : petit,3.0,6,A9,Z,13.1,10.1,11.8,24,277,4,5
2018,Mercedes-Benz,AMG GLC 43 4MATIC Coupe,Véhicule utilitaire sport : petit,3.0,6,A9,Z,13.0,9.9,11.6,24,272,4,5
2018,Mercedes-Benz,AMG GLE 43 4MATIC,Véhicule utilitaire sport : ordinaire,3.0,6,A9,Z,13.5,10.3,12.1,23,282,4,3
2018,Mercedes-Benz,AMG GLE 43 4MATIC Coupe,Véhicule utilitaire sport : ordinaire,3.0,6,A9,Z,13.5,10.6,12.2,23,285,3,3
2018,Mercedes-Benz,AMG GLE 63 S 4MATIC,Véhicule utilitaire sport : ordinaire,5.5,8,A7,Z,17.2,13.4,15.5,18,364,2,3
2018,Mercedes-Benz,AMG GLE 63 S 4MATIC Coupe,Véhicule utilitaire sport : ordinaire,5.5,8,A7,Z,17.2,12.8,15.2,19,357,2,3
2018,Mercedes-Benz,AMG GLS 63 4MATIC,Véhicule utilitaire sport : ordinaire,5.5,8,A7,Z,17.6,13.3,15.7,18,367,2,3
2018,Mercedes-Benz,AMG GT Coupe,Deux places,4.0,8,AM7,Z,14.5,10.8,12.8,22,302,3,5
2018,Mercedes-Benz,AMG GT Roadster,Deux places,4.0,8,AM7,Z,14.7,11.0,13.0,22,304,3,5
2018,Mercedes-Benz,AMG GT C Coupe,Deux places,4.0,8,AM7,Z,15.5,11.7,13.8,20,322,3,5
2018,Mercedes-Benz,AMG GT C Roadster,Deux places,4.0,8,AM7,Z,15.5,11.7,13.8,20,322,3,5
2018,Mercedes-Benz,AMG GT R Coupe,Deux places,4.0,8,AM7,Z,15.6,11.9,13.9,20,324,3,5
2018,Mercedes-Benz,AMG GT S Coupe,Deux places,4.0,8,AM7,Z,14.5,10.8,12.8,22,302,3,5
2018,Mercedes-Benz,AMG S 63 4MATIC,Grande berline,4.0,8,A9,Z,14.1,8.9,11.8,24,275,4,5
2018,Mercedes-Benz,AMG S 63 4MATIC Cabriolet,Sous-compacte,4.0,8,A9,Z,15.8,9.8,13.1,22,306,3,5
2018,Mercedes-Benz,AMG S 63 4MATIC Coupe,Compacte,4.0,8,A9,Z,14.0,8.7,11.6,24,271,4,5
2018,Mercedes-Benz,AMG S 65,Grande berline,6.0,12,A7,Z,18.6,10.9,15.1,19,356,2,3
2018,Mercedes-Benz,AMG SL 63,Deux places,5.5,8,A7,Z,14.7,9.5,12.4,23,291,3,1
2018,Mercedes-Benz,AMG SL 65,Deux places,6.0,12,A7,Z,17.6,10.8,14.5,19,339,2,3
2018,Mercedes-Benz,AMG SLC 43,Deux places,3.0,6,A9,Z,11.6,8.2,10.1,28,236,5,5
2018,Mercedes-Benz,B 250,Intermédiaire,2.0,4,AM7,Z,9.8,6.8,8.4,34,196,6,5
2018,Mercedes-Benz,B 250 4MATIC,Intermédiaire,2.0,4,AM7,Z,10.3,7.8,9.1,31,215,5,5
2018,Mercedes-Benz,C 300 4MATIC,Compacte,2.0,4,A9,Z,10.5,7.5,9.1,31,214,5,5
2018,Mercedes-Benz,C 300 4MATIC Cabriolet,Sous-compacte,2.0,4,A9,Z,10.8,8.0,9.6,29,224,5,5
2018,Mercedes-Benz,C 300 4MATIC Coupe,Sous-compacte,2.0,4,A9,Z,10.5,7.8,9.3,30,218,5,5
2018,Mercedes-Benz,C 300 4MATIC Wagon,Familiale : intermédiaire,2.0,4,A9,Z,10.7,8.0,9.5,30,222,5,5
2018,Mercedes-Benz,CLA 250,Compacte,2.0,4,AM7,Z,9.6,6.6,8.2,34,193,6,5
2018,Mercedes-Benz,CLA 250 4MATIC,Compacte,2.0,4,AM7,Z,9.9,7.3,8.7,32,204,6,5
2018,Mercedes-Benz,E 300 4MATIC,Intermédiaire,2.0,4,A9,Z,11.0,8.1,9.7,29,227,5,5
2018,Mercedes-Benz,E 400 4MATIC,Intermédiaire,3.0,6,A9,Z,11.8,8.7,10.4,27,246,4,5
2018,Mercedes-Benz,E 400 4MATIC Cabriolet,Sous-compacte,3.0,6,A9,Z,12.0,9.2,10.8,26,251,4,5
2018,Mercedes-Benz,E 400 4MATIC Coupe,Sous-compacte,3.0,6,A9,Z,11.9,9.0,10.6,27,248,4,5
2018,Mercedes-Benz,E 400 4MATIC Wagon,Familiale : intermédiaire,3.0,6,A9,Z,12.4,9.5,11.1,25,261,4,5
2018,Mercedes-Benz,G 550,Véhicule utilitaire sport : ordinaire,4.0,8,A7,Z,18.2,16.5,17.5,16,410,1,3
2018,Mercedes-Benz,GLA 250 4MATIC,Véhicule utilitaire sport : petit,2.0,4,AM7,Z,10.1,7.6,9.0,31,209,5,5
2018,Mercedes-Benz,GLC 300 4MATIC,Véhicule utilitaire sport : petit,2.0,4,A9,Z,11.1,8.6,10.0,28,240,5,5
2018,Mercedes-Benz,GLC 300 4MATIC Coupe,Véhicule utilitaire sport : petit,2.0,4,A9,Z,11.0,8.7,10.0,28,235,5,5
2018,Mercedes-Benz,GLE 400 4MATIC,Véhicule utilitaire sport : ordinaire,3.0,6,A9,Z,13.5,10.3,12.1,23,282,4,3
2018,Mercedes-Benz,GLE 550 4MATIC,Véhicule utilitaire sport : ordinaire,4.7,8,A9,Z,15.2,11.4,13.5,21,317,3,3
2018,Mercedes-Benz,GLS 450 4MATIC,Véhicule utilitaire sport : ordinaire,3.0,6,A9,Z,14.3,11.4,13.0,22,305,3,3
2018,Mercedes-Benz,GLS 550 4MATIC,Véhicule utilitaire sport : ordinaire,4.7,8,A9,Z,16.5,12.6,14.7,19,346,2,3
2018,Mercedes-Benz,Maybach S 650,Grande berline,6.0,12,A9,Z,18.4,11.1,15.1,19,355,2,3
2018,Mercedes-Benz,Metris Cargo,Véhicule à usage spécial,2.0,4,A7,Z,11.5,9.8,10.7,26,251,4,5
2018,Mercedes-Benz,Metris Passenger,Véhicule à usage spécial,2.0,4,A7,Z,12.3,10.3,11.4,25,268,4,5
2018,Mercedes-Benz,S 450 4MATIC SWB,Intermédiaire,3.0,6,A9,Z,12.8,8.5,10.9,26,255,4,3
2018,Mercedes-Benz,S 560 Cabriolet,Sous-compacte,4.0,8,A9,Z,13.9,9.2,11.8,24,276,4,5
2018,Mercedes-Benz,S 560 4MATIC SWB,Intermédiaire,4.0,8,A9,Z,13.1,8.8,11.2,25,261,4,5
2018,Mercedes-Benz,S 560 4MATIC,Grande berline,4.0,8,A9,Z,13.5,8.6,11.3,25,265,4,5
2018,Mercedes-Benz,S 560 4MATIC Coupe,Compacte,4.0,8,A9,Z,13.6,8.8,11.4,25,269,4,5
2018,Mercedes-Benz,SL 450,Deux places,3.0,6,A9,Z,11.5,8.5,10.2,28,238,5,3
2018,Mercedes-Benz,SL 550,Deux places,4.7,8,A9,Z,13.5,9.6,11.8,24,275,4,1
2018,Mercedes-Benz,SLC 300,Deux places,2.0,4,A9,Z,9.6,7.4,8.6,33,202,6,3
2018,MINI,Cooper 3 Door,Sous-compacte,1.5,3,AS6,Z,8.7,6.8,7.9,36,184,7,7
2018,MINI,Cooper 3 Door,Sous-compacte,1.5,3,M6,Z,8.5,6.2,7.5,38,175,7,7
2018,MINI,Cooper 5 Door,Sous-compacte,1.5,3,AS6,Z,8.7,6.8,7.9,36,184,7,7
2018,MINI,Cooper 5 Door,Sous-compacte,1.5,3,M6,Z,8.4,6.3,7.4,38,174,7,7
2018,MINI,Cooper Clubman ALL4,Intermédiaire,1.5,3,AS8,Z,10.2,7.6,9.0,31,212,5,3
2018,MINI,Cooper Clubman ALL4,Intermédiaire,1.5,3,M6,Z,10.5,7.4,9.1,31,214,5,3
2018,MINI,Cooper Convertible,Minicompacte,1.5,3,AS6,Z,8.7,6.8,7.9,36,184,7,7
2018,MINI,Cooper Convertible,Minicompacte,1.5,3,M6,Z,8.4,6.3,7.4,38,174,7,7
2018,MINI,Cooper Countryman ALL4,Familiale : petite,1.5,3,AS8,Z,10.3,7.9,9.2,31,215,5,3
2018,MINI,Cooper Countryman ALL4,Familiale : petite,1.5,3,M6,Z,10.5,7.4,9.1,31,214,5,3
2018,MINI,Cooper S 3 Door,Sous-compacte,2.0,4,AS6,Z,9.3,7.3,8.4,34,197,6,7
2018,MINI,Cooper S 3 Door,Sous-compacte,2.0,4,M6,Z,10.3,7.4,9.0,31,210,5,7
2018,MINI,Cooper S 5 Door,Sous-compacte,2.0,4,AS6,Z,9.3,7.3,8.4,34,197,6,7
2018,MINI,Cooper S 5 Door,Sous-compacte,2.0,4,M6,Z,10.3,7.4,9.0,31,210,5,7
2018,MINI,Cooper S Clubman ALL4,Intermédiaire,2.0,4,AS8,Z,10.5,7.6,9.2,31,215,5,7
2018,MINI,Cooper S Clubman ALL4,Intermédiaire,2.0,4,M6,Z,11.4,7.8,9.7,29,227,5,7
2018,MINI,Cooper S Convertible,Minicompacte,2.0,4,AS6,Z,9.3,7.1,8.3,34,195,6,7
2018,MINI,Cooper S Convertible,Minicompacte,2.0,4,M6,Z,10.3,7.4,9.0,31,210,5,7
2018,MINI,Cooper S Countryman ALL4,Intermédiaire,2.0,4,AS8,Z,10.5,7.6,9.2,31,215,5,7
2018,MINI,Cooper S Countryman ALL4,Intermédiaire,2.0,4,M6,Z,11.3,7.7,9.7,29,227,5,7
2018,MINI,John Cooper Works,Sous-compacte,2.0,4,AS6,Z,9.3,7.3,8.4,34,197,6,3
2018,MINI,John Cooper Works,Sous-compacte,2.0,4,M6,Z,10.3,7.4,9.0,31,210,5,3
2018,MINI,John Cooper Works Clubman ALL4,Intermédiaire,2.0,4,AS8,Z,10.2,7.5,9.0,31,211,5,3
2018,MINI,John Cooper Works Clubman ALL4,Intermédiaire,2.0,4,M6,Z,11.4,7.6,9.7,29,228,5,3
2018,MINI,John Cooper Works Convertible,Minicompacte,2.0,4,AS6,Z,9.8,7.3,8.7,32,203,6,3
2018,MINI,John Cooper Works Convertible,Minicompacte,2.0,4,M6,Z,10.8,7.7,9.4,30,220,5,3
2018,MINI,John Cooper Works Countryman ALL4,Intermédiaire,2.0,4,AS8,Z,10.6,7.8,9.3,30,220,5,3
2018,MINI,John Cooper Works Countryman ALL4,Intermédiaire,2.0,4,M6,Z,11.5,8.0,9.9,29,232,5,3
2018,Mitsubishi,Eclipse Cross,Véhicule utilitaire sport : petit,1.5,4,AV8,X,9.4,8.4,8.9,32,208,6,5
2018,Mitsubishi,Eclipse Cross 4WD,Véhicule utilitaire sport : petit,1.5,4,AV8,X,9.6,8.9,9.3,30,216,5,5
2018,Mitsubishi,Mirage,Compacte,1.2,3,AV,X,6.4,5.5,6.0,47,141,9,5
2018,Mitsubishi,Mirage,Compacte,1.2,3,M5,X,7.1,5.8,6.5,43,150,8,5
2018,Mitsubishi,Mirage G4,Compacte,1.2,3,AV,X,6.9,5.7,6.4,44,149,8,5
2018,Mitsubishi,Mirage G4,Compacte,1.2,3,M5,X,7.2,5.9,6.6,43,155,8,5
2018,Mitsubishi,Outlander 4WD,Véhicule utilitaire sport : petit,2.4,4,AV6,X,9.9,8.1,9.1,31,212,5,5
2018,Mitsubishi,Outlander 4WD,Véhicule utilitaire sport : petit,3.0,6,AS6,Z,12.0,8.8,10.6,27,248,4,5
2018,Mitsubishi,RVR,Véhicule utilitaire sport : petit,2.0,4,AV6,X,9.7,7.8,8.8,32,204,6,5
2018,Mitsubishi,RVR,Véhicule utilitaire sport : petit,2.0,4,M5,X,10.3,8.2,9.3,30,216,5,5
2018,Mitsubishi,RVR 4WD,Véhicule utilitaire sport : petit,2.0,4,AV6,X,10.1,8.2,9.2,31,213,5,5
2018,Mitsubishi,RVR 4WD,Véhicule utilitaire sport : petit,2.4,4,AV6,X,10.3,8.3,9.4,30,219,5,5
2018,Nissan,370Z,Deux places,3.7,6,AS7,Z,12.6,9.3,11.1,25,261,4,3
2018,Nissan,370Z,Deux places,3.7,6,M6,Z,13.3,9.3,11.5,25,269,4,3
2018,Nissan,370Z Roadster,Deux places,3.7,6,AS7,Z,13.0,9.7,11.5,25,270,4,3
2018,Nissan,370Z Roadster,Deux places,3.7,6,M6,Z,13.6,9.7,11.8,24,278,4,3
2018,Nissan,Altima,Intermédiaire,2.5,4,AV,X,8.7,6.3,7.6,37,179,7,7
2018,Nissan,Altima SR,Intermédiaire,2.5,4,AV7,X,8.9,6.4,7.8,36,185,7,7
2018,Nissan,Altima,Intermédiaire,3.5,6,AV7,X,10.6,7.3,9.1,31,214,5,3
2018,Nissan,Armada 4WD,Véhicule utilitaire sport : ordinaire,5.6,8,AS7,X,17.5,12.8,15.4,18,362,2,3
2018,Nissan,Frontier,Camionnette : petite,2.5,4,A5,X,13.6,10.7,12.3,23,290,3,3
2018,Nissan,Frontier,Camionnette : petite,2.5,4,M5,X,12.2,10.4,11.4,25,268,4,3
2018,Nissan,Frontier,Camionnette : petite,4.0,6,A5,X,14.7,10.4,12.8,22,300,3,3
2018,Nissan,Frontier 4WD,Camionnette : petite,4.0,6,A5,X,15.8,11.5,13.9,20,326,3,3
2018,Nissan,Frontier 4WD,Camionnette : petite,4.0,6,M6,X,15.1,11.5,13.5,21,317,3,3
2018,Nissan,GT-R,Sous-compacte,3.8,6,AM6,Z,14.5,10.7,12.8,22,300,3,3
2018,Nissan,Kicks,Intermédiaire,1.6,4,AV,X,7.7,6.6,7.2,39,169,8,7
2018,Nissan,Maxima,Intermédiaire,3.5,6,AV7,Z,11.1,7.8,9.6,29,227,5,3
2018,Nissan,Micra,Compacte,1.6,4,A4,X,9.0,6.8,8.0,35,188,6,3
2018,Nissan,Micra,Compacte,1.6,4,M5,X,8.7,6.8,7.9,36,186,7,3
2018,Nissan,Murano,Familiale : intermédiaire,3.5,6,AV7,X,11.0,8.3,9.8,29,230,5,5
2018,Nissan,Murano AWD,Familiale : intermédiaire,3.5,6,AV7,X,11.2,8.4,9.9,29,232,5,5
2018,Nissan,NV200 Cargo Van,Véhicule à usage spécial,2.0,4,AV,X,9.8,8.8,9.3,30,218,5,3
2018,Nissan,Pathfinder,Véhicule utilitaire sport : petit,3.5,6,AV,X,11.6,8.5,10.2,28,240,5,5
2018,Nissan,Pathfinder 4WD,Véhicule utilitaire sport : petit,3.5,6,AV,X,12.1,8.9,10.7,26,250,4,5
2018,Nissan,Pathfinder 4WD Platinum,Véhicule utilitaire sport : petit,3.5,6,AV,X,12.4,9.2,11.0,26,259,4,3
2018,Nissan,Qashqai,Familiale : petite,2.0,4,AV,X,8.9,7.7,8.4,34,197,6,5
2018,Nissan,Qashqai,Familiale : petite,2.0,4,M6,X,10.0,8.1,9.2,31,216,5,5
2018,Nissan,Qashqai AWD,Familiale : petite,2.0,4,AV,X,9.2,7.8,8.5,33,200,6,5
2018,Nissan,Rogue,Véhicule utilitaire sport : petit,2.5,4,AV,X,9.2,7.0,8.2,34,192,6,5
2018,Nissan,Rogue AWD,Véhicule utilitaire sport : petit,2.5,4,AV,X,9.8,7.5,8.7,32,205,6,5
2018,Nissan,Sentra (Turbo),Intermédiaire,1.6,4,AV7,Z,8.9,7.3,8.2,34,193,6,3
2018,Nissan,Sentra (Turbo),Intermédiaire,1.6,4,M6,Z,9.1,7.3,8.3,34,195,6,3
2018,Nissan,Sentra,Intermédiaire,1.8,4,AV,X,8.1,6.3,7.3,39,172,7,7
2018,Nissan,Sentra,Intermédiaire,1.8,4,M6,X,8.9,6.8,8.0,35,187,7,1
2018,Nissan,Sentra Nismo,Intermédiaire,1.6,4,AV7,Z,9.4,7.8,8.7,32,205,6,3
2018,Nissan,Sentra Nismo,Intermédiaire,1.6,4,M6,Z,9.5,7.6,8.7,32,204,6,3
2018,Nissan,Titan,Camionnette : ordinaire,5.6,8,AS7,X,15.0,11.2,13.3,21,312,3,3
2018,Nissan,Titan 4WD,Camionnette : ordinaire,5.6,8,AS7,X,15.2,11.1,13.4,21,315,3,3
2018,Nissan,Titan 4WD PRO-4X,Camionnette : ordinaire,5.6,8,AS7,X,15.9,11.9,14.1,20,331,3,3
2018,Nissan,Versa,Intermédiaire,1.6,4,AV,X,7.6,6.2,7.0,40,164,8,5
2018,Nissan,Versa,Intermédiaire,1.6,4,M5,X,8.6,6.6,7.7,37,180,7,5
2018,Porsche,911 Carrera,Minicompacte,3.0,6,AM7,Z,10.6,8.0,9.4,30,221,5,1
2018,Porsche,911 Carrera,Minicompacte,3.0,6,M7,Z,11.8,8.1,10.1,28,237,5,1
2018,Porsche,911 Carrera 4,Minicompacte,3.0,6,AM7,Z,10.7,8.3,9.6,29,225,5,1
2018,Porsche,911 Carrera 4,Minicompacte,3.0,6,M7,Z,12.1,8.3,10.4,27,242,5,1
2018,Porsche,911 Carrera Cabriolet,Minicompacte,3.0,6,AM7,Z,10.8,8.3,9.7,29,227,5,1
2018,Porsche,911 Carrera Cabriolet,Minicompacte,3.0,6,M7,Z,12.0,8.2,10.3,27,241,5,1
2018,Porsche,911 Carrera 4 Cabriolet,Minicompacte,3.0,6,AM7,Z,11.0,8.4,9.8,29,230,5,1
2018,Porsche,911 Carrera 4 Cabriolet,Minicompacte,3.0,6,M7,Z,12.2,8.5,10.5,27,246,5,1
2018,Porsche,911 Carrera S,Minicompacte,3.0,6,AM7,Z,10.8,8.3,9.7,29,226,5,1
2018,Porsche,911 Carrera S,Minicompacte,3.0,6,M7,Z,12.1,8.3,10.4,27,242,5,1
2018,Porsche,911 Carrera 4S,Minicompacte,3.0,6,AM7,Z,11.0,8.5,9.9,29,232,5,1
2018,Porsche,911 Carrera 4S,Minicompacte,3.0,6,M7,Z,12.1,8.4,10.4,27,243,5,1
2018,Porsche,911 Carrera S Cabriolet,Minicompacte,3.0,6,AM7,Z,10.8,8.4,9.7,29,228,5,1
2018,Porsche,911 Carrera S Cabriolet,Minicompacte,3.0,6,M7,Z,12.1,8.3,10.4,27,243,5,1
2018,Porsche,911 Carrera 4S Cabriolet,Minicompacte,3.0,6,AM7,Z,10.9,8.5,9.9,29,231,5,1
2018,Porsche,911 Carrera 4S Cabriolet,Minicompacte,3.0,6,M7,Z,12.2,8.5,10.5,27,246,4,1
2018,Porsche,911 Carrera GTS,Minicompacte,3.0,6,AM7,Z,11.5,9.1,10.4,27,243,5,1
2018,Porsche,911 Carrera GTS,Minicompacte,3.0,6,M7,Z,13.0,8.9,11.1,25,260,4,1
2018,Porsche,911 Carrera 4 GTS,Minicompacte,3.0,6,AM7,Z,11.8,9.2,10.6,27,248,4,1
2018,Porsche,911 Carrera 4 GTS,Minicompacte,3.0,6,M7,Z,12.8,8.9,11.0,26,257,4,1
2018,Porsche,911 Carrera GTS Cabriolet,Minicompacte,3.0,6,AM7,Z,11.8,9.2,10.6,27,249,4,1
2018,Porsche,911 Carrera GTS Cabriolet,Minicompacte,3.0,6,M7,Z,12.7,9.0,11.0,26,258,4,1
2018,Porsche,911 Carrera 4 GTS Cabriolet,Minicompacte,3.0,6,AM7,Z,11.9,9.3,10.7,26,250,4,1
2018,Porsche,911 Carrera 4 GTS Cabriolet,Minicompacte,3.0,6,M7,Z,12.9,9.1,11.1,25,260,4,1
2018,Porsche,911 GT3,Deux places,4.0,6,AM7,Z,15.8,11.6,13.9,20,324,3,1
2018,Porsche,911 GT3,Deux places,4.0,6,M6,Z,18.0,11.5,15.1,19,352,2,1
2018,Porsche,911 Targa 4,Minicompacte,3.0,6,AM7,Z,10.9,8.4,9.8,29,228,5,1
2018,Porsche,911 Targa 4,Minicompacte,3.0,6,M7,Z,12.2,8.5,10.5,27,246,5,1
2018,Porsche,911 Targa 4S,Minicompacte,3.0,6,AM7,Z,11.1,8.6,10.0,28,233,5,1
2018,Porsche,911 Targa 4S,Minicompacte,3.0,6,M7,Z,12.2,8.5,10.5,27,246,4,1
2018,Porsche,911 Targa 4 GTS,Minicompacte,3.0,6,AM7,Z,12.1,9.2,10.8,26,251,4,1
2018,Porsche,911 Targa 4 GTS,Minicompacte,3.0,6,M7,Z,13.2,9.2,11.4,25,266,4,1
2018,Porsche,911 Turbo,Minicompacte,3.8,6,AM7,Z,12.6,9.9,11.4,25,266,4,1
2018,Porsche,911 Turbo Cabriolet,Minicompacte,3.8,6,AM7,Z,12.6,9.9,11.4,25,267,4,1
2018,Porsche,911 Turbo S,Minicompacte,3.8,6,AM7,Z,12.6,9.9,11.4,25,266,4,1
2018,Porsche,911 Turbo S Cabriolet,Minicompacte,3.8,6,AM7,Z,12.6,9.9,11.4,25,267,4,1
2018,Porsche,911 Turbo S Exclusive,Minicompacte,3.8,6,AM7,Z,13.8,10.3,12.3,23,285,3,1
2018,Porsche,Boxster,Deux places,2.0,4,AM7,Z,10.5,8.0,9.4,30,219,5,1
2018,Porsche,Boxster,Deux places,2.0,4,M6,Z,11.0,8.3,9.8,29,229,5,1
2018,Porsche,Boxster S,Deux places,2.5,4,AM7,Z,11.0,8.4,9.9,29,230,5,1
2018,Porsche,Boxster S,Deux places,2.5,4,M6,Z,12.1,9.0,10.7,26,249,4,1
2018,Porsche,Boxster GTS,Deux places,2.5,4,AM7,Z,11.8,9.2,10.6,27,249,4,1
2018,Porsche,Boxster GTS,Deux places,2.5,4,M6,Z,12.3,9.4,11.0,26,257,4,1
2018,Porsche,Cayenne,Véhicule utilitaire sport : ordinaire,3.6,6,A8,Z,12.9,9.7,11.5,25,268,4,1
2018,Porsche,Cayenne Platinum,Véhicule utilitaire sport : ordinaire,3.6,6,A8,Z,13.6,10.2,12.1,23,281,4,1
2018,Porsche,Cayenne S,Véhicule utilitaire sport : ordinaire,3.6,6,A8,Z,13.9,9.6,12.0,24,281,4,1
2018,Porsche,Cayenne GTS,Véhicule utilitaire sport : ordinaire,3.6,6,A8,Z,14.5,10.4,12.6,22,296,3,1
2018,Porsche,Cayenne Turbo,Véhicule utilitaire sport : ordinaire,4.8,8,A8,Z,16.7,11.2,14.3,20,334,3,1
2018,Porsche,Cayenne Turbo S,Véhicule utilitaire sport : ordinaire,4.8,8,A8,Z,16.7,11.2,14.3,20,334,3,1
2018,Porsche,Cayman,Deux places,2.0,4,AM7,Z,10.5,8.0,9.4,30,219,5,1
2018,Porsche,Cayman,Deux places,2.0,4,M6,Z,11.0,8.3,9.8,29,229,5,1
2018,Porsche,Cayman S,Deux places,2.5,4,AM7,Z,11.0,8.4,9.9,29,230,5,1
2018,Porsche,Cayman S,Deux places,2.5,4,M6,Z,12.1,9.0,10.7,26,249,4,1
2018,Porsche,Cayman GTS,Deux places,2.5,4,AM7,Z,11.8,9.2,10.6,27,249,4,1
2018,Porsche,Cayman GTS,Deux places,2.5,4,M6,Z,12.3,9.4,11.0,26,257,4,1
2018,Porsche,Macan,Véhicule utilitaire sport : petit,2.0,4,A7,Z,11.6,9.3,10.6,27,248,4,1
2018,Porsche,Macan S,Véhicule utilitaire sport : petit,3.0,6,A7,Z,13.7,10.3,12.2,23,285,3,1
2018,Porsche,Macan GTS,Véhicule utilitaire sport : petit,3.0,6,A7,Z,13.8,10.3,12.3,23,287,3,1
2018,Porsche,Macan Turbo,Véhicule utilitaire sport : petit,3.6,6,A7,Z,14.2,10.1,12.3,23,287,3,1
2018,Porsche,Macan Turbo Kit,Véhicule utilitaire sport : petit,3.6,6,A7,Z,14.1,10.1,12.3,23,286,3,1
2018,Porsche,Panamera,Grande berline,3.0,6,AM8,Z,11.0,8.3,9.8,29,229,5,1
2018,Porsche,Panamera 4,Grande berline,3.0,6,AM8,Z,11.3,8.6,10.1,28,235,5,1
2018,Porsche,Panamera 4 Executive,Grande berline,3.0,6,AM8,Z,11.3,8.6,10.1,28,235,5,1
2018,Porsche,Panamera 4 ST,Grande berline,3.0,6,AM8,Z,11.5,9.0,10.4,27,242,5,1
2018,Porsche,Panamera 4S,Grande berline,2.9,6,AM8,Z,11.3,8.5,10.1,28,235,5,1
2018,Porsche,Panamera 4S Executive,Grande berline,2.9,6,AM8,Z,11.3,8.5,10.1,28,235,5,1
2018,Porsche,Panamera 4S ST,Grande berline,2.9,6,AM8,Z,12.1,9.0,10.7,26,249,4,1
2018,Porsche,Panamera Turbo,Grande berline,4.0,8,AM8,Z,12.8,9.2,11.2,25,261,4,1
2018,Porsche,Panamera Turbo Executive,Grande berline,4.0,8,AM8,Z,12.8,9.2,11.2,25,261,4,1
2018,Porsche,Panamera Turbo ST,Grande berline,4.0,8,AM8,Z,13.4,10.1,11.9,24,279,4,1
2018,Ram,1500 EcoDiesel,Camionnette : ordinaire,3.0,6,A8,D,11.8,8.6,10.4,27,278,4,1
2018,Ram,1500 FFV,Camionnette : ordinaire,3.6,6,A8,X,13.9,9.6,11.9,24,280,4,3
2018,Ram,1500 FFV,Camionnette : ordinaire,3.6,6,A8,E,19.7,13.8,17.0,17,283,4,3
2018,Ram,1500,Camionnette : ordinaire,5.7,8,A6,X,17.0,12.0,14.8,19,346,2,3
2018,Ram,1500,Camionnette : ordinaire,5.7,8,A8,X,15.7,11.0,13.6,21,319,3,3
2018,Ram,1500 4X4 EcoDiesel,Camionnette : ordinaire,3.0,6,A8,D,12.3,8.8,10.8,26,289,3,1
2018,Ram,1500 4X4 FFV,Camionnette : ordinaire,3.6,6,A8,X,14.5,10.2,12.6,22,294,3,3
2018,Ram,1500 4X4 FFV,Camionnette : ordinaire,3.6,6,A8,E,20.7,14.7,18.0,16,300,3,3
2018,Ram,1500 4X4,Camionnette : ordinaire,5.7,8,A6,X,18.7,13.3,16.3,17,382,1,3
2018,Ram,1500 4X4,Camionnette : ordinaire,5.7,8,A8,X,16.1,11.5,14.0,20,328,3,3
2018,Ram,ProMaster City,Véhicule à usage spécial,2.4,4,A9,X,11.2,8.3,9.9,29,232,5,3
2018,Rolls-Royce,Dawn,Compacte,6.6,12,AS8,Z,20.3,13.0,17.0,17,397,1,3
2018,Rolls-Royce,Ghost,Grande berline,6.6,12,AS8,Z,20.3,13.0,17.0,17,397,1,3
2018,Rolls-Royce,Ghost EWB,Grande berline,6.6,12,AS8,Z,20.3,13.0,17.0,17,397,1,3
2018,Rolls-Royce,Phantom,Grande berline,6.7,12,AS8,Z,20.0,12.4,16.6,17,387,1,3
2018,Rolls-Royce,Phantom EWB,Grande berline,6.7,12,AS8,Z,20.0,12.4,16.6,17,387,1,3
2018,Rolls-Royce,Wraith,Intermédiaire,6.6,12,AS8,Z,19.6,12.9,16.6,17,388,1,3
2018,Subaru,BRZ,Minicompacte,2.0,4,AS6,Z,9.7,7.2,8.6,33,200,6,1
2018,Subaru,BRZ,Minicompacte,2.0,4,M6,Z,11.2,8.1,9.8,29,229,5,1
2018,Subaru,BRZ tS,Minicompacte,2.0,4,M6,Z,11.6,8.6,10.2,28,239,5,1
2018,Subaru,Crosstrek AWD,Véhicule utilitaire sport : petit,2.0,4,AV7,X,8.8,7.2,8.1,35,188,6,6
2018,Subaru,Crosstrek AWD,Véhicule utilitaire sport : petit,2.0,4,M6,X,10.5,8.1,9.4,30,220,5,6
2018,Subaru,Forester AWD,Véhicule utilitaire sport : petit,2.0,4,AV8,Z,10.2,8.6,9.5,30,223,5,1
2018,Subaru,Forester AWD,Véhicule utilitaire sport : petit,2.5,4,AV6,X,9.2,7.4,8.4,34,196,6,5
2018,Subaru,Forester AWD,Véhicule utilitaire sport : petit,2.5,4,M6,X,10.9,8.3,9.7,29,228,5,5
2018,Subaru,Impreza 4-Door AWD,Intermédiaire,2.0,4,AV7,X,8.3,6.4,7.5,38,174,7,6
2018,Subaru,Impreza 4-Door AWD,Intermédiaire,2.0,4,M5,X,10.0,7.5,8.9,32,208,6,6
2018,Subaru,Impreza 5-Door AWD,Familiale : petite,2.0,4,AV7,X,8.4,6.5,7.5,38,176,7,6
2018,Subaru,Impreza 5-Door AWD,Familiale : petite,2.0,4,M5,X,10.1,7.7,9.0,31,211,5,6
2018,Subaru,Legacy AWD,Intermédiaire,2.5,4,AV7,X,9.3,7.0,8.3,34,193,6,5
2018,Subaru,Legacy AWD,Intermédiaire,3.6,6,AV6,X,11.9,8.3,10.3,27,241,5,3
2018,Subaru,Outback AWD,Véhicule utilitaire sport : petit,2.5,4,AV7,X,9.4,7.3,8.5,33,198,6,5
2018,Subaru,Outback AWD,Véhicule utilitaire sport : petit,3.6,6,AV6,X,12.0,8.7,10.5,27,247,4,3
2018,Subaru,WRX AWD,Compacte,2.0,4,AV8,Z,12.6,9.6,11.2,25,256,4,1
2018,Subaru,WRX AWD,Compacte,2.0,4,M6,Z,11.3,8.5,10.0,28,235,5,1
2018,Subaru,WRX STI AWD,Compacte,2.5,4,M6,Z,14.1,10.5,12.5,23,291,3,1
2018,Subaru,WRX STI AWD Type RA,Compacte,2.5,4,M6,Z,14.3,10.9,12.8,22,296,3,1
2018,Toyota,4Runner 4WD,Véhicule utilitaire sport : ordinaire,4.0,6,AS5,X,14.3,11.9,13.2,21,308,3,3
2018,Toyota,4Runner 4WD (Part-Time 4WD),Véhicule utilitaire sport : ordinaire,4.0,6,AS5,X,14.3,11.9,13.2,21,308,3,3
2018,Toyota,86,Minicompacte,2.0,4,AS6,Z,9.9,7.3,8.7,32,204,6,1
2018,Toyota,86,Minicompacte,2.0,4,M6,Z,11.3,8.3,9.9,29,232,5,1
2018,Toyota,Avalon,Intermédiaire,3.5,6,AS6,X,11.4,7.7,9.7,29,226,5,3
2018,Toyota,Camry,Intermédiaire,2.5,4,AS8,X,8.1,5.7,6.9,41,164,8,7
2018,Toyota,Camry LE/SE,Intermédiaire,2.5,4,AS8,X,8.4,6.0,7.3,39,172,7,7
2018,Toyota,Camry XLE/XSE,Intermédiaire,2.5,4,AS8,X,8.5,6.1,7.4,38,173,7,7
2018,Toyota,Camry,Intermédiaire,3.5,6,AS8,X,10.5,7.1,9.0,31,210,5,5
2018,Toyota,Camry XSE,Intermédiaire,3.5,6,AS8,X,10.7,7.4,9.2,31,215,5,5
2018,Toyota,Camry Hybrid LE,Intermédiaire,2.5,4,AV6,X,4.9,4.8,4.9,58,113,10,7
2018,Toyota,Camry Hybrid XLE/SE,Intermédiaire,2.5,4,AV6,X,5.3,5.0,5.1,55,121,10,7
2018,Toyota,C-HR,Compacte,2.0,4,AV7,X,8.7,7.5,8.2,34,189,6,3
2018,Toyota,Corolla,Intermédiaire,1.8,4,AV,X,8.3,6.5,7.5,38,174,7,3
2018,Toyota,Corolla LE Eco (1-Mode),Intermédiaire,1.8,4,AV,X,7.8,5.9,6.9,41,163,8,5
2018,Toyota,Corolla LE Eco (2-Mode),Intermédiaire,1.8,4,AV,X,8.0,6.3,7.2,39,168,8,5
2018,Toyota,Corolla,Intermédiaire,1.8,4,AV7,X,8.3,6.7,7.5,38,178,7,3
2018,Toyota,Corolla,Intermédiaire,1.8,4,M6,X,8.5,6.6,7.6,37,178,7,3
2018,Toyota,Corolla iM,Intermédiaire,1.8,4,AV7,X,8.3,6.5,7.5,38,176,7,5
2018,Toyota,Corolla iM,Intermédiaire,1.8,4,M6,X,8.8,6.8,7.9,36,185,7,5
2018,Toyota,Highlander,Véhicule utilitaire sport : petit,3.5,6,AS8,X,11.8,8.7,10.3,27,243,5,5
2018,Toyota,Highlander AWD,Véhicule utilitaire sport : ordinaire,3.5,6,AS8,X,12.1,9.0,10.6,27,251,4,5
2018,Toyota,Highlander AWD (Start/Stop System),Véhicule utilitaire sport : ordinaire,3.5,6,AS8,X,12.0,8.9,10.6,27,247,4,5
2018,Toyota,Highlander AWD LE,Véhicule utilitaire sport : ordinaire,3.5,6,AS8,X,11.7,8.8,10.4,27,242,5,5
2018,Toyota,Highlander Hybrid AWD,Véhicule utilitaire sport : ordinaire,3.5,6,AV6,X,8.1,8.5,8.3,34,193,6,7
2018,Toyota,Prius,Intermédiaire,1.8,4,AV,X,4.3,4.6,4.5,63,105,10,7
2018,Toyota,Prius c,Compacte,1.5,4,AV,X,4.9,5.5,5.1,55,120,10,7
2018,Toyota,Prius v,Familiale : intermédiaire,1.8,4,AV,X,5.5,6.0,5.8,49,135,9,7
2018,Toyota,RAV4 LE/XLE,Véhicule utilitaire sport : petit,2.5,4,AS6,X,10.0,7.8,9.0,31,210,5,3
2018,Toyota,RAV4 AWD,Véhicule utilitaire sport : petit,2.5,4,AS6,X,10.5,8.3,9.5,30,222,5,3
2018,Toyota,RAV4 Limited/SE AWD,Véhicule utilitaire sport : petit,2.5,4,AS6,X,10.7,8.4,9.7,29,226,5,3
2018,Toyota,RAV4 Hybrid AWD,Véhicule utilitaire sport : petit,2.5,4,AV6,X,6.9,7.8,7.3,39,171,7,7
2018,Toyota,Sequoia 4WD,Véhicule utilitaire sport : ordinaire,5.7,8,AS6,X,18.4,13.8,16.4,17,384,1,5
2018,Toyota,Sienna,Fourgonnette,3.5,6,AS8,X,12.5,8.9,10.9,26,256,4,5
2018,Toyota,Sienna AWD,Fourgonnette,3.5,6,AS8,X,13.4,9.6,11.7,24,274,4,5
2018,Toyota,Tacoma,Camionnette : petite,2.7,4,AS6,X,12.1,10.1,11.2,25,263,4,5
2018,Toyota,Tacoma,Camionnette : petite,3.5,6,AS6,X,12.6,10.0,11.4,25,268,4,5
2018,Toyota,Tacoma 4WD,Camionnette : petite,2.7,4,AS6,X,12.7,10.6,11.7,24,274,4,5
2018,Toyota,Tacoma 4WD,Camionnette : petite,3.5,6,AS6,X,13.2,10.7,12.1,23,283,4,5
2018,Toyota,Tacoma 4WD,Camionnette : petite,3.5,6,M6,X,13.8,11.4,12.7,22,299,3,5
2018,Toyota,Tacoma 4WD D-Cab Off-Road,Camionnette : petite,3.5,6,M6,X,13.8,11.7,12.9,22,300,3,5
2018,Toyota,Tundra,Camionnette : ordinaire,5.7,8,AS6,X,17.7,13.6,15.9,18,371,2,5
2018,Toyota,Tundra 4WD,Camionnette : ordinaire,4.6,8,AS6,X,16.8,13.1,14.9,19,354,2,3
2018,Toyota,Tundra 4WD,Camionnette : ordinaire,5.7,8,AS6,X,18.0,14.2,16.3,17,383,1,5
2018,Toyota,Yaris,Compacte,1.5,4,AS6,X,7.3,5.8,6.6,43,155,8,3
2018,Toyota,Yaris (SIL),Compacte,1.5,4,M6,X,7.8,6.0,6.8,42,164,8,3
2018,Toyota,Yaris Hatchback,Compacte,1.5,4,A4,X,7.9,6.8,7.4,38,173,7,3
2018,Toyota,Yaris Hatchback,Compacte,1.5,4,M5,X,7.8,6.5,7.2,39,168,8,3
2018,Volkswagen,Atlas,Véhicule utilitaire sport : petit,2.0,4,AS8,X,10.8,8.9,10.0,28,233,5,3
2018,Volkswagen,Atlas 4MOTION,Véhicule utilitaire sport : petit,3.6,6,AS8,X,13.7,10.1,12.1,23,282,4,5
2018,Volkswagen,Beetle,Compacte,2.0,4,AS6,X,9.0,7.2,8.2,34,191,6,7
2018,Volkswagen,Beetle Convertible,Sous-compacte,2.0,4,AS6,X,9.0,7.2,8.2,34,191,6,7
2018,Volkswagen,Beetle Dune,Compacte,2.0,4,AS6,X,9.1,6.9,8.1,35,189,6,7
2018,Volkswagen,Beetle Dune Convertible,Sous-compacte,2.0,4,AS6,X,9.1,6.9,8.1,35,189,6,7
2018,Volkswagen,Golf,Compacte,1.8,4,AS6,X,9.6,7.2,8.5,33,199,6,7
2018,Volkswagen,Golf,Compacte,1.8,4,M5,X,9.3,6.9,8.2,34,192,6,7
2018,Volkswagen,Golf GTI,Compacte,2.0,4,AM6,X,9.6,7.3,8.6,33,200,6,7
2018,Volkswagen,Golf GTI,Compacte,2.0,4,M6,X,9.6,7.2,8.5,33,199,6,7
2018,Volkswagen,Golf R,Compacte,2.0,4,AM7,Z,10.6,8.0,9.4,30,220,5,3
2018,Volkswagen,Golf R,Compacte,2.0,4,M6,Z,11.1,8.1,9.8,29,227,5,3
2018,Volkswagen,Golf Alltrack,Familiale : petite,1.8,4,AM6,X,10.7,8.0,9.4,30,220,5,7
2018,Volkswagen,Golf Alltrack,Familiale : petite,1.8,4,M6,X,11.1,7.8,9.6,29,225,5,7
2018,Volkswagen,Golf SportWagen,Familiale : petite,1.8,4,AS6,X,9.6,7.2,8.5,33,199,6,7
2018,Volkswagen,Golf SportWagen,Familiale : petite,1.8,4,M5,X,9.4,6.9,8.2,34,192,6,7
2018,Volkswagen,Golf SportWagen 4MOTION,Familiale : petite,1.8,4,AM6,X,10.8,8.1,9.6,29,224,5,7
2018,Volkswagen,Golf SportWagen 4MOTION,Familiale : petite,1.8,4,M6,X,10.8,7.6,9.3,30,218,5,7
2018,Volkswagen,Passat,Intermédiaire,2.0,4,AS6,X,9.3,6.5,8.1,35,188,6,7
2018,Volkswagen,Passat,Intermédiaire,3.6,6,AM6,X,12.2,8.5,10.6,27,246,4,3
2018,Volkswagen,Tiguan,Véhicule utilitaire sport : petit,2.0,4,AS8,X,10.6,8.7,9.8,29,229,5,7
2018,Volkswagen,Tiguan 4MOTION,Véhicule utilitaire sport : petit,2.0,4,AS8,X,11.3,8.8,10.2,28,237,5,7
2018,Volvo,S60 T5 AWD,Compacte,2.0,4,AS8,X,11.0,8.1,9.7,29,226,5,3
2018,Volvo,S60 T6 AWD,Compacte,2.0,4,AS8,Z,10.9,7.7,9.4,30,221,5,3
2018,Volvo,S60 Polestar,Compacte,2.0,4,AS8,Z,11.8,8.5,10.3,27,241,5,1
2018,Volvo,S60 CC T5 AWD,Compacte,2.0,4,AS8,X,10.8,7.8,9.4,30,220,5,3
2018,Volvo,S90 T5 AWD,Intermédiaire,2.0,4,AS8,Z,10.1,7.4,8.8,32,206,6,5
2018,Volvo,S90 T6 AWD,Intermédiaire,2.0,4,AS8,Z,10.6,7.6,9.3,30,216,5,5
2018,Volvo,V60 T5 AWD,Familiale : petite,2.0,4,AS8,X,11.0,8.1,9.7,29,226,5,3
2018,Volvo,V60 T6 AWD,Familiale : petite,2.0,4,AS8,Z,10.9,7.7,9.4,30,221,5,3
2018,Volvo,V60 Polestar,Familiale : petite,2.0,4,AS8,Z,11.8,8.5,10.3,27,241,5,1
2018,Volvo,V60 CC T5 AWD,Familiale : petite,2.0,4,AS8,X,10.8,7.8,9.4,30,220,5,3
2018,Volvo,V90 T6 AWD,Familiale : intermédiaire,2.0,4,AS8,Z,10.6,7.6,9.3,30,216,5,5
2018,Volvo,V90 CC T5 AWD,Familiale : intermédiaire,2.0,4,AS8,Z,10.4,7.7,9.2,31,214,5,5
2018,Volvo,V90 CC T6 AWD,Familiale : intermédiaire,2.0,4,AS8,Z,10.9,8.0,9.6,29,224,5,5
2018,Volvo,XC60 T5 AWD,Véhicule utilitaire sport : petit,2.0,4,AS8,Z,10.7,8.5,9.8,29,228,5,5
2018,Volvo,XC60 T6 AWD,Véhicule utilitaire sport : petit,2.0,4,AS8,Z,11.4,8.7,10.2,28,240,5,5
2018,Volvo,XC90 T5 AWD,Véhicule utilitaire sport : ordinaire,2.0,4,AS8,Z,10.9,8.3,9.7,29,227,5,5
2018,Volvo,XC90 T6 AWD,Véhicule utilitaire sport : ordinaire,2.0,4,AS8,Z,11.5,8.8,10.3,27,240,5,5
2019,Acura,ILX,Compacte,2.4,4,AM8,Z,9.9,7.0,8.6,33,199,6,3
2019,Acura,MDX SH-AWD,Véhicule utilitaire sport : petit,3.5,6,AS9,Z,12.2,9.0,10.8,26,252,4,3
2019,Acura,MDX SH-AWD A-SPEC,Véhicule utilitaire sport : petit,3.5,6,AS9,Z,12.2,9.5,11.0,26,258,4,3
2019,Acura,MDX Hybrid AWD,Véhicule utilitaire sport : petit,3.0,6,AM7,Z,9.1,9.0,9.0,31,210,5,3
2019,Acura,NSX,Deux places,3.5,6,AM9,Z,11.1,10.8,11.0,26,261,4,3
2019,Acura,RDX AWD,Véhicule utilitaire sport : petit,2.0,4,AS10,Z,11.0,8.6,9.9,29,232,5,6
2019,Acura,RDX AWD A-SPEC,Véhicule utilitaire sport : petit,2.0,4,AS10,Z,11.3,9.1,10.3,27,242,5,6
2019,Acura,RLX Hybrid,Intermédiaire,3.5,6,AM7,Z,8.4,8.2,8.4,34,196,6,7
2019,Acura,TLX,Compacte,2.4,4,AM8,Z,10.0,7.1,8.7,32,205,6,3
2019,Acura,TLX A-SPEC,Compacte,2.4,4,AM8,Z,10.2,7.4,8.9,32,209,5,3
2019,Acura,TLX SH-AWD,Compacte,3.5,6,AS9,Z,11.4,7.7,9.8,29,228,5,3
2019,Acura,TLX SH-AWD A-SPEC,Compacte,3.5,6,AS9,Z,12.0,8.2,10.3,27,240,5,3
2019,Alfa Romeo,4C Coupe,Deux places,1.8,4,AM6,Z,9.7,6.9,8.4,34,197,6,1
2019,Alfa Romeo,4C Spider,Deux places,1.8,4,AM6,Z,9.7,6.9,8.4,34,197,6,1
2019,Alfa Romeo,Giulia,Intermédiaire,2.0,4,A8,Z,10.0,7.2,8.7,32,205,6,3
2019,Alfa Romeo,Giulia AWD,Intermédiaire,2.0,4,A8,Z,10.5,7.7,9.2,31,217,5,3
2019,Alfa Romeo,Giulia Quadrifoglio,Intermédiaire,2.9,6,A8,Z,13.8,9.6,11.9,24,280,4,3
2019,Alfa Romeo,Stelvio,Véhicule utilitaire sport : petit,2.0,4,A8,Z,10.3,8.1,9.3,30,218,5,3
2019,Alfa Romeo,Stelvio AWD,Véhicule utilitaire sport : petit,2.0,4,A8,Z,10.8,8.3,9.6,29,226,5,3
2019,Alfa Romeo,Stelvio AWD Quadrifoglio,Véhicule utilitaire sport : petit,2.9,6,A8,Z,14.1,10.4,12.4,23,292,3,3
2019,Aston Martin,DB11 V8,Minicompacte,4.0,8,A8,Z,13.0,9.8,11.5,25,271,4,3
2019,Aston Martin,DB11 AMR,Minicompacte,5.2,12,A8,Z,15.5,10.6,13.3,21,312,3,3
2019,Aston Martin,DBS Superleggera,Minicompacte,5.2,12,A8,Z,16.4,10.7,13.8,20,324,3,3
2019,Aston Martin,Rapide AMR,Sous-compacte,6.0,12,A8,Z,16.7,10.9,14.1,20,332,3,3
2019,Aston Martin,Vanquish Zagato,Minicompacte,6.0,12,A8,Z,17.5,11.4,14.7,19,346,2,3
2019,Aston Martin,Vantage V8,Deux places,4.0,8,A8,Z,12.7,9.4,11.2,25,264,4,3
2019,Audi,A3,Sous-compacte,2.0,4,AM7,X,9.1,6.8,8.1,35,188,6,7
2019,Audi,A3 quattro,Sous-compacte,2.0,4,AM7,X,10.9,7.9,9.6,29,225,5,7
2019,Audi,A3 Cabriolet quattro,Sous-compacte,2.0,4,AM7,X,10.7,7.9,9.5,30,221,5,7
2019,Audi,A4,Compacte,2.0,4,AM7,Z,8.6,6.9,7.8,36,182,7,5
2019,Audi,A4 quattro,Compacte,2.0,4,AM7,Z,10.0,7.0,8.7,32,204,6,5
2019,Audi,A4 allroad quattro,Familiale : petite,2.0,4,AM7,Z,10.7,8.0,9.5,30,221,6,5
2019,Audi,A5 quattro,Sous-compacte,2.0,4,AM7,Z,10.0,7.0,8.7,32,204,6,5
2019,Audi,A5 Cabriolet quattro,Sous-compacte,2.0,4,AM7,Z,10.0,7.0,8.7,32,204,6,5
2019,Audi,A5 Sportback quattro,Intermédiaire,2.0,4,AM7,Z,10.0,7.0,8.7,32,204,6,5
2019,Audi,A6 quattro,Intermédiaire,3.0,6,AM7,Z,10.7,8.2,9.6,29,224,5,5
2019,Audi,A7 quattro,Intermédiaire,3.0,6,AM7,Z,10.7,8.2,9.6,29,224,5,5
2019,Audi,A8L,Grande berline,3.0,6,AS8,Z,12.5,8.6,10.8,26,252,4,3
2019,Audi,Q3 quattro,Véhicule utilitaire sport : petit,2.0,4,AS8,X,12.3,8.6,10.6,27,248,4,7
2019,Audi,Q5,Véhicule utilitaire sport : petit,2.0,4,AM7,Z,10.9,8.7,9.9,29,230,5,3
2019,Audi,Q7,Véhicule utilitaire sport : ordinaire,2.0,4,AS8,Z,12.2,9.5,11.0,26,258,4,3
2019,Audi,Q7,Véhicule utilitaire sport : ordinaire,3.0,6,AS8,Z,12.6,9.4,11.1,25,260,4,3
2019,Audi,Q8,Véhicule utilitaire sport : ordinaire,3.0,6,AS8,Z,14.0,10.7,12.5,23,294,3,3
2019,Audi,RS 3,Sous-compacte,2.5,5,AM7,Z,12.4,8.4,10.6,27,247,4,3
2019,Audi,RS 5 Coupe,Sous-compacte,2.9,6,AS8,Z,13.3,8.7,11.3,25,262,4,5
2019,Audi,RS 5 Sportback,Intermédiaire,2.9,6,AS8,Z,13.5,9.0,11.5,25,268,4,5
2019,Audi,S3,Sous-compacte,2.0,4,AM7,Z,10.7,8.0,9.5,30,222,5,3
2019,Audi,S4,Compacte,3.0,6,AS8,Z,11.3,8.0,9.8,29,230,5,5
2019,Audi,S5,Sous-compacte,3.0,6,AS8,Z,11.3,8.0,9.8,29,230,5,5
2019,Audi,S5 Cabriolet,Sous-compacte,3.0,6,AS8,Z,11.4,8.2,9.9,29,234,5,5
2019,Audi,S5 Sportback,Intermédiaire,3.0,6,AS8,Z,11.3,8.0,9.8,29,230,5,5
2019,Audi,SQ5,Véhicule utilitaire sport : petit,3.0,6,AS8,Z,12.7,10.0,11.5,25,270,4,5
2019,Audi,TT Coupe quattro,Sous-compacte,2.0,4,AM7,X,10.3,7.7,9.2,31,213,5,7
2019,Audi,TT Roadster quattro,Deux places,2.0,4,AM7,X,10.3,7.7,9.2,31,213,5,7
2019,Audi,TT RS Coupe,Sous-compacte,2.5,5,AM7,Z,12.0,8.3,10.3,27,241,5,3
2019,Audi,TTS Coupe,Sous-compacte,2.0,4,AM7,Z,10.4,8.2,9.4,30,220,5,3
2019,Bentley,Bentayga,Véhicule utilitaire sport : ordinaire,4.0,8,AS8,Z,16.4,10.1,13.6,21,315,3,3
2019,Bentley,Mulsanne,Intermédiaire,6.8,8,AS8,Z,24.5,14.4,20.0,14,465,1,1
2019,BMW,230i xDrive Cabriolet,Sous-compacte,2.0,4,AS8,Z,10.2,7.2,8.8,32,207,6,7
2019,BMW,230i Coupe,Sous-compacte,2.0,4,AS8,Z,9.8,6.8,8.5,33,198,6,7
2019,BMW,230i Coupe,Sous-compacte,2.0,4,M6,Z,11.1,7.3,9.4,30,219,5,7
2019,BMW,230i xDrive Coupe,Sous-compacte,2.0,4,AS8,Z,9.9,7.1,8.6,33,202,6,7
2019,BMW,330i xDrive,Compacte,2.0,4,AS8,Z,9.5,6.9,8.3,34,194,6,7
2019,BMW,330i xDrive Gran Turismo,Grande berline,2.0,4,AS8,Z,10.2,7.2,8.8,32,207,6,7
2019,BMW,330i xDrive Touring,Familiale : petite,2.0,4,AS8,Z,10.2,7.2,8.8,32,207,6,7
2019,BMW,430i xDrive Cabriolet,Sous-compacte,2.0,4,AS8,Z,10.6,7.3,9.1,31,213,5,7
2019,BMW,430i xDrive Coupe,Compacte,2.0,4,AS8,Z,10.2,7.2,8.8,32,207,6,7
2019,BMW,430i xDrive Gran Coupe,Compacte,2.0,4,AS8,Z,10.2,7.2,8.8,32,207,6,7
2019,BMW,440i xDrive Cabriolet,Sous-compacte,3.0,6,AS8,Z,11.8,7.9,10.0,28,235,5,3
2019,BMW,440i Coupe,Compacte,3.0,6,AS8,Z,11.2,7.3,9.4,30,227,5,3
2019,BMW,440i Coupe,Compacte,3.0,6,M6,Z,12.8,8.8,11.0,26,256,4,3
2019,BMW,440i xDrive Coupe,Compacte,3.0,6,AS8,Z,11.4,7.6,9.7,29,228,5,3
2019,BMW,440i xDrive Coupe,Compacte,3.0,6,M6,Z,13.0,8.5,11.0,26,256,4,3
2019,BMW,440i xDrive Gran Coupe,Compacte,3.0,6,AS8,Z,11.4,7.6,9.7,29,228,5,3
2019,BMW,530i xDrive,Intermédiaire,2.0,4,AS8,Z,10.2,7.2,8.8,32,207,6,7
2019,BMW,540i xDrive,Intermédiaire,3.0,6,AS8,Z,11.2,8.1,9.8,29,231,5,5
2019,BMW,640i xDrive Gran Coupe,Compacte,3.0,6,AS8,Z,12.3,8.4,10.5,27,248,4,3
2019,BMW,640i xDrive Gran Turismo,Grande berline,3.0,6,AS8,Z,11.9,8.4,10.3,27,241,5,5
2019,BMW,650i xDrive Gran Coupe,Compacte,4.4,8,AS8,Z,14.0,9.6,12.0,24,282,4,3
2019,BMW,750i xDrive,Grande berline,4.4,8,AS8,Z,13.3,9.2,11.5,25,269,4,3
2019,BMW,750Li xDrive,Grande berline,4.4,8,AS8,Z,14.0,9.6,12.0,24,282,4,3
2019,BMW,Alpina B6 xDrive Gran Coupe,Compacte,4.4,8,AS8,Z,14.0,9.6,12.0,24,282,4,3
2019,BMW,Alpina B7 xDrive,Grande berline,4.4,8,AS8,Z,14.0,9.6,12.0,24,282,4,3
2019,BMW,M2 Competition,Sous-compacte,3.0,6,AM7,Z,14.3,10.4,12.6,22,294,3,3
2019,BMW,M2 Competition,Sous-compacte,3.0,6,M6,Z,13.4,9.6,11.7,24,273,4,3
2019,BMW,M240i Cabriolet,Sous-compacte,3.0,6,AS8,Z,11.2,7.8,9.7,29,227,5,3
2019,BMW,M240i Cabriolet,Sous-compacte,3.0,6,M6,Z,12.8,8.8,11.0,26,256,4,3
2019,BMW,M240i xDrive Cabriolet,Sous-compacte,3.0,6,AS8,Z,11.3,8.0,9.8,29,229,5,3
2019,BMW,M240i Coupe,Sous-compacte,3.0,6,AS8,Z,11.2,7.8,9.7,29,227,5,3
2019,BMW,M240i Coupe,Sous-compacte,3.0,6,M6,Z,12.8,8.8,11.0,26,256,4,3
2019,BMW,M240i xDrive Coupe,Sous-compacte,3.0,6,AS8,Z,11.3,8.0,9.8,29,229,5,3
2019,BMW,M240i Coupe M Performance,Sous-compacte,3.0,6,AS8,Z,11.2,7.8,9.7,29,227,5,3
2019,BMW,M240i Coupe M Performance,Sous-compacte,3.0,6,M6,Z,12.8,8.8,11.0,26,256,4,3
2019,BMW,M240i xDrive Coupe M Performance,Sous-compacte,3.0,6,AS8,Z,11.3,8.0,9.8,29,229,5,3
2019,BMW,M4 Cabriolet,Sous-compacte,3.0,6,AM7,Z,14.5,10.5,12.7,22,299,3,3
2019,BMW,M4 Cabriolet,Sous-compacte,3.0,6,M6,Z,13.8,9.4,11.9,24,280,4,3
2019,BMW,M4 Cabriolet Competition,Sous-compacte,3.0,6,AM7,Z,14.5,10.5,12.7,22,299,3,3
2019,BMW,M4 Cabriolet Competition,Sous-compacte,3.0,6,M6,Z,13.8,9.4,11.9,24,280,4,3
2019,BMW,M4 Coupe,Compacte,3.0,6,AM7,Z,14.3,10.4,12.6,22,294,3,3
2019,BMW,M4 Coupe,Compacte,3.0,6,M6,Z,13.4,9.6,11.7,24,273,4,3
2019,BMW,M4 Coupe Competition,Compacte,3.0,6,AM7,Z,14.3,10.4,12.6,22,294,3,3
2019,BMW,M4 Coupe Competition,Compacte,3.0,6,M6,Z,13.4,9.6,11.7,24,273,4,3
2019,BMW,M4 CS,Compacte,3.0,6,AM7,Z,14.3,10.4,12.6,22,294,3,3
2019,BMW,M5,Intermédiaire,4.4,8,AS8,Z,16.0,11.2,13.9,20,324,3,3
2019,BMW,M5 Competition,Intermédiaire,4.4,8,AS8,Z,16.0,11.2,13.9,20,324,3,3
2019,BMW,M550i xDrive,Intermédiaire,4.4,8,AS8,Z,13.3,9.2,11.5,25,269,4,3
2019,BMW,M6 Gran Coupe,Compacte,4.4,8,AM7,Z,17.3,11.6,14.7,19,344,2,1
2019,BMW,M760Li xDrive,Grande berline,6.6,12,AS8,Z,17.7,11.9,15.1,19,355,2,3
2019,BMW,M850i xDrive Cabriolet,Sous-compacte,4.4,8,AS8,Z,13.5,9.2,11.6,24,270,4,3
2019,BMW,M850i xDrive Coupe,Sous-compacte,4.4,8,AS8,Z,13.3,9.2,11.5,25,269,4,3
2019,BMW,X1 xDrive28i,Véhicule utilitaire sport : petit,2.0,4,AS8,Z,10.7,7.5,9.3,30,217,5,7
2019,BMW,X2 xDrive28i,Véhicule utilitaire sport : petit,2.0,4,AS8,Z,11.0,7.7,9.5,30,222,5,7
2019,BMW,X2 M35i,Véhicule utilitaire sport : petit,2.0,4,AS8,Z,10.3,8.0,9.3,30,217,5,3
2019,BMW,X3 xDrive30i,Véhicule utilitaire sport : petit,2.0,4,AS8,Z,10.8,8.0,9.6,29,223,5,7
2019,BMW,X3 M40i,Véhicule utilitaire sport : petit,3.0,6,AS8,Z,11.9,8.7,10.4,27,245,5,5
2019,BMW,X4 xDrive30i,Véhicule utilitaire sport : petit,2.0,4,AS8,Z,10.8,8.0,9.6,29,223,5,7
2019,BMW,X4 M40i,Véhicule utilitaire sport : petit,3.0,6,AS8,Z,11.9,8.7,10.4,27,245,5,5
2019,BMW,X5 xDrive40i,Véhicule utilitaire sport : ordinaire,3.0,6,AS8,Z,11.7,9.1,10.5,27,245,5,3
2019,BMW,X5 xDrive50i,Véhicule utilitaire sport : ordinaire,4.4,8,AS8,Z,15.3,11.1,13.4,21,314,3,3
2019,BMW,X6 xDrive35i,Véhicule utilitaire sport : ordinaire,3.0,6,AS8,Z,13.0,9.9,11.6,24,272,4,3
2019,BMW,X6 xDrive50i,Véhicule utilitaire sport : ordinaire,4.4,8,AS8,Z,14.3,10.6,12.6,22,294,3,3
2019,BMW,X6 M,Véhicule utilitaire sport : ordinaire,4.4,8,AS8,Z,16.6,12.1,14.6,19,341,2,3
2019,BMW,X7 xDrive40i,Véhicule utilitaire sport : ordinaire,3.0,6,AS8,Z,12.0,9.4,10.8,26,254,4,3
2019,BMW,X7 xDrive50i,Véhicule utilitaire sport : ordinaire,4.4,8,AS8,Z,14.3,10.6,12.6,22,294,3,3
2019,BMW,Z4 sDrive30i,Deux places,2.0,4,AS8,Z,9.4,7.4,8.5,33,199,6,7
2019,Bugatti,Chiron,Deux places,8.0,16,AM7,Z,26.8,16.6,22.2,13,522,1,1
2019,Buick,Enclave,Véhicule utilitaire sport : ordinaire,3.6,6,A9,X,13.0,9.1,11.2,25,263,4,6
2019,Buick,Enclave AWD,Véhicule utilitaire sport : ordinaire,3.6,6,A9,X,13.8,9.5,11.9,24,278,4,6
2019,Buick,Encore,Véhicule utilitaire sport : petit,1.4,4,AS6,X,9.4,7.8,8.7,32,204,6,5
2019,Buick,Encore (SIDI with Stop/Start),Véhicule utilitaire sport : petit,1.4,4,AS6,X,8.9,7.5,8.3,34,194,6,3
2019,Buick,Encore AWD,Véhicule utilitaire sport : petit,1.4,4,AS6,X,9.9,8.1,9.1,31,214,5,5
2019,Buick,Encore AWD (SIDI with Stop/Start),Véhicule utilitaire sport : petit,1.4,4,AS6,X,9.4,7.9,8.8,32,205,6,3
2019,Buick,Envision AWD,Véhicule utilitaire sport : petit,2.0,4,A9,Z,11.7,9.4,10.7,26,249,4,5
2019,Buick,Envision AWD,Véhicule utilitaire sport : petit,2.5,4,A6,X,11.1,8.6,10.0,28,234,5,5
2019,Buick,LaCrosse eAssist,Intermédiaire,2.5,4,AS6,X,9.4,6.8,8.2,34,192,6,5
2019,Buick,LaCrosse,Intermédiaire,3.6,6,AS9,X,11.7,7.8,9.9,29,233,5,5
2019,Buick,LaCrosse AWD,Intermédiaire,3.6,6,AS9,X,11.7,8.2,10.1,28,238,5,5
2019,Buick,Regal,Intermédiaire,2.0,4,AS9,Z,10.6,7.4,9.1,31,214,5,5
2019,Buick,Regal AWD,Intermédiaire,2.0,4,AS8,Z,11.0,8.0,9.6,29,227,5,5
2019,Buick,Regal AWD,Intermédiaire,3.6,6,AS9,X,12.4,8.7,10.7,26,251,4,5
2019,Cadillac,CT6 AWD,Grande berline,3.0,6,AS10,Z,13.1,9.1,11.3,25,267,4,3
2019,Cadillac,CT6 AWD,Grande berline,3.6,6,AS10,X,13.0,8.8,11.1,25,261,4,5
2019,Cadillac,CT6 AWD,Grande berline,4.2,8,AS10,Z,17.3,9.5,13.8,20,324,3,3
2019,Cadillac,CTS,Intermédiaire,2.0,4,AS8,Z,11.0,7.8,9.5,30,222,5,5
2019,Cadillac,CTS,Intermédiaire,3.6,6,AS8,X,12.3,8.2,10.5,27,246,4,5
2019,Cadillac,CTS AWD,Intermédiaire,2.0,4,AS8,Z,11.4,8.1,9.9,29,232,5,5
2019,Cadillac,CTS AWD,Intermédiaire,3.6,6,AS8,X,13.3,9.2,11.5,25,269,4,5
2019,Cadillac,CTS Vsport,Intermédiaire,3.6,6,AS8,Z,15.0,9.9,12.7,22,298,3,3
2019,Cadillac,CTS-V,Intermédiaire,6.2,8,AS8,Z,17.1,11.0,14.3,20,337,2,1
2019,Cadillac,Escalade 4WD,Véhicule utilitaire sport : ordinaire,6.2,8,A10,Z,16.6,10.9,14.0,20,328,3,3
2019,Cadillac,XT4,Véhicule utilitaire sport : petit,2.0,4,AS9,Z,9.8,7.8,8.9,32,209,5,6
2019,Cadillac,XT4 AWD,Véhicule utilitaire sport : petit,2.0,4,AS9,Z,10.9,8.2,9.7,29,227,5,6
2019,Cadillac,XT5,Véhicule utilitaire sport : petit,3.6,6,AS8,X,12.1,8.9,10.6,27,250,4,6
2019,Cadillac,XT5 AWD,Véhicule utilitaire sport : petit,3.6,6,AS8,X,12.8,9.3,11.2,25,263,4,6
2019,Cadillac,XTS,Grande berline,3.6,6,AS6,X,12.9,8.7,11.0,26,259,4,5
2019,Cadillac,XTS AWD,Grande berline,3.6,6,AS6,X,13.7,9.0,11.6,24,272,4,5
2019,Cadillac,XTS Vsport AWD,Grande berline,3.6,6,AS6,Z,15.0,10.1,12.8,22,302,3,3
2019,Chevrolet,Blazer,Véhicule utilitaire sport : petit,2.5,4,A9,X,10.8,8.8,9.9,29,232,5,5
2019,Chevrolet,Blazer,Véhicule utilitaire sport : petit,3.6,6,A9,X,12.0,9.0,10.6,27,250,4,6
2019,Chevrolet,Blazer AWD,Véhicule utilitaire sport : petit,3.6,6,A9,X,12.7,9.5,11.3,25,265,4,6
2019,Chevrolet,Camaro,Sous-compacte,2.0,4,AS8,Z,10.8,7.7,9.4,30,220,5,5
2019,Chevrolet,Camaro,Sous-compacte,2.0,4,M6,Z,11.9,7.9,10.1,28,235,5,5
2019,Chevrolet,Camaro,Sous-compacte,3.6,6,AS8,X,12.3,8.2,10.4,27,246,5,5
2019,Chevrolet,Camaro,Sous-compacte,3.6,6,M6,X,14.3,8.8,11.8,24,277,4,5
2019,Chevrolet,Camaro SS,Sous-compacte,6.2,8,AS10,Z,14.5,8.8,12.0,24,279,4,1
2019,Chevrolet,Camaro SS,Sous-compacte,6.2,8,M6,Z,14.9,9.9,12.6,22,297,3,1
2019,Chevrolet,Camaro ZL1,Sous-compacte,6.2,8,AS10,Z,18.3,11.2,15.1,19,355,2,1
2019,Chevrolet,Camaro ZL1,Sous-compacte,6.2,8,M6,Z,17.2,12.0,14.9,19,349,2,1
2019,Chevrolet,Colorado,Camionnette : petite,2.5,4,A6,X,12.1,9.2,10.8,26,253,4,5
2019,Chevrolet,Colorado,Camionnette : petite,2.5,4,M6,X,11.9,9.2,10.7,26,251,4,5
2019,Chevrolet,Colorado,Camionnette : petite,2.8,4,A6,D,11.8,7.9,10.1,28,270,4,3
2019,Chevrolet,Colorado,Camionnette : petite,3.6,6,A8,X,13.4,9.6,11.7,24,274,4,5
2019,Chevrolet,Colorado 4WD,Camionnette : petite,2.5,4,A6,X,12.7,9.8,11.4,25,267,4,5
2019,Chevrolet,Colorado 4WD,Camionnette : petite,2.8,4,A6,D,12.2,8.4,10.5,27,283,4,3
2019,Chevrolet,Colorado 4WD,Camionnette : petite,3.6,6,A8,X,14.0,9.9,12.2,23,286,3,5
2019,Chevrolet,Colorado ZR2 4WD,Camionnette : petite,2.8,4,A6,D,13.3,10.6,12.1,23,326,3,3
2019,Chevrolet,Colorado ZR2 4WD,Camionnette : petite,3.6,6,A8,X,15.0,13.0,14.1,20,331,3,5
2019,Chevrolet,Corvette,Deux places,6.2,8,AS8,Z,15.6,9.2,12.7,22,299,3,1
2019,Chevrolet,Corvette,Deux places,6.2,8,M7,Z,14.6,9.3,12.2,23,286,3,1
2019,Chevrolet,Corvette Z06,Deux places,6.2,8,AS8,Z,17.2,10.1,14.0,20,331,3,1
2019,Chevrolet,Corvette Z06,Deux places,6.2,8,M7,Z,15.9,10.6,13.5,21,318,3,1
2019,Chevrolet,Corvette ZR1,Deux places,6.2,8,AS8,Z,19.5,12.0,16.1,18,381,2,1
2019,Chevrolet,Corvette ZR1,Deux places,6.2,8,M7,Z,18.2,12.5,15.6,18,368,2,1
2019,Chevrolet,Cruze,Compacte,1.4,4,AS6,X,8.3,6.2,7.3,39,172,7,6
2019,Chevrolet,Cruze Premier,Compacte,1.4,4,AS6,X,8.3,6.2,7.3,39,172,7,6
2019,Chevrolet,Cruze Diesel,Compacte,1.6,4,A9,D,7.6,4.9,6.4,44,172,7,3
2019,Chevrolet,Cruze Hatchback,Intermédiaire,1.4,4,AS6,X,8.3,6.2,7.3,39,172,7,6
2019,Chevrolet,Cruze Hatchback Premier,Intermédiaire,1.4,4,AS6,X,8.5,6.4,7.5,38,175,7,6
2019,Chevrolet,Cruze Hatchback Diesel,Intermédiaire,1.6,4,A9,D,7.8,5.2,6.6,43,178,7,3
2019,Chevrolet,Equinox,Véhicule utilitaire sport : petit,1.5,4,A6,X,9.2,7.3,8.3,34,196,6,5
2019,Chevrolet,Equinox,Véhicule utilitaire sport : petit,1.6,4,A6,D,8.5,6.0,7.4,38,199,6,3
2019,Chevrolet,Equinox AWD,Véhicule utilitaire sport : petit,1.5,4,A6,X,9.3,7.8,8.6,33,207,6,5
2019,Chevrolet,Equinox AWD,Véhicule utilitaire sport : petit,1.6,4,A6,D,8.5,6.1,7.4,38,199,6,3
2019,Chevrolet,Equinox AWD,Véhicule utilitaire sport : petit,2.0,4,A9,Z,10.9,8.3,9.7,29,228,5,5
2019,Chevrolet,Impala,Grande berline,2.5,4,AS6,X,10.8,8.0,9.6,29,225,5,3
2019,Chevrolet,Impala,Grande berline,3.6,6,AS6,X,12.7,8.5,10.8,26,254,4,5
2019,Chevrolet,Impala,Grande berline,3.6,6,AS6,E,17.2,11.6,14.6,19,245,5,5
2019,Chevrolet,Malibu,Intermédiaire,1.5,4,AV,X,8.2,6.6,7.5,38,174,7,6
2019,Chevrolet,Malibu,Intermédiaire,2.0,4,A9,Z,10.5,7.4,9.1,31,214,5,5
2019,Chevrolet,Malibu Hybrid,Intermédiaire,1.8,4,AV,X,4.8,5.5,5.1,55,121,10,5
2019,Chevrolet,Silverado,Camionnette : ordinaire,2.7,4,A8,X,11.9,10.3,11.1,25,261,4,6
2019,Chevrolet,Silverado,Camionnette : ordinaire,4.3,6,A6,X,15.1,11.5,13.5,21,316,3,6
2019,Chevrolet,Silverado,Camionnette : ordinaire,5.3,8,A6,X,15.9,11.4,13.9,20,326,3,5
2019,Chevrolet,Silverado FFV,Camionnette : ordinaire,5.3,8,A6,X,15.7,11.9,14.0,20,329,3,3
2019,Chevrolet,Silverado FFV,Camionnette : ordinaire,5.3,8,A6,E,21.1,15.0,18.4,15,306,3,3
2019,Chevrolet,Silverado,Camionnette : ordinaire,5.3,8,A8,X,14.1,10.2,12.4,23,290,3,5
2019,Chevrolet,Silverado 4WD,Camionnette : ordinaire,2.7,4,A8,X,12.5,10.8,11.7,24,275,4,6
2019,Chevrolet,Silverado 4WD,Camionnette : ordinaire,4.3,6,A6,X,15.8,11.9,14.0,20,329,3,6
2019,Chevrolet,Silverado 4WD Trail Boss,Camionnette : ordinaire,4.3,6,A6,X,16.3,12.9,14.8,19,347,2,6
2019,Chevrolet,Silverado 4WD,Camionnette : ordinaire,5.3,8,A6,X,15.9,11.7,14.0,20,329,3,5
2019,Chevrolet,Silverado 4WD FFV,Camionnette : ordinaire,5.3,8,A6,X,16.1,12.5,14.4,20,339,2,3
2019,Chevrolet,Silverado 4WD FFV,Camionnette : ordinaire,5.3,8,A6,E,22.0,16.1,19.3,15,322,3,3
2019,Chevrolet,Silverado 4WD Trail Boss,Camionnette : ordinaire,5.3,8,A6,X,16.5,13.0,14.9,19,350,2,5
2019,Chevrolet,Silverado 4WD,Camionnette : ordinaire,5.3,8,A8,X,14.9,10.8,13.1,22,306,3,5
2019,Chevrolet,Silverado 4WD Trail Boss,Camionnette : ordinaire,5.3,8,A8,X,15.3,11.8,13.7,21,320,3,5
2019,Chevrolet,Silverado 4WD,Camionnette : ordinaire,6.2,8,A10,Z,15.0,12.0,13.7,21,321,3,3
2019,Chevrolet,Silverado LD,Camionnette : ordinaire,5.3,8,A6,X,15.6,10.9,13.5,21,317,3,3
2019,Chevrolet,Silverado LD 4WD,Camionnette : ordinaire,5.3,8,A6,X,15.8,11.4,13.8,20,325,3,3
2019,Chevrolet,Spark,Sous-compacte,1.4,4,AV,X,7.9,6.2,7.1,40,167,8,5
2019,Chevrolet,Spark,Sous-compacte,1.4,4,M5,X,8.0,6.2,7.2,39,170,8,5
2019,Chevrolet,Suburban,Véhicule utilitaire sport : ordinaire,5.3,8,A6,X,15.7,10.5,13.4,21,314,3,3
2019,Chevrolet,Suburban FFV,Véhicule utilitaire sport : ordinaire,5.3,8,A6,X,15.7,10.5,13.4,21,314,3,3
2019,Chevrolet,Suburban FFV,Véhicule utilitaire sport : ordinaire,5.3,8,A6,E,21.2,13.9,17.9,16,298,3,3
2019,Chevrolet,Suburban 4WD,Véhicule utilitaire sport : ordinaire,5.3,8,A6,X,16.8,11.3,14.3,20,336,2,3
2019,Chevrolet,Suburban 4WD FFV,Véhicule utilitaire sport : ordinaire,5.3,8,A6,X,16.8,11.3,14.3,20,336,2,3
2019,Chevrolet,Suburban 4WD FFV,Véhicule utilitaire sport : ordinaire,5.3,8,A6,E,22.2,15.2,19.0,15,317,3,3
2019,Chevrolet,Suburban 4WD,Véhicule utilitaire sport : ordinaire,6.2,8,A10,Z,17.1,11.3,14.5,19,340,2,3
2019,Chevrolet,Tahoe,Véhicule utilitaire sport : ordinaire,5.3,8,A6,X,15.7,10.5,13.4,21,314,3,3
2019,Chevrolet,Tahoe FFV,Véhicule utilitaire sport : ordinaire,5.3,8,A6,X,15.7,10.5,13.4,21,314,3,3
2019,Chevrolet,Tahoe FFV,Véhicule utilitaire sport : ordinaire,5.3,8,A6,E,21.2,13.9,17.9,16,298,3,3
2019,Chevrolet,Tahoe 4WD,Véhicule utilitaire sport : ordinaire,5.3,8,A6,X,15.8,11.1,13.7,21,321,3,3
2019,Chevrolet,Tahoe 4WD FFV,Véhicule utilitaire sport : ordinaire,5.3,8,A6,X,15.8,11.1,13.7,21,321,3,3
2019,Chevrolet,Tahoe 4WD FFV,Véhicule utilitaire sport : ordinaire,5.3,8,A6,E,21.7,14.3,18.4,15,305,3,3
2019,Chevrolet,Tahoe 4WD,Véhicule utilitaire sport : ordinaire,6.2,8,A10,Z,16.4,10.7,13.8,20,325,3,3
2019,Chevrolet,Traverse,Véhicule utilitaire sport : ordinaire,3.6,6,A9,X,13.0,8.8,11.1,25,261,4,6
2019,Chevrolet,Traverse AWD,Véhicule utilitaire sport : ordinaire,3.6,6,A9,X,13.7,9.5,11.8,24,277,4,6
2019,Chevrolet,Trax,Véhicule utilitaire sport : petit,1.4,4,AS6,X,9.1,7.6,8.4,34,196,6,5
2019,Chevrolet,Trax,Véhicule utilitaire sport : petit,1.4,4,M6,X,9.4,6.9,8.3,34,194,6,5
2019,Chevrolet,Trax 4WD,Véhicule utilitaire sport : petit,1.4,4,AS6,X,9.9,8.1,9.1,31,214,5,5
2019,Chrysler,300,Grande berline,3.6,6,A8,X,12.4,7.8,10.3,27,242,5,3
2019,Chrysler,300 FFV,Grande berline,3.6,6,A8,X,12.4,7.8,10.3,27,242,5,3
2019,Chrysler,300 FFV,Grande berline,3.6,6,A8,E,17.1,10.6,14.2,20,234,5,3
2019,Chrysler,300,Grande berline,5.7,8,A8,X,14.7,9.4,12.3,23,289,3,3
2019,Chrysler,300 AWD,Grande berline,3.6,6,A8,X,12.8,8.7,11.0,26,258,4,3
2019,Chrysler,300 AWD FFV,Grande berline,3.6,6,A8,X,12.8,8.7,11.0,26,258,4,3
2019,Chrysler,300 AWD FFV,Grande berline,3.6,6,A8,E,17.6,12.0,15.0,19,248,4,3
2019,Chrysler,Pacifica,Fourgonnette,3.6,6,A9,X,12.9,8.4,10.9,26,259,4,7
2019,Chrysler,Pacifica (Stop-Start),Fourgonnette,3.6,6,A9,X,12.4,8.4,10.6,27,249,4,7
2019,Dodge,Challenger,Intermédiaire,3.6,6,A8,X,12.4,7.8,10.3,27,242,5,3
2019,Dodge,Challenger (MDS),Intermédiaire,5.7,8,A8,X,14.7,9.4,12.3,23,289,3,3
2019,Dodge,Challenger,Intermédiaire,5.7,8,M6,Z,15.6,10.1,13.1,22,307,3,1
2019,Dodge,Challenger,Intermédiaire,6.4,8,M6,Z,16.7,10.4,13.9,20,325,3,1
2019,Dodge,Challenger (MDS),Intermédiaire,6.4,8,A8,Z,15.8,9.6,13.0,22,304,3,1
2019,Dodge,Challenger GT AWD,Intermédiaire,3.6,6,A8,X,12.8,8.7,11.0,26,258,4,3
2019,Dodge,Challenger SRT Hellcat,Intermédiaire,6.2,8,A8,Z,17.6,10.7,14.5,19,339,2,1
2019,Dodge,Challenger SRT Hellcat,Intermédiaire,6.2,8,M6,Z,18.1,11.4,15.1,19,352,2,1
2019,Dodge,Challenger SRT Hellcat Redeye,Intermédiaire,6.2,8,A8,Z,17.6,10.7,14.5,19,339,2,1
2019,Dodge,Charger,Grande berline,3.6,6,A5,X,13.7,9.0,11.6,24,271,4,3
2019,Dodge,Charger FFV,Grande berline,3.6,6,A5,X,13.7,9.0,11.6,24,271,4,3
2019,Dodge,Charger FFV,Grande berline,3.6,6,A5,E,18.9,12.7,16.1,18,268,4,3
2019,Dodge,Charger,Grande berline,3.6,6,A8,X,12.4,7.8,10.3,27,242,5,3
2019,Dodge,Charger FFV,Grande berline,3.6,6,A8,X,12.4,7.8,10.3,27,242,5,3
2019,Dodge,Charger FFV,Grande berline,3.6,6,A8,E,17.1,10.6,14.2,20,234,5,3
2019,Dodge,Charger (MDS),Grande berline,5.7,8,A5,X,15.6,9.7,12.9,22,302,3,3
2019,Dodge,Charger (MDS),Grande berline,5.7,8,A8,X,14.7,9.4,12.3,23,289,3,3
2019,Dodge,Charger (MDS),Grande berline,6.4,8,A8,Z,15.8,9.6,13.0,22,304,3,1
2019,Dodge,Charger AWD,Grande berline,3.6,6,A8,X,12.8,8.7,11.0,26,258,4,3
2019,Dodge,Charger AWD FFV,Grande berline,3.6,6,A8,X,12.8,8.7,11.0,26,258,4,3
2019,Dodge,Charger AWD FFV,Grande berline,3.6,6,A8,E,17.6,12.0,15.0,19,248,4,3
2019,Dodge,Charger AWD (MDS),Grande berline,5.7,8,A5,X,16.0,10.1,13.3,21,312,3,3
2019,Dodge,Charger SRT Hellcat,Grande berline,6.2,8,A8,Z,17.6,10.7,14.5,19,339,2,1
2019,Dodge,Durango AWD,Véhicule utilitaire sport : ordinaire,3.6,6,A8,X,12.7,9.6,11.3,25,265,4,5
2019,Dodge,Durango AWD,Véhicule utilitaire sport : ordinaire,5.7,8,A8,X,16.7,10.9,14.1,20,331,3,3
2019,Dodge,Durango AWD SRT,Véhicule utilitaire sport : ordinaire,6.4,8,A8,Z,18.3,12.2,15.6,18,363,2,1
2019,Dodge,Grand Caravan FFV,Fourgonnette,3.6,6,A6,X,13.7,9.4,11.8,24,276,4,3
2019,Dodge,Grand Caravan FFV,Fourgonnette,3.6,6,A6,E,19.4,13.3,16.7,17,274,4,3
2019,Dodge,Journey,Véhicule utilitaire sport : petit,2.4,4,A4,X,12.7,9.2,11.1,25,261,4,3
2019,Dodge,Journey FFV,Véhicule utilitaire sport : petit,3.6,6,A6,X,14.2,9.5,12.1,23,284,4,3
2019,Dodge,Journey FFV,Véhicule utilitaire sport : petit,3.6,6,A6,E,19.1,13.2,16.4,17,274,4,3
2019,Dodge,Journey AWD,Véhicule utilitaire sport : petit,3.6,6,A6,X,14.5,10.0,12.4,23,292,3,3
2019,FIAT,124 Spider,Deux places,1.4,4,A6,X,9.3,6.5,8.0,35,187,6,3
2019,FIAT,124 Spider,Deux places,1.4,4,M6,X,9.0,6.7,7.9,36,185,7,3
2019,FIAT,500,Minicompacte,1.4,4,A6,X,9.7,7.4,8.7,32,203,6,3
2019,FIAT,500,Minicompacte,1.4,4,M5,X,8.5,7.1,7.9,36,186,7,3
2019,FIAT,500L,Familiale : petite,1.4,4,A6,X,10.7,7.9,9.4,30,221,5,3
2019,FIAT,500X AWD,Véhicule utilitaire sport : petit,1.3,4,A9,X,10.0,7.9,9.1,31,213,5,6
2019,Ford,EcoSport,Véhicule utilitaire sport : petit,1.0,3,AS6,X,8.6,8.1,8.4,34,196,6,5
2019,Ford,EcoSport AWD,Véhicule utilitaire sport : petit,2.0,4,AS6,X,10.2,8.0,9.3,30,218,5,5
2019,Ford,Edge,Véhicule utilitaire sport : petit,2.0,4,AS8,X,10.9,8.0,9.6,29,224,5,5
2019,Ford,Edge AWD,Véhicule utilitaire sport : petit,2.0,4,AS8,X,11.4,8.3,10.0,28,233,5,5
2019,Ford,Edge AWD,Véhicule utilitaire sport : petit,2.7,6,AS8,X,12.6,9.2,11.0,26,259,4,5
2019,Ford,Escape,Véhicule utilitaire sport : petit,1.5,4,AS6,X,10.2,7.8,9.1,31,214,5,7
2019,Ford,Escape FFV,Véhicule utilitaire sport : petit,2.5,4,AS6,X,11.0,8.0,9.6,29,226,5,3
2019,Ford,Escape FFV,Véhicule utilitaire sport : petit,2.5,4,AS6,E,15.0,10.8,13.1,22,218,5,3
2019,Ford,Escape AWD,Véhicule utilitaire sport : petit,1.5,4,AS6,X,11.2,8.4,9.9,29,232,5,7
2019,Ford,Escape AWD,Véhicule utilitaire sport : petit,2.0,4,AS6,X,11.5,8.7,10.2,28,239,5,5
2019,Ford,Expedition 4X4,Véhicule utilitaire sport : ordinaire,3.5,6,AS10,X,14.1,10.6,12.5,23,293,3,5
2019,Ford,Expedition MAX 4X4,Véhicule utilitaire sport : ordinaire,3.5,6,AS10,X,14.7,11.2,13.1,22,307,3,5
2019,Ford,Explorer AWD,Véhicule utilitaire sport : ordinaire,2.3,4,AS6,X,13.1,9.2,11.4,25,267,4,3
2019,Ford,Explorer AWD,Véhicule utilitaire sport : ordinaire,3.5,6,AS6,X,15.2,10.9,13.2,21,311,3,3
2019,Ford,Explorer FFV AWD,Véhicule utilitaire sport : ordinaire,3.5,6,AS6,X,14.5,10.6,12.7,22,299,3,3
2019,Ford,Explorer FFV AWD,Véhicule utilitaire sport : ordinaire,3.5,6,AS6,E,19.8,14.3,17.3,16,288,3,3
2019,Ford,F-150,Camionnette : ordinaire,2.7,6,AS10,X,12.0,9.0,10.6,27,249,4,5
2019,Ford,F-150 (LT Tire Pkg),Camionnette : ordinaire,2.7,6,AS10,X,12.4,9.4,11.1,25,260,4,5
2019,Ford,F-150 (Payload Pkg),Camionnette : ordinaire,2.7,6,AS10,X,12.4,9.4,11.1,25,260,4,5
2019,Ford,F-150,Camionnette : ordinaire,3.0,6,AS10,D,10.8,8.0,9.5,30,256,4,1
2019,Ford,F-150 (LT Tire Pkg),Camionnette : ordinaire,3.0,6,AS10,D,10.8,8.4,9.7,29,260,4,1
2019,Ford,F-150 FFV,Camionnette : ordinaire,3.3,6,AS6,X,12.2,9.3,10.9,26,256,4,5
2019,Ford,F-150 FFV,Camionnette : ordinaire,3.3,6,AS6,E,16.7,12.6,14.9,19,247,4,5
2019,Ford,F-150 FFV (LT Tire Pkg),Camionnette : ordinaire,3.3,6,AS6,X,12.4,9.8,11.2,25,263,4,5
2019,Ford,F-150 FFV (LT Tire Pkg),Camionnette : ordinaire,3.3,6,AS6,E,16.7,12.6,14.9,19,247,4,5
2019,Ford,F-150,Camionnette : ordinaire,3.5,6,AS10,X,13.5,10.1,12.0,24,281,4,5
2019,Ford,F-150 (LT Tire Pkg),Camionnette : ordinaire,3.5,6,AS10,X,13.8,10.7,12.4,23,291,3,5
2019,Ford,F-150 (Payload Pkg),Camionnette : ordinaire,3.5,6,AS10,X,13.9,11.2,12.7,22,298,3,5
2019,Ford,F-150 FFV,Camionnette : ordinaire,5.0,8,AS10,X,13.9,10.2,12.2,23,287,3,3
2019,Ford,F-150 FFV,Camionnette : ordinaire,5.0,8,AS10,E,20.3,14.0,17.4,16,290,3,3
2019,Ford,F-150 FFV (LT Tire Pkg),Camionnette : ordinaire,5.0,8,AS10,X,14.7,11.2,13.1,22,308,3,3
2019,Ford,F-150 FFV (LT Tire Pkg),Camionnette : ordinaire,5.0,8,AS10,E,20.3,14.0,17.5,16,290,3,3
2019,Ford,F-150 FFV (Payload Pkg),Camionnette : ordinaire,5.0,8,AS10,X,15.6,11.8,13.9,20,326,3,3
2019,Ford,F-150 FFV (Payload Pkg),Camionnette : ordinaire,5.0,8,AS10,E,20.4,14.0,17.5,16,291,3,3
2019,Ford,F-150 4X4,Camionnette : ordinaire,2.7,6,AS10,X,12.7,9.8,11.4,25,268,4,5
2019,Ford,F-150 4X4 (LT Tire Pkg),Camionnette : ordinaire,2.7,6,AS10,X,13.1,10.2,11.8,24,277,4,5
2019,Ford,F-150 4X4 (Payload Pkg),Camionnette : ordinaire,2.7,6,AS10,X,13.1,10.2,11.8,24,277,4,5
2019,Ford,F-150 4X4,Camionnette : ordinaire,3.0,6,AS10,D,11.8,9.3,10.7,26,287,3,1
2019,Ford,F-150 4X4 (LT Tire Pkg),Camionnette : ordinaire,3.0,6,AS10,D,11.8,9.3,10.7,26,287,3,1
2019,Ford,F-150 4X4 XL/XLT,Camionnette : ordinaire,3.0,6,AS10,D,11.2,8.3,9.9,29,266,4,1
2019,Ford,F-150 FFV 4X4,Camionnette : ordinaire,3.3,6,AS6,X,12.8,10.2,11.6,24,273,4,5
2019,Ford,F-150 FFV 4X4,Camionnette : ordinaire,3.3,6,AS6,E,17.5,13.8,15.8,18,263,4,5
2019,Ford,F-150 FFV 4X4 (LT Tire Pkg),Camionnette : ordinaire,3.3,6,AS6,X,13.8,10.7,12.4,23,291,3,5
2019,Ford,F-150 FFV 4X4 (LT Tire Pkg),Camionnette : ordinaire,3.3,6,AS6,E,17.5,13.7,15.8,18,263,4,5
2019,Ford,F-150 4X4,Camionnette : ordinaire,3.5,6,AS10,X,14.3,10.5,12.5,23,295,3,5
2019,Ford,F-150 4X4 (LT Tire Pkg),Camionnette : ordinaire,3.5,6,AS10,X,14.7,10.7,12.9,22,303,3,5
2019,Ford,F-150 4X4 (Payload Pkg),Camionnette : ordinaire,3.5,6,AS10,X,14.7,11.2,13.1,22,308,3,5
2019,Ford,F-150 4X4 Limited,Camionnette : ordinaire,3.5,6,AS10,X,13.8,11.2,12.6,22,296,3,5
2019,Ford,F-150 FFV 4X4,Camionnette : ordinaire,5.0,8,AS10,X,15.1,11.0,13.3,21,312,3,3
2019,Ford,F-150 FFV 4X4,Camionnette : ordinaire,5.0,8,AS10,E,20.0,15.6,18.0,16,300,3,3
2019,Ford,F-150 FFV 4X4 (LT Tire Pkg),Camionnette : ordinaire,5.0,8,AS10,X,15.7,11.8,13.9,20,326,3,3
2019,Ford,F-150 FFV 4X4 (LT Tire Pkg),Camionnette : ordinaire,5.0,8,AS10,E,20.0,15.6,18.0,16,300,3,3
2019,Ford,F-150 FFV 4X4 (Payload Pkg),Camionnette : ordinaire,5.0,8,AS10,X,16.8,12.4,14.8,19,347,2,3
2019,Ford,F-150 FFV 4X4 (Payload Pkg),Camionnette : ordinaire,5.0,8,AS10,E,21.3,17.2,19.5,14,323,3,3
2019,Ford,F-150 Raptor 4X4,Camionnette : ordinaire,3.5,6,AS10,X,15.3,13.1,14.3,20,336,2,5
2019,Ford,Flex,Véhicule utilitaire sport : ordinaire,3.5,6,AS6,X,14.7,10.2,12.7,22,298,3,3
2019,Ford,Flex AWD,Véhicule utilitaire sport : ordinaire,3.5,6,AS6,X,14.7,10.7,12.9,22,303,3,3
2019,Ford,Flex AWD GTDI,Véhicule utilitaire sport : ordinaire,3.5,6,AS6,X,15.7,11.2,13.7,21,322,3,3
2019,Ford,Fiesta,Sous-compacte,1.6,4,AM6,X,8.6,6.4,7.6,37,178,7,3
2019,Ford,Fiesta,Sous-compacte,1.6,4,M5,X,8.8,6.8,7.9,36,184,7,3
2019,Ford,Fiesta ST,Sous-compacte,1.6,4,M6,X,9.2,7.4,8.4,34,196,6,3
2019,Ford,Fusion,Intermédiaire,1.5,4,AS6,X,10.0,7.0,8.7,32,204,6,7
2019,Ford,Fusion Hybrid,Intermédiaire,2.0,4,AV,X,5.5,5.6,5.6,50,131,9,7
2019,Ford,GT,Deux places,3.5,6,AM7,Z,20.4,13.1,17.1,17,402,1,3
2019,Ford,Mustang,Sous-compacte,2.3,4,AS10,X,11.2,7.3,9.4,30,221,5,5
2019,Ford,Mustang (Performance Pkg),Sous-compacte,2.3,4,AS10,X,11.8,8.4,10.3,27,242,5,5
2019,Ford,Mustang,Sous-compacte,2.3,4,M6,X,11.2,7.9,9.7,29,227,5,5
2019,Ford,Mustang (Performance Pkg),Sous-compacte,2.3,4,M6,X,11.8,8.7,10.4,27,244,5,5
2019,Ford,Mustang,Sous-compacte,5.0,8,AS10,X,15.0,9.1,12.3,23,289,3,3
2019,Ford,Mustang,Sous-compacte,5.0,8,M6,X,16.1,9.9,13.3,21,311,3,3
2019,Ford,Mustang Bullitt,Sous-compacte,5.0,8,M6,X,16.1,9.9,13.3,21,311,3,3
2019,Ford,Mustang Convertible,Sous-compacte,2.3,4,AS10,X,11.9,8.4,10.4,27,243,5,5
2019,Ford,Mustang Convertible,Sous-compacte,2.3,4,M6,X,11.8,8.4,10.3,27,241,5,5
2019,Ford,Mustang Convertible,Sous-compacte,5.0,8,AS10,X,15.4,9.7,12.9,22,302,3,3
2019,Ford,Ranger 4WD,Camionnette : ordinaire,2.3,4,AS10,X,11.8,9.8,10.9,26,256,4,3
2019,Ford,Shelby GT350 Mustang,Sous-compacte,5.2,8,M6,Z,17.2,11.3,14.6,19,341,2,3
2019,Ford,T-150 Wagon,Fourgon : passager,3.5,6,AS6,X,16.2,12.8,14.7,19,346,2,1
2019,Ford,T-150 Wagon,Fourgon : passager,3.7,6,AS6,X,16.9,13.1,15.2,19,355,2,1
2019,Ford,Taurus FFV,Grande berline,3.5,6,AS6,X,13.5,9.0,11.5,25,270,4,3
2019,Ford,Taurus FFV,Grande berline,3.5,6,AS6,E,17.8,12.1,15.2,19,254,4,3
2019,Ford,Taurus AWD,Grande berline,3.5,6,AS6,X,14.6,10.0,12.5,23,294,3,3
2019,Ford,Taurus FFV AWD,Grande berline,3.5,6,AS6,X,14.0,9.9,12.4,23,291,3,3
2019,Ford,Taurus FFV AWD,Grande berline,3.5,6,AS6,E,18.5,13.0,16.0,18,267,4,3
2019,Ford,Transit Connect Van,Véhicule à usage spécial,2.0,4,AS8,X,9.8,8.8,9.3,30,219,5,6
2019,Ford,Transit Connect Van FFV,Véhicule à usage spécial,2.0,4,AS8,X,9.8,8.8,9.3,30,219,5,5
2019,Ford,Transit Connect Van FFV,Véhicule à usage spécial,2.0,4,AS8,E,13.3,11.8,12.6,22,209,5,5
2019,Ford,Transit Connect Van,Véhicule à usage spécial,2.5,4,AS6,X,12.0,8.8,10.6,27,247,4,5
2019,Ford,Transit Connect Wagon LWB,Véhicule à usage spécial,2.0,4,AS8,X,9.9,8.2,9.2,31,214,5,6
2019,Ford,Transit Connect Wagon LWB FFV,Véhicule à usage spécial,2.0,4,AS8,X,9.9,8.2,9.2,31,214,5,5
2019,Ford,Transit Connect Wagon LWB FFV,Véhicule à usage spécial,2.0,4,AS8,E,13.7,11.1,12.5,23,208,6,5
2019,Ford,Transit Connect Wagon LWB,Véhicule à usage spécial,2.5,4,AS6,X,12.1,9.0,10.7,26,251,4,5
2019,Genesis,G70,Compacte,2.0,4,M6,Z,12.8,8.5,10.9,26,255,4,3
2019,Genesis,G70 AWD,Compacte,2.0,4,AS8,Z,11.5,8.7,10.3,27,241,5,3
2019,Genesis,G70 AWD,Compacte,3.3,6,AS8,Z,14.1,9.5,12.0,24,284,3,3
2019,Genesis,G80 AWD,Grande berline,3.3,6,AS8,Z,13.8,9.7,11.9,24,282,4,3
2019,Genesis,G80 AWD,Grande berline,3.8,6,AS8,X,13.4,9.6,11.7,24,276,4,5
2019,Genesis,G80 AWD,Grande berline,5.0,8,AS8,Z,15.6,10.4,13.2,21,312,3,5
2019,Genesis,G90 AWD,Grande berline,3.3,6,AS8,Z,13.7,9.7,11.9,24,279,4,3
2019,Genesis,G90 AWD,Grande berline,5.0,8,AS8,Z,15.2,10.2,13.0,22,306,3,5
2019,GMC,Acadia,Véhicule utilitaire sport : ordinaire,2.5,4,A6,X,11.1,9.2,10.2,28,237,5,5
2019,GMC,Acadia,Véhicule utilitaire sport : ordinaire,3.6,6,A6,X,13.1,9.4,11.4,25,268,4,6
2019,GMC,Acadia AWD,Véhicule utilitaire sport : ordinaire,2.5,4,A6,X,11.3,9.4,10.5,27,248,4,5
2019,GMC,Acadia AWD,Véhicule utilitaire sport : ordinaire,3.6,6,A6,X,13.5,9.5,11.7,24,275,4,6
2019,GMC,Canyon,Camionnette : petite,2.5,4,A6,X,12.1,9.2,10.8,26,253,4,5
2019,GMC,Canyon,Camionnette : petite,2.5,4,M6,X,11.9,9.2,10.7,26,251,4,5
2019,GMC,Canyon,Camionnette : petite,2.8,4,A6,D,11.8,7.9,10.1,28,270,4,3
2019,GMC,Canyon,Camionnette : petite,3.6,6,A8,X,13.4,9.6,11.7,24,274,4,5
2019,GMC,Canyon 4WD,Camionnette : petite,2.5,4,A6,X,12.7,9.8,11.4,25,267,4,5
2019,GMC,Canyon 4WD,Camionnette : petite,2.8,4,A6,D,12.2,8.4,10.5,27,283,4,3
2019,GMC,Canyon 4WD,Camionnette : petite,3.6,6,A8,X,14.0,9.9,12.2,23,286,3,5
2019,GMC,Sierra,Camionnette : ordinaire,2.7,4,A8,X,11.9,10.3,11.1,25,261,4,6
2019,GMC,Sierra,Camionnette : ordinaire,4.3,6,A6,X,15.1,11.5,13.5,21,317,3,6
2019,GMC,Sierra,Camionnette : ordinaire,5.3,8,A6,X,15.9,11.4,13.9,20,326,3,5
2019,GMC,Sierra FFV,Camionnette : ordinaire,5.3,8,A6,X,15.7,11.9,14.0,20,329,3,3
2019,GMC,Sierra FFV,Camionnette : ordinaire,5.3,8,A6,E,21.1,15.0,18.4,15,306,3,3
2019,GMC,Sierra,Camionnette : ordinaire,5.3,8,A8,X,14.3,10.4,12.5,23,294,3,5
2019,GMC,Sierra 4WD,Camionnette : ordinaire,2.7,4,A8,X,12.6,10.9,11.8,24,277,4,6
2019,GMC,Sierra 4WD,Camionnette : ordinaire,4.3,6,A6,X,15.8,11.9,14.0,20,329,3,6
2019,GMC,Sierra 4WD,Camionnette : ordinaire,5.3,8,A6,X,15.9,11.7,14.0,20,330,3,5
2019,GMC,Sierra 4WD FFV,Camionnette : ordinaire,5.3,8,A6,X,16.0,12.5,14.4,20,339,2,3
2019,GMC,Sierra 4WD FFV,Camionnette : ordinaire,5.3,8,A6,E,22.0,16.1,19.4,15,323,3,3
2019,GMC,Sierra 4WD,Camionnette : ordinaire,5.3,8,A8,X,15.3,11.2,13.5,21,316,3,5
2019,GMC,Sierra 4WD AT4,Camionnette : ordinaire,5.3,8,A8,X,15.3,11.8,13.7,21,320,3,5
2019,GMC,Sierra 4WD,Camionnette : ordinaire,6.2,8,A10,Z,15.5,11.9,13.9,20,326,3,3
2019,GMC,Sierra 4WD AT4,Camionnette : ordinaire,6.2,8,A10,Z,15.7,12.4,14.2,20,332,3,3
2019,GMC,Sierra LTD,Camionnette : ordinaire,5.3,8,A6,X,15.6,10.9,13.5,21,317,3,3
2019,GMC,Sierra LTD 4WD,Camionnette : ordinaire,5.3,8,A6,X,15.8,11.4,13.8,20,325,3,3
2019,GMC,Terrain,Véhicule utilitaire sport : petit,1.5,4,A9,X,9.2,7.9,8.6,33,201,6,5
2019,GMC,Terrain,Véhicule utilitaire sport : petit,1.6,4,A6,D,8.5,6.0,7.4,38,199,6,3
2019,GMC,Terrain AWD,Véhicule utilitaire sport : petit,1.5,4,A9,X,9.6,8.3,9.0,31,210,5,5
2019,GMC,Terrain AWD,Véhicule utilitaire sport : petit,1.6,4,A6,D,8.5,6.1,7.4,38,199,6,3
2019,GMC,Terrain AWD,Véhicule utilitaire sport : petit,2.0,4,A9,Z,11.2,9.0,10.2,28,239,5,5
2019,GMC,Yukon,Véhicule utilitaire sport : ordinaire,5.3,8,A6,X,15.7,10.5,13.4,21,314,3,3
2019,GMC,Yukon FFV,Véhicule utilitaire sport : ordinaire,5.3,8,A6,X,15.7,10.5,13.4,21,314,3,3
2019,GMC,Yukon FFV,Véhicule utilitaire sport : ordinaire,5.3,8,A6,E,21.2,13.9,17.9,16,298,3,3
2019,GMC,Yukon 4WD,Véhicule utilitaire sport : ordinaire,5.3,8,A6,X,15.8,11.1,13.7,21,321,3,3
2019,GMC,Yukon 4WD FFV,Véhicule utilitaire sport : ordinaire,5.3,8,A6,X,15.8,11.1,13.7,21,321,3,3
2019,GMC,Yukon 4WD FFV,Véhicule utilitaire sport : ordinaire,5.3,8,A6,E,21.7,14.3,18.4,15,305,3,3
2019,GMC,Yukon 4WD,Véhicule utilitaire sport : ordinaire,6.2,8,A10,Z,16.4,10.7,13.8,20,325,3,3
2019,GMC,Yukon XL,Véhicule utilitaire sport : ordinaire,5.3,8,A6,X,15.7,10.5,13.4,21,314,3,3
2019,GMC,Yukon XL FFV,Véhicule utilitaire sport : ordinaire,5.3,8,A6,X,15.7,10.5,13.4,21,314,3,3
2019,GMC,Yukon XL FFV,Véhicule utilitaire sport : ordinaire,5.3,8,A6,E,21.2,13.9,17.9,16,298,3,3
2019,GMC,Yukon XL 4WD,Véhicule utilitaire sport : ordinaire,5.3,8,A6,X,16.8,11.3,14.3,20,336,2,3
2019,GMC,Yukon XL 4WD FFV,Véhicule utilitaire sport : ordinaire,5.3,8,A6,X,16.8,11.3,14.3,20,336,2,3
2019,GMC,Yukon XL 4WD FFV,Véhicule utilitaire sport : ordinaire,5.3,8,A6,E,22.2,15.2,19.0,15,317,3,3
2019,GMC,Yukon XL 4WD,Véhicule utilitaire sport : ordinaire,6.2,8,A10,Z,17.1,11.3,14.5,19,340,2,3
2019,Honda,Accord,Grande berline,1.5,4,AV,X,7.9,6.3,7.2,39,168,8,7
2019,Honda,Accord,Grande berline,1.5,4,AV7,X,8.2,6.8,7.6,37,177,7,7
2019,Honda,Accord,Grande berline,1.5,4,M6,X,8.9,6.7,7.9,36,185,7,6
2019,Honda,Accord,Grande berline,2.0,4,M6,X,10.7,7.3,9.2,31,214,5,6
2019,Honda,Accord Sport/Touring,Intermédiaire,2.0,4,AS10,X,10.4,7.4,9.1,31,211,5,7
2019,Honda,Accord Hybrid,Grande berline,2.0,4,AV,X,5.0,5.0,5.0,56,117,10,7
2019,Honda,Civic Coupe,Compacte,1.5,4,AV7,X,7.8,6.4,7.2,39,167,8,3
2019,Honda,Civic Coupe,Compacte,2.0,4,AV,X,7.8,6.1,7.1,40,164,8,3
2019,Honda,Civic Coupe,Compacte,2.0,4,AV7,X,8.3,6.6,7.5,38,176,7,3
2019,Honda,Civic Coupe,Compacte,2.0,4,M6,X,9.3,6.7,8.1,35,189,6,3
2019,Honda,Civic Coupe Si,Compacte,1.5,4,M6,Z,8.4,6.2,7.4,38,173,7,3
2019,Honda,Civic Hatchback,Grande berline,1.5,4,AV,X,7.7,6.0,6.9,41,162,8,3
2019,Honda,Civic Hatchback,Grande berline,1.5,4,AV7,X,7.9,6.6,7.3,39,170,7,3
2019,Honda,Civic Hatchback,Grande berline,1.5,4,M6,X,8.0,6.2,7.2,39,167,8,3
2019,Honda,Civic Hatchback Sport,Grande berline,1.5,4,AV7,Z,7.9,6.6,7.3,39,170,7,3
2019,Honda,Civic Hatchback Sport,Grande berline,1.5,4,M6,Z,8.0,6.2,7.2,39,167,8,3
2019,Honda,Civic Sedan,Intermédiaire,1.5,4,AV7,X,7.8,6.2,7.1,40,165,8,3
2019,Honda,Civic Sedan,Intermédiaire,2.0,4,AV,X,7.9,6.1,7.1,40,167,8,3
2019,Honda,Civic Sedan,Intermédiaire,2.0,4,AV7,X,8.2,6.5,7.4,38,172,7,3
2019,Honda,Civic Sedan,Intermédiaire,2.0,4,M6,X,9.3,6.5,8.0,35,186,7,3
2019,Honda,Civic Sedan Si,Intermédiaire,1.5,4,M6,Z,8.4,6.2,7.4,38,173,7,3
2019,Honda,Civic Type R,Grande berline,2.0,4,M6,Z,10.6,8.3,9.6,29,224,5,3
2019,Honda,CR-V,Véhicule utilitaire sport : petit,1.5,4,AV,X,8.4,7.0,7.8,36,181,7,5
2019,Honda,CR-V AWD,Véhicule utilitaire sport : petit,1.5,4,AV,X,8.7,7.2,8.0,35,188,6,5
2019,Honda,Fit,Familiale : petite,1.5,4,AV,X,7.0,5.9,6.5,43,151,8,7
2019,Honda,Fit,Familiale : petite,1.5,4,AV7,X,7.6,6.5,7.0,40,166,8,7
2019,Honda,Fit,Familiale : petite,1.5,4,M6,X,8.1,6.6,7.4,38,174,7,3
2019,Honda,HR-V,Familiale : petite,1.8,4,AV,X,8.4,7.0,7.8,36,181,7,5
2019,Honda,HR-V AWD,Familiale : petite,1.8,4,AV,X,8.8,7.5,8.2,34,193,6,5
2019,Honda,HR-V AWD,Familiale : petite,1.8,4,AV7,X,9.1,7.7,8.5,33,199,6,5
2019,Honda,Insight EX,Intermédiaire,1.5,4,AV,X,4.6,5.3,4.9,58,114,10,7
2019,Honda,Insight Touring,Intermédiaire,1.5,4,AV,X,4.6,5.3,4.9,58,114,10,7
2019,Honda,Odyssey,Fourgonnette,3.5,6,AS9,X,12.6,8.4,10.7,26,252,4,3
2019,Honda,Odyssey Touring,Fourgonnette,3.5,6,AS10,X,12.2,8.5,10.6,27,247,4,3
2019,Honda,Passport AWD,Véhicule utilitaire sport : petit,3.5,6,A9,X,12.5,9.8,11.3,25,265,4,3
2019,Honda,Pilot,Véhicule utilitaire sport : petit,3.5,6,A6,X,12.4,8.7,10.7,26,250,4,3
2019,Honda,Pilot AWD,Véhicule utilitaire sport : petit,3.5,6,A6,X,13.0,9.3,11.3,25,266,4,3
2019,Honda,Pilot AWD,Véhicule utilitaire sport : petit,3.5,6,AS9,X,12.4,9.3,11.0,26,257,4,3
2019,Honda,Ridgeline AWD,Camionnette : ordinaire,3.5,6,A6,X,12.8,9.5,11.3,25,263,4,3
2019,Hyundai,Accent,Compacte,1.6,4,AS6,X,8.2,6.2,7.3,39,172,7,3
2019,Hyundai,Accent,Compacte,1.6,4,M6,X,8.2,6.3,7.3,39,173,7,3
2019,Hyundai,Elantra,Intermédiaire,1.6,4,AM7,X,8.9,7.0,8.1,35,189,6,3
2019,Hyundai,Elantra,Intermédiaire,1.6,4,M6,X,10.7,7.8,9.4,30,221,5,3
2019,Hyundai,Elantra,Intermédiaire,2.0,4,AS6,X,8.3,6.4,7.4,38,174,7,5
2019,Hyundai,Elantra,Intermédiaire,2.0,4,M6,X,9.2,6.5,8.0,35,188,6,5
2019,Hyundai,Elantra GT,Grande berline,1.6,4,AM7,X,9.7,7.4,8.6,33,205,6,5
2019,Hyundai,Elantra GT,Grande berline,1.6,4,M6,X,10.3,7.9,9.2,31,218,5,5
2019,Hyundai,Elantra GT,Grande berline,2.0,4,AS6,X,9.4,7.1,8.4,34,200,6,5
2019,Hyundai,Elantra GT,Grande berline,2.0,4,M6,X,9.8,7.4,8.7,32,207,6,5
2019,Hyundai,IONIQ,Grande berline,1.6,4,AM6,X,4.3,4.4,4.3,66,104,10,7
2019,Hyundai,IONIQ Blue,Grande berline,1.6,4,AM6,X,4.2,4.0,4.1,69,96,10,7
2019,Hyundai,Kona,Véhicule utilitaire sport : petit,2.0,4,AS6,X,8.6,7.0,7.9,36,186,7,5
2019,Hyundai,Kona AWD,Véhicule utilitaire sport : petit,1.6,4,AM7,X,9.0,8.0,8.6,33,201,6,5
2019,Hyundai,Kona AWD,Véhicule utilitaire sport : petit,2.0,4,AS6,X,9.2,7.8,8.6,33,202,6,5
2019,Hyundai,Santa Fe,Véhicule utilitaire sport : petit,2.4,4,AS8,X,10.8,8.0,9.6,29,225,5,5
2019,Hyundai,Santa Fe AWD,Véhicule utilitaire sport : petit,2.0,4,AS8,X,12.3,9.8,11.2,25,262,4,5
2019,Hyundai,Santa Fe AWD,Véhicule utilitaire sport : petit,2.4,4,AS8,X,11.2,8.7,10.1,28,237,5,5
2019,Hyundai,Santa Fe XL,Véhicule utilitaire sport : petit,3.3,6,AS6,X,13.2,9.4,11.5,25,268,4,3
2019,Hyundai,Santa Fe XL AWD,Véhicule utilitaire sport : petit,3.3,6,AS6,X,13.4,9.7,11.7,24,276,4,3
2019,Hyundai,Santa Fe XL Ultimate AWD,Véhicule utilitaire sport : petit,3.3,6,AS6,X,14.1,10.8,12.6,22,297,3,3
2019,Hyundai,Sonata,Grande berline,2.0,4,AS8,X,10.4,7.4,9.1,31,212,5,5
2019,Hyundai,Sonata,Grande berline,2.4,4,AS6,X,9.3,7.1,8.3,34,198,6,7
2019,Hyundai,Sonata SE,Grande berline,2.4,4,AS6,X,9.2,6.8,8.1,35,190,6,7
2019,Hyundai,Sonata Hybrid,Intermédiaire,2.0,4,AM6,X,6.0,5.3,5.7,50,135,9,7
2019,Hyundai,Sonata Hybrid SE,Intermédiaire,2.0,4,AM6,X,5.9,5.1,5.6,50,132,9,7
2019,Hyundai,Tucson,Véhicule utilitaire sport : petit,2.0,4,AS6,X,10.0,7.9,9.1,31,216,5,5
2019,Hyundai,Tucson AWD,Véhicule utilitaire sport : petit,2.0,4,AS6,X,10.8,9.2,10.1,28,239,5,5
2019,Hyundai,Tucson AWD,Véhicule utilitaire sport : petit,2.4,4,AS6,X,11.0,9.1,10.1,28,240,5,5
2019,Hyundai,Veloster,Compacte,2.0,4,AS6,X,9.1,7.1,8.2,34,193,6,5
2019,Hyundai,Veloster,Compacte,2.0,4,M6,X,9.4,7.1,8.4,34,198,6,5
2019,Hyundai,Veloster N,Compacte,2.0,4,M6,Z,10.6,8.3,9.5,30,226,5,3
2019,Hyundai,Veloster Turbo,Compacte,1.6,4,AM7,X,8.5,6.9,7.8,36,184,7,5
2019,Hyundai,Veloster Turbo,Compacte,1.6,4,M6,X,9.4,7.0,8.3,34,197,6,5
2019,Infiniti,Q50 AWD,Intermédiaire,2.0,4,AS7,Z,10.7,8.6,9.7,29,229,5,3
2019,Infiniti,Q50 AWD,Intermédiaire,3.0,6,AS7,Z,12.4,8.7,10.8,26,253,4,3
2019,Infiniti,Q50 AWD Red Sport,Intermédiaire,3.0,6,AS7,Z,12.5,9.3,11.1,25,261,4,3
2019,Infiniti,Q60 AWD,Sous-compacte,2.0,4,AS7,Z,11.2,8.5,10.0,28,233,5,3
2019,Infiniti,Q60 AWD,Sous-compacte,3.0,6,AS7,Z,12.3,8.7,10.7,26,251,4,3
2019,Infiniti,Q60 AWD Red Sport,Sous-compacte,3.0,6,AS7,Z,12.5,9.2,11.0,26,259,4,3
2019,Infiniti,Q70 AWD,Intermédiaire,3.7,6,AS7,Z,13.2,9.8,11.7,24,275,4,3
2019,Infiniti,Q70 AWD,Intermédiaire,5.6,8,AS7,Z,14.9,10.2,12.8,22,301,3,3
2019,Infiniti,QX50 AWD,Véhicule utilitaire sport : petit,2.0,4,AV8,Z,10.0,7.8,9.0,31,211,5,5
2019,Infiniti,QX60 AWD,Véhicule utilitaire sport : petit,3.5,6,AV7,Z,12.5,9.0,10.9,26,257,4,3
2019,Infiniti,QX80 4WD,Véhicule utilitaire sport : ordinaire,5.6,8,AS7,Z,17.4,12.2,15.1,19,354,2,3
2019,Jaguar,E-PACE P250,Véhicule utilitaire sport : petit,2.0,4,AS9,Z,11.0,8.4,9.8,29,231,5,7
2019,Jaguar,F-PACE 20d,Véhicule utilitaire sport : petit,2.0,4,AS8,D,8.9,7.2,8.1,35,218,5,1
2019,Jaguar,F-PACE 25t,Véhicule utilitaire sport : petit,2.0,4,AS8,Z,10.7,8.8,9.9,29,227,5,7
2019,Jaguar,F-PACE 35t,Véhicule utilitaire sport : petit,3.0,6,AS8,Z,13.3,10.0,11.8,24,277,4,7
2019,Jaguar,F-TYPE Convertible,Deux places,2.0,4,AS8,Z,10.2,7.8,9.2,31,215,5,7
2019,Jaguar,F-TYPE Convertible,Deux places,3.0,6,AS8,Z,11.9,8.5,10.4,27,242,5,7
2019,Jaguar,F-TYPE Convertible,Deux places,3.0,6,M6,Z,14.9,9.8,12.6,22,296,3,7
2019,Jaguar,F-TYPE Convertible R-Dynamic,Deux places,3.0,6,AS8,Z,12.4,8.8,10.8,26,253,4,7
2019,Jaguar,F-TYPE Convertible R-Dynamic,Deux places,3.0,6,M6,Z,15.3,10.0,12.9,22,302,3,7
2019,Jaguar,F-TYPE Convertible R-Dynamic AWD,Deux places,3.0,6,AS8,Z,13.0,9.2,11.3,25,265,4,7
2019,Jaguar,F-TYPE Coupe,Deux places,2.0,4,AS8,Z,10.2,7.8,9.2,31,215,5,7
2019,Jaguar,F-TYPE Coupe,Deux places,3.0,6,AS8,Z,11.9,8.5,10.4,27,242,5,7
2019,Jaguar,F-TYPE Coupe,Deux places,3.0,6,M6,Z,14.9,9.8,12.6,22,296,3,7
2019,Jaguar,F-TYPE Coupe R-Dynamic,Deux places,3.0,6,AS8,Z,12.4,8.8,10.8,26,253,4,7
2019,Jaguar,F-TYPE Coupe R-Dynamic,Deux places,3.0,6,M6,Z,15.3,10.0,12.9,22,302,3,7
2019,Jaguar,F-TYPE Coupe R-Dynamic AWD,Deux places,3.0,6,AS8,Z,13.0,9.2,11.3,25,265,4,7
2019,Jaguar,F-TYPE R AWD Convertible,Deux places,5.0,8,AS8,Z,15.6,10.4,13.3,21,311,3,3
2019,Jaguar,F-TYPE R AWD Coupe,Deux places,5.0,8,AS8,Z,15.6,10.4,13.3,21,311,3,3
2019,Jaguar,XE 20d AWD,Compacte,2.0,4,AS8,D,7.8,5.8,6.9,41,186,7,1
2019,Jaguar,XE 25t AWD,Compacte,2.0,4,AS8,Z,9.8,6.9,8.5,33,200,6,7
2019,Jaguar,XE 35t AWD,Compacte,3.0,6,AS8,Z,11.8,8.2,10.2,28,238,5,7
2019,Jaguar,XF 20d AWD,Intermédiaire,2.0,4,AS8,D,7.8,5.8,6.9,41,186,7,1
2019,Jaguar,XF 25t AWD,Intermédiaire,2.0,4,AS8,Z,10.1,7.2,8.8,32,207,6,7
2019,Jaguar,XF 35t AWD,Intermédiaire,3.0,6,AS8,Z,12.0,8.4,10.4,27,243,5,7
2019,Jaguar,XJ R-Sport AWD,Grande berline,3.0,6,AS8,Z,14.0,9.0,11.8,24,276,4,7
2019,Jaguar,XJL Portfolio AWD,Grande berline,3.0,6,AS8,Z,14.0,9.4,11.9,24,280,4,7
2019,Jaguar,XJR LWB,Grande berline,5.0,8,AS8,Z,15.8,10.3,13.3,21,313,3,3
2019,Jeep,Cherokee,Véhicule utilitaire sport : petit,2.0,4,A9,X,10.4,7.6,9.1,31,214,5,5
2019,Jeep,Cherokee,Véhicule utilitaire sport : petit,2.4,4,A9,X,10.8,7.6,9.3,30,219,5,3
2019,Jeep,Cherokee,Véhicule utilitaire sport : petit,3.2,6,A9,X,11.9,8.2,10.2,28,240,5,5
2019,Jeep,Cherokee 4X4 Active Drive I,Véhicule utilitaire sport : petit,2.0,4,A9,X,11.2,8.0,9.8,29,229,5,5
2019,Jeep,Cherokee 4X4 Active Drive I,Véhicule utilitaire sport : petit,2.4,4,A9,X,11.2,8.0,9.8,29,230,5,3
2019,Jeep,Cherokee 4X4 Active Drive I,Véhicule utilitaire sport : petit,3.2,6,A9,X,12.2,8.6,10.6,27,249,4,5
2019,Jeep,Cherokee 4X4 Active Drive II,Véhicule utilitaire sport : petit,2.0,4,A9,X,11.5,8.6,10.2,28,240,5,5
2019,Jeep,Cherokee 4X4 Active Drive II,Véhicule utilitaire sport : petit,3.2,6,A9,X,12.8,9.0,11.1,25,259,4,5
2019,Jeep,Cherokee 4X4 Active Drive Lock,Véhicule utilitaire sport : petit,2.0,4,A9,X,11.8,9.2,10.6,27,249,4,5
2019,Jeep,Cherokee 4X4 Active Drive Lock,Véhicule utilitaire sport : petit,3.2,6,A9,X,12.9,9.9,11.6,24,269,4,5
2019,Jeep,Compass,Véhicule utilitaire sport : petit,2.4,4,A6,X,10.6,7.6,9.3,30,218,5,5
2019,Jeep,Compass,Véhicule utilitaire sport : petit,2.4,4,M6,X,10.4,7.3,9.0,31,211,5,3
2019,Jeep,Compass 4X4,Véhicule utilitaire sport : petit,2.4,4,A9,X,10.8,7.8,9.5,30,222,5,5
2019,Jeep,Compass 4X4,Véhicule utilitaire sport : petit,2.4,4,M6,X,10.8,7.6,9.4,30,221,5,3
2019,Jeep,Grand Cherokee 4X4 EcoDiesel,Véhicule utilitaire sport : ordinaire,3.0,6,A8,D,11.2,8.5,10.0,28,268,4,1
2019,Jeep,Grand Cherokee 4X4,Véhicule utilitaire sport : ordinaire,3.6,6,A8,X,12.7,9.6,11.3,25,265,4,5
2019,Jeep,Grand Cherokee 4X4,Véhicule utilitaire sport : ordinaire,5.7,8,A8,X,16.7,10.9,14.1,20,331,3,3
2019,Jeep,Grand Cherokee 4X4 SRT,Véhicule utilitaire sport : ordinaire,6.4,8,A8,Z,18.3,12.6,15.7,18,368,2,1
2019,Jeep,Grand Cherokee 4X4 Trackhawk,Véhicule utilitaire sport : ordinaire,6.2,8,A8,Z,20.9,13.8,17.7,16,413,1,1
2019,Jeep,Renegade,Véhicule utilitaire sport : petit,1.3,4,A9,X,9.8,7.4,8.7,32,204,6,6
2019,Jeep,Renegade,Véhicule utilitaire sport : petit,2.4,4,A9,X,10.8,7.8,9.5,30,222,5,5
2019,Jeep,Renegade 4X4,Véhicule utilitaire sport : petit,1.3,4,A9,X,10.1,8.1,9.2,31,216,5,6
2019,Jeep,Renegade 4X4,Véhicule utilitaire sport : petit,2.4,4,A9,X,11.2,8.2,9.8,29,230,5,5
2019,Jeep,Renegade 4X4 Trailhawk,Véhicule utilitaire sport : petit,1.3,4,A9,X,10.8,8.7,9.9,29,230,5,6
2019,Jeep,Wrangler JL 4X4,Véhicule utilitaire sport : petit,2.0,4,A8,X,10.5,9.4,10.0,28,233,5,5
2019,Jeep,Wrangler JL 4X4,Véhicule utilitaire sport : petit,3.6,6,A8,X,12.8,10.4,11.8,24,274,4,5
2019,Jeep,Wrangler JL 4X4,Véhicule utilitaire sport : petit,3.6,6,M6,X,13.7,9.6,11.8,24,277,4,5
2019,Jeep,Wrangler JL Unlimited 4X4,Véhicule utilitaire sport : petit,2.0,4,A8,X,10.9,10.0,10.5,27,245,5,5
2019,Jeep,Wrangler JL Unlimited 4X4,Véhicule utilitaire sport : petit,3.6,6,A8,X,12.9,10.2,11.7,24,275,4,5
2019,Jeep,Wrangler JL Unlimited 4X4,Véhicule utilitaire sport : petit,3.6,6,M6,X,13.8,10.1,12.2,23,285,3,5
2019,Kia,Cadenza,Grande berline,3.3,6,AS8,X,11.6,8.5,10.2,28,238,5,3
2019,Kia,Forte,Intermédiaire,2.0,4,AV,X,7.7,5.9,6.9,41,164,8,5
2019,Kia,Forte,Intermédiaire,2.0,4,M6,X,8.6,6.4,7.6,37,180,7,5
2019,Kia,Niro,Familiale : petite,1.6,4,AM6,X,4.6,5.1,4.8,59,114,10,7
2019,Kia,Niro FE,Familiale : petite,1.6,4,AM6,X,4.5,4.8,4.7,60,110,10,7
2019,Kia,Niro Touring,Familiale : petite,1.6,4,AM6,X,5.1,5.8,5.4,52,129,9,7
2019,Kia,Optima,Grande berline,2.0,4,AS6,X,11.2,7.9,9.7,29,230,5,5
2019,Kia,Optima,Grande berline,2.4,4,AS6,X,9.5,7.1,8.4,34,199,6,5
2019,Kia,Optima Hybrid,Intermédiaire,2.0,4,AM6,X,6.1,5.2,5.7,50,133,9,3
2019,Kia,Rio,Compacte,1.6,4,AS6,X,8.5,6.4,7.5,38,177,7,3
2019,Kia,Rio,Compacte,1.6,4,M6,X,8.3,6.4,7.5,38,175,7,3
2019,Kia,Sedona,Fourgonnette,3.3,6,AS8,X,12.7,10.0,11.5,25,272,4,5
2019,Kia,Sorento,Véhicule utilitaire sport : petit,2.4,4,AS6,X,10.7,8.2,9.6,29,225,5,5
2019,Kia,Sorento AWD,Véhicule utilitaire sport : petit,2.4,4,AS6,X,11.2,9.0,10.2,28,242,5,5
2019,Kia,Sorento AWD,Véhicule utilitaire sport : petit,3.3,6,AS8,X,12.5,9.7,11.2,25,265,4,5
2019,Kia,Soul,Familiale : petite,1.6,4,AM7,X,9.1,7.7,8.5,33,199,6,3
2019,Kia,Soul,Familiale : petite,1.6,4,AS6,X,9.0,7.6,8.4,34,198,6,3
2019,Kia,Soul,Familiale : petite,2.0,4,AS6,X,9.5,7.8,8.7,32,206,6,5
2019,Kia,Sportage,Véhicule utilitaire sport : petit,2.4,4,AS6,X,10.3,7.8,9.2,31,218,5,5
2019,Kia,Sportage AWD,Véhicule utilitaire sport : petit,2.0,4,AS6,X,11.9,10.2,11.1,25,263,4,3
2019,Kia,Sportage AWD,Véhicule utilitaire sport : petit,2.4,4,AS6,X,11.3,9.5,10.5,27,247,4,5
2019,Kia,Stinger AWD,Intermédiaire,2.0,4,AS8,Z,11.1,8.1,9.7,29,229,5,3
2019,Kia,Stinger AWD,Intermédiaire,3.3,6,AS8,Z,13.6,9.6,11.8,24,279,4,3
2019,Lamborghini,Aventador Coupe,Deux places,6.5,12,AM7,Z,26.3,15.6,21.5,13,487,1,1
2019,Lamborghini,Aventador Roadster,Deux places,6.5,12,AM7,Z,26.6,15.8,21.7,13,493,1,1
2019,Lamborghini,Huracan Coupe,Deux places,5.2,10,AM7,Z,18.1,13.2,15.9,18,366,2,1
2019,Lamborghini,Huracan Coupe AWD,Deux places,5.2,10,AM7,Z,17.9,13.0,15.7,18,370,2,1
2019,Lamborghini,Huracan Spyder,Deux places,5.2,10,AM7,Z,18.1,13.2,15.9,18,366,2,1
2019,Lamborghini,Huracan Spyder AWD,Deux places,5.2,10,AM7,Z,17.9,13.0,15.7,18,370,2,1
2019,Lamborghini,Huracan Performante Coupe,Deux places,5.2,10,AM7,Z,17.9,13.0,15.7,18,370,2,1
2019,Lamborghini,Huracan Performante Spyder,Deux places,5.2,10,AM7,Z,17.9,13.0,15.7,18,370,2,1
2019,Lamborghini,Urus,Véhicule utilitaire sport : ordinaire,4.0,8,AS8,Z,19.2,14.1,16.9,17,384,1,3
2019,Land Rover,Discovery,Véhicule utilitaire sport : ordinaire,3.0,6,AS8,Z,14.8,11.4,13.3,21,311,3,7
2019,Land Rover,Discovery Td6 Diesel,Véhicule utilitaire sport : ordinaire,3.0,6,AS8,D,11.3,9.2,10.4,27,279,4,1
2019,Land Rover,Discovery Sport,Véhicule utilitaire sport : petit,2.0,4,AS9,Z,11.4,9.3,10.5,27,246,5,7
2019,Land Rover,Range Rover 3.0,Véhicule utilitaire sport : ordinaire,3.0,6,AS8,Z,14.1,10.3,12.4,23,291,3,7
2019,Land Rover,Range Rover Td6 Diesel,Véhicule utilitaire sport : ordinaire,3.0,6,AS8,D,10.7,8.3,9.6,29,256,4,1
2019,Land Rover,Range Rover 5.0 Supercharged,Véhicule utilitaire sport : ordinaire,5.0,8,AS8,Z,14.4,11.3,13.0,22,305,3,3
2019,Land Rover,Range Rover SVAutobiography LWB,Véhicule utilitaire sport : ordinaire,5.0,8,AS8,Z,17.9,12.7,15.5,18,365,2,3
2019,Land Rover,Range Rover Sport 3.0,Véhicule utilitaire sport : ordinaire,3.0,6,AS8,Z,14.1,10.3,12.4,23,291,3,7
2019,Land Rover,Range Rover Sport Td6 Diesel,Véhicule utilitaire sport : ordinaire,3.0,6,AS8,D,10.7,8.3,9.6,29,256,4,1
2019,Land Rover,Range Rover Sport Supercharged,Véhicule utilitaire sport : ordinaire,5.0,8,AS8,Z,14.1,10.7,12.6,22,294,3,3
2019,Land Rover,Range Rover Evoque,Véhicule utilitaire sport : petit,2.0,4,AS9,Z,10.9,8.0,9.6,29,225,5,7
2019,Land Rover,Range Rover Evoque Convertible,Véhicule utilitaire sport : petit,2.0,4,AS9,Z,11.2,8.2,9.8,29,231,5,7
2019,Land Rover,Range Rover Velar D180,Véhicule utilitaire sport : petit,2.0,4,AS8,D,9.2,7.8,8.5,33,229,5,1
2019,Land Rover,Range Rover Velar P300,Véhicule utilitaire sport : petit,2.0,4,AS8,Z,11.7,9.2,10.6,27,248,4,7
2019,Land Rover,Range Rover Velar P380,Véhicule utilitaire sport : petit,3.0,6,AS8,Z,13.0,10.0,11.6,24,273,4,7
2019,Lexus,ES 300h,Intermédiaire,2.5,4,AV6,X,5.5,5.2,5.3,53,124,10,7
2019,Lexus,ES 350,Intermédiaire,3.5,6,AS8,X,10.6,7.2,9.1,31,211,5,5
2019,Lexus,ES 350 F SPORT,Intermédiaire,3.5,6,AS8,X,10.9,7.5,9.4,30,219,5,5
2019,Lexus,GS 350 AWD,Intermédiaire,3.5,6,AS6,Z,12.3,9.1,10.9,26,254,4,5
2019,Lexus,GS F,Compacte,5.0,8,AS8,Z,14.9,9.7,12.5,23,293,3,5
2019,Lexus,GX 460,Véhicule utilitaire sport : ordinaire,4.6,8,AS6,Z,16.0,12.9,14.6,19,341,2,3
2019,Lexus,IS 300,Compacte,2.0,4,AS8,Z,11.0,7.6,9.5,30,220,5,5
2019,Lexus,IS 300 AWD,Compacte,3.5,6,AS6,Z,12.3,9.1,10.9,26,254,4,5
2019,Lexus,IS 350 AWD,Compacte,3.5,6,AS6,Z,12.3,9.1,10.9,26,254,4,5
2019,Lexus,LC 500,Sous-compacte,5.0,8,AS10,Z,15.1,9.5,12.6,22,294,3,5
2019,Lexus,LC 500h,Sous-compacte,3.5,6,AV10,Z,9.0,7.1,8.1,35,189,6,7
2019,Lexus,LS 500 AWD,Intermédiaire,3.4,6,AS10,Z,13.1,8.7,11.1,25,261,4,3
2019,Lexus,LS 500h AWD,Intermédiaire,3.5,6,AV10,Z,10.3,7.7,9.1,31,214,5,7
2019,Lexus,LX 570,Véhicule utilitaire sport : ordinaire,5.7,8,AS8,Z,18.2,12.8,15.8,18,371,2,3
2019,Lexus,NX 300 AWD,Véhicule utilitaire sport : petit,2.0,4,AS6,Z,10.7,8.5,9.7,29,226,5,3
2019,Lexus,NX 300 AWD F SPORT,Véhicule utilitaire sport : petit,2.0,4,AS6,Z,10.8,8.9,9.9,29,232,5,3
2019,Lexus,NX 300h AWD,Véhicule utilitaire sport : petit,2.5,4,AV6,X,7.2,7.9,7.5,38,176,7,7
2019,Lexus,RC 300 AWD,Sous-compacte,3.5,6,AS6,Z,13.1,9.8,11.2,25,262,4,5
2019,Lexus,RC 350 AWD,Sous-compacte,3.5,6,AS6,Z,13.1,9.8,11.2,25,262,4,5
2019,Lexus,RC F,Sous-compacte,5.0,8,AS8,Z,15.2,9.5,12.6,22,289,3,5
2019,Lexus,RX 350 AWD,Véhicule utilitaire sport : petit,3.5,6,AS8,X,12.2,9.0,10.8,26,252,4,5
2019,Lexus,RX 350 L AWD,Véhicule utilitaire sport : petit,3.5,6,AS8,X,13.1,9.4,11.1,25,268,4,5
2019,Lexus,RX 450h AWD,Véhicule utilitaire sport : ordinaire,3.5,6,AV6,Z,7.5,8.4,7.9,36,185,7,7
2019,Lexus,RX 450h L AWD,Véhicule utilitaire sport : ordinaire,3.5,6,AV6,Z,8.1,8.4,8.1,35,190,6,7
2019,Lexus,UX 200,Intermédiaire,2.0,4,AS10,X,8.0,6.3,7.2,39,168,8,6
2019,Lexus,UX 250h,Compacte,2.0,4,AV6,X,5.5,5.7,5.6,50,130,9,6
2019,Lexus,UX 250h AWD,Compacte,2.0,4,AV6,X,5.7,6.2,6.0,47,140,9,6
2019,Lincoln,Continental AWD,Grande berline,2.7,6,AS6,X,14.0,9.4,12.0,24,281,4,5
2019,Lincoln,Continental AWD,Grande berline,3.0,6,AS6,X,14.5,9.8,12.3,23,289,3,5
2019,Lincoln,Continental AWD,Grande berline,3.7,6,AS6,X,14.3,9.7,12.2,23,287,3,3
2019,Lincoln,MKC AWD,Véhicule utilitaire sport : petit,2.0,4,AS6,X,12.3,9.3,11.0,26,257,4,5
2019,Lincoln,MKC AWD (Start/Stop),Véhicule utilitaire sport : petit,2.0,4,AS6,X,12.2,9.3,10.9,26,256,4,5
2019,Lincoln,MKC AWD,Véhicule utilitaire sport : petit,2.3,4,AS6,X,13.1,9.5,11.5,25,270,4,3
2019,Lincoln,MKT AWD,Véhicule utilitaire sport : ordinaire,3.5,6,AS6,X,15.7,11.2,13.7,21,322,3,3
2019,Lincoln,MKT Livery AWD,Véhicule à usage spécial,3.7,6,A6,X,14.7,10.3,12.7,22,297,3,3
2019,Lincoln,MKZ AWD,Intermédiaire,2.0,4,AS6,X,12.1,8.4,10.4,27,245,5,5
2019,Lincoln,MKZ AWD,Intermédiaire,3.0,6,AS6,X,14.0,9.2,11.8,24,278,4,5
2019,Lincoln,MKZ Hybrid,Intermédiaire,2.0,4,AV,X,5.7,6.2,5.9,48,139,9,7
2019,Lincoln,Nautilus,Véhicule utilitaire sport : petit,2.0,4,AS8,X,12.0,9.6,10.7,26,250,4,5
2019,Lincoln,Nautilus,Véhicule utilitaire sport : petit,2.7,6,AS8,X,12.6,9.2,11.0,26,259,4,5
2019,Lincoln,Navigator 4X4,Véhicule utilitaire sport : ordinaire,3.5,6,AS10,X,15.0,11.4,13.4,21,314,3,5
2019,Maserati,Ghibli,Intermédiaire,3.0,6,AS8,Z,14.1,9.8,12.2,23,286,3,1
2019,Maserati,Ghibli S,Intermédiaire,3.0,6,AS8,Z,14.7,9.9,12.6,22,295,3,1
2019,Maserati,Ghibli SQ4,Intermédiaire,3.0,6,AS8,Z,14.7,9.9,12.6,22,295,3,1
2019,Maserati,GranTurismo Convertible,Sous-compacte,4.7,8,AS6,Z,17.8,11.6,15.0,19,354,2,1
2019,Maserati,Levante,Véhicule utilitaire sport : ordinaire,3.0,6,AS8,Z,15.9,11.1,13.7,21,324,3,1
2019,Maserati,Levante S,Véhicule utilitaire sport : ordinaire,3.0,6,AS8,Z,16.1,11.4,14.0,20,330,3,1
2019,Maserati,Levante GTS,Véhicule utilitaire sport : ordinaire,3.8,8,AS8,Z,17.9,12.9,15.3,18,360,2,1
2019,Maserati,Levante Trofeo,Véhicule utilitaire sport : ordinaire,3.8,8,AS8,Z,17.9,12.9,15.3,18,360,2,1
2019,Maserati,Quattroporte S,Grande berline,3.0,6,AS8,Z,15.1,10.3,12.8,22,299,3,1
2019,Maserati,Quattroporte SQ4,Grande berline,3.0,6,AS8,Z,15.0,10.3,12.8,22,301,3,1
2019,Maserati,Quattroporte GTS,Grande berline,3.8,8,AS8,Z,16.0,10.8,13.7,21,321,3,1
2019,Mazda,CX-3,Compacte,2.0,4,AS6,X,8.3,6.9,7.7,37,179,7,3
2019,Mazda,CX-3,Compacte,2.0,4,M6,X,8.8,7.0,8.0,35,186,7,3
2019,Mazda,CX-3 4WD,Compacte,2.0,4,AS6,X,8.6,7.4,8.1,35,189,6,3
2019,Mazda,CX-5,Véhicule utilitaire sport : petit,2.0,4,M6,X,9.7,7.7,8.8,32,206,6,3
2019,Mazda,CX-5,Véhicule utilitaire sport : petit,2.5,4,AS6,X,9.7,7.8,8.8,32,206,6,7
2019,Mazda,CX-5 (Cylinder Deactivation),Véhicule utilitaire sport : petit,2.5,4,AS6,X,9.3,7.6,8.5,33,201,6,7
2019,Mazda,CX-5 Diesel 4WD,Véhicule utilitaire sport : petit,2.2,4,AS6,D,8.9,7.9,8.4,34,227,5,1
2019,Mazda,CX-5 4WD,Véhicule utilitaire sport : petit,2.5,4,AS6,X,10.2,8.2,9.3,30,217,5,7
2019,Mazda,CX-5 4WD (Cylinder Deactivation),Véhicule utilitaire sport : petit,2.5,4,AS6,X,9.8,7.9,9.0,31,209,5,7
2019,Mazda,CX-5 Turbo 4WD,Véhicule utilitaire sport : petit,2.5,4,AS6,X,10.8,8.7,9.8,29,230,5,3
2019,Mazda,CX-9,Véhicule utilitaire sport : petit,2.5,4,AS6,X,10.6,8.4,9.6,29,225,5,3
2019,Mazda,CX-9 4WD,Véhicule utilitaire sport : petit,2.5,4,AS6,X,11.6,9.1,10.5,27,244,5,3
2019,Mazda,Mazda3 4-Door,Compacte,2.0,4,AS6,X,8.4,6.6,7.6,37,178,7,7
2019,Mazda,Mazda3 4-Door (SIL),Compacte,2.0,4,M6,X,8.7,6.4,7.7,37,180,7,7
2019,Mazda,Mazda3 4-Door,Compacte,2.5,4,AS6,X,8.8,6.4,7.7,37,181,7,7
2019,Mazda,Mazda3 4-Door (Cylinder Deactivation),Compacte,2.5,4,AS6,X,8.8,6.6,7.8,36,183,7,7
2019,Mazda,Mazda3 4-Door 4WD,Compacte,2.5,4,AS6,X,9.2,7.0,8.2,34,192,6,7
2019,Mazda,Mazda3 5-Door,Intermédiaire,2.0,4,AS6,X,8.6,6.7,7.7,37,181,7,7
2019,Mazda,Mazda3 5-Door (SIL),Intermédiaire,2.0,4,M6,X,8.7,6.6,7.8,36,181,7,7
2019,Mazda,Mazda3 5-Door,Intermédiaire,2.5,4,AS6,X,9.0,6.8,8.0,35,187,7,7
2019,Mazda,Mazda3 5-Door,Intermédiaire,2.5,4,M6,X,9.2,6.6,8.1,35,189,6,7
2019,Mazda,Mazda3 5-Door 4WD,Intermédiaire,2.5,4,AS6,X,9.8,7.4,8.7,32,204,6,7
2019,Mazda,Mazda6,Intermédiaire,2.5,4,AS6,X,9.1,6.7,8.0,35,187,7,7
2019,Mazda,Mazda6 Turbo,Intermédiaire,2.5,4,AS6,X,10.0,7.5,8.9,32,208,6,3
2019,Mazda,MX-5,Deux places,2.0,4,AS6,Z,9.0,6.6,7.9,36,186,7,3
2019,Mazda,MX-5 (SIL),Deux places,2.0,4,M6,Z,9.0,7.0,8.1,35,189,6,3
2019,Mercedes-Benz,A 220,Sous-compacte,2.0,4,AM7,Z,9.7,6.8,8.4,34,195,6,5
2019,Mercedes-Benz,A 220 4MATIC,Sous-compacte,2.0,4,AM7,Z,9.6,7.1,8.5,33,199,6,5
2019,Mercedes-Benz,A 250,Familiale : petite,2.0,4,AM7,Z,9.4,6.8,8.3,34,192,6,5
2019,Mercedes-Benz,A 250 4MATIC,Familiale : petite,2.0,4,AM7,Z,9.9,7.0,8.6,33,201,6,5
2019,Mercedes-Benz,AMG C 43 4MATIC,Compacte,3.0,6,A9,Z,12.4,8.7,10.7,26,253,4,5
2019,Mercedes-Benz,AMG C 43 4MATIC Cabriolet,Sous-compacte,3.0,6,A9,Z,12.7,9.2,11.2,25,263,4,5
2019,Mercedes-Benz,AMG C 43 4MATIC Coupe,Sous-compacte,3.0,6,A9,Z,12.9,8.8,11.1,25,255,4,5
2019,Mercedes-Benz,AMG C 43 4MATIC Wagon,Familiale : petite,3.0,6,A9,Z,12.4,8.9,10.8,26,255,4,5
2019,Mercedes-Benz,AMG C 63,Compacte,4.0,8,A9,Z,13.2,8.7,11.2,25,263,4,5
2019,Mercedes-Benz,AMG C 63 S,Compacte,4.0,8,A9,Z,13.2,8.7,11.2,25,263,4,5
2019,Mercedes-Benz,AMG C 63 S Cabriolet,Sous-compacte,4.0,8,A9,Z,13.9,9.7,12.0,24,282,4,5
2019,Mercedes-Benz,AMG C 63 S Coupe,Sous-compacte,4.0,8,A9,Z,13.9,9.2,11.8,24,277,4,5
2019,Mercedes-Benz,AMG CLA 45 4MATIC,Minicompacte,2.0,4,AM7,Z,10.3,7.9,9.2,31,217,5,3
2019,Mercedes-Benz,AMG CLS 53 4MATIC+,Compacte,3.0,6,A9,Z,12.4,8.7,10.7,26,235,5,5
2019,Mercedes-Benz,AMG E 53 4MATIC+,Intermédiaire,3.0,6,A9,Z,11.2,8.3,9.9,29,232,5,5
2019,Mercedes-Benz,AMG E 53 4MATIC+ Cabriolet,Sous-compacte,3.0,6,A9,Z,12.5,9.0,10.9,26,245,5,5
2019,Mercedes-Benz,AMG E 53 4MATIC+ Coupe,Sous-compacte,3.0,6,A9,Z,12.3,8.5,10.6,27,237,5,5
2019,Mercedes-Benz,AMG E 53 4MATIC+ Wagon,Familiale : intermédiaire,3.0,6,A9,Z,11.5,8.6,10.2,28,239,5,5
2019,Mercedes-Benz,AMG E 63 S 4MATIC+,Intermédiaire,4.0,8,A9,Z,16.0,10.5,13.5,21,318,3,5
2019,Mercedes-Benz,AMG E 63 S 4MATIC+ Wagon,Familiale : intermédiaire,4.0,8,A9,Z,14.6,10.4,12.7,22,299,3,5
2019,Mercedes-Benz,AMG G 63,Véhicule utilitaire sport : ordinaire,4.0,8,A9,Z,18.1,15.6,17.0,17,396,1,3
2019,Mercedes-Benz,AMG GLA 45 4MATIC,Familiale : intermédiaire,2.0,4,AM7,Z,10.7,8.3,9.6,29,225,5,3
2019,Mercedes-Benz,AMG GLC 43 4MATIC,Véhicule utilitaire sport : petit,3.0,6,A9,Z,12.5,9.6,11.2,25,262,4,5
2019,Mercedes-Benz,AMG GLC 43 4MATIC Coupe,Véhicule utilitaire sport : petit,3.0,6,A9,Z,12.6,9.7,11.3,25,265,4,5
2019,Mercedes-Benz,AMG GLC 63 S 4MATIC+,Véhicule utilitaire sport : petit,4.0,8,A9,Z,15.0,10.9,13.2,21,309,3,5
2019,Mercedes-Benz,AMG GLC 63 S 4MATIC+ Coupe,Véhicule utilitaire sport : petit,4.0,8,A9,Z,15.0,10.9,13.2,21,309,3,5
2019,Mercedes-Benz,AMG GLE 43 4MATIC,Véhicule utilitaire sport : ordinaire,3.0,6,A9,Z,14.0,10.6,12.4,23,292,3,3
2019,Mercedes-Benz,AMG GLE 43 4MATIC Coupe,Véhicule utilitaire sport : ordinaire,3.0,6,A9,Z,14.1,10.9,12.6,22,297,3,3
2019,Mercedes-Benz,AMG GLE 63 S 4MATIC,Véhicule utilitaire sport : ordinaire,4.7,8,A7,Z,17.7,13.4,15.8,18,370,2,3
2019,Mercedes-Benz,AMG GLE 63 S 4MATIC Coupe,Véhicule utilitaire sport : ordinaire,4.7,8,A7,Z,17.2,12.8,15.2,19,357,2,3
2019,Mercedes-Benz,AMG GLS 63 4MATIC,Véhicule utilitaire sport : ordinaire,4.7,8,A7,Z,17.8,13.2,15.7,18,370,2,3
2019,Mercedes-Benz,AMG GT 53 4MATIC+ Coupe,Compacte,3.0,6,A9,Z,12.4,9.8,11.2,25,264,4,6
2019,Mercedes-Benz,AMG GT 63 4MATIC+ Coupe,Compacte,4.0,8,A9,Z,15.5,11.5,13.7,21,323,3,5
2019,Mercedes-Benz,AMG GT 63 S 4MATIC+ Coupe,Compacte,4.0,8,A9,Z,15.6,11.5,13.7,21,324,3,5
2019,Mercedes-Benz,AMG GT C Coupe,Deux places,4.0,8,AM7,Z,15.3,11.4,13.5,21,315,3,5
2019,Mercedes-Benz,AMG GT C Roadster,Deux places,4.0,8,AM7,Z,15.2,11.4,13.5,21,315,3,5
2019,Mercedes-Benz,AMG GT R Coupe,Deux places,4.0,8,AM7,Z,15.9,11.8,14.0,20,327,3,5
2019,Mercedes-Benz,AMG S 63 4MATIC+,Grande berline,4.0,8,A9,Z,14.1,8.9,11.8,24,275,4,5
2019,Mercedes-Benz,AMG S 63 4MATIC+ Cabriolet,Sous-compacte,4.0,8,A9,Z,15.8,9.8,13.1,22,306,3,5
2019,Mercedes-Benz,AMG S 63 4MATIC+ Coupe,Compacte,4.0,8,A9,Z,14.0,8.7,11.6,24,271,4,5
2019,Mercedes-Benz,AMG S 65,Grande berline,6.0,12,A7,Z,18.6,10.9,15.1,19,356,2,3
2019,Mercedes-Benz,AMG S 65 Cabriolet,Sous-compacte,6.0,12,A9,Z,17.1,11.0,14.3,20,337,2,3
2019,Mercedes-Benz,AMG S 65 Coupe,Compacte,6.0,12,A9,Z,17.6,11.0,14.6,19,343,2,3
2019,Mercedes-Benz,AMG SL 63,Deux places,5.5,8,A7,Z,15.3,10.2,13.0,22,303,3,1
2019,Mercedes-Benz,AMG SLC 43,Deux places,3.0,6,A9,Z,11.8,8.2,10.2,28,238,5,5
2019,Mercedes-Benz,B 250,Familiale : petite,2.0,4,AM7,Z,9.8,6.8,8.4,34,196,6,5
2019,Mercedes-Benz,B 250 4MATIC,Familiale : petite,2.0,4,AM7,Z,10.3,7.8,9.1,31,215,5,5
2019,Mercedes-Benz,C 300 4MATIC,Compacte,2.0,4,A9,Z,11.0,7.3,9.4,30,219,5,5
2019,Mercedes-Benz,C 300 4MATIC Cabriolet,Sous-compacte,2.0,4,A9,Z,11.3,8.1,9.9,29,231,5,5
2019,Mercedes-Benz,C 300 4MATIC Coupe,Sous-compacte,2.0,4,A9,Z,10.9,7.7,9.5,30,221,5,5
2019,Mercedes-Benz,C 300 4MATIC Wagon,Familiale : petite,2.0,4,A9,Z,10.9,7.7,9.5,30,221,5,5
2019,Mercedes-Benz,CLA 250,Minicompacte,2.0,4,AM7,Z,9.6,6.6,8.2,34,193,6,5
2019,Mercedes-Benz,CLA 250 4MATIC,Minicompacte,2.0,4,AM7,Z,9.9,7.3,8.7,32,204,6,5
2019,Mercedes-Benz,CLS 450 4MATIC,Compacte,3.0,6,A9,Z,11.3,7.9,9.8,29,213,5,5
2019,Mercedes-Benz,E 300 4MATIC,Intermédiaire,2.0,4,A9,Z,11.0,8.1,9.7,29,228,5,5
2019,Mercedes-Benz,E 450 4MATIC,Intermédiaire,3.0,6,A9,Z,11.8,8.5,10.3,27,244,5,5
2019,Mercedes-Benz,E 450 4MATIC Cabriolet,Sous-compacte,3.0,6,A9,Z,12.7,10.1,11.6,24,271,4,5
2019,Mercedes-Benz,E 450 4MATIC Coupe,Sous-compacte,3.0,6,A9,Z,12.5,9.1,11.0,26,257,4,5
2019,Mercedes-Benz,E 450 4MATIC Wagon,Familiale : intermédiaire,3.0,6,A9,Z,12.3,8.9,10.8,26,254,4,5
2019,Mercedes-Benz,G 550,Véhicule utilitaire sport : ordinaire,4.0,8,A9,Z,18.0,14.1,16.3,17,378,2,5
2019,Mercedes-Benz,GLA 250 4MATIC,Véhicule utilitaire sport : petit,2.0,4,AM7,Z,10.1,7.6,9.0,31,209,5,5
2019,Mercedes-Benz,GLC 300 4MATIC,Véhicule utilitaire sport : petit,2.0,4,A9,Z,11.0,8.7,10.0,28,234,4,5
2019,Mercedes-Benz,GLC 300 4MATIC Coupe,Véhicule utilitaire sport : petit,2.0,4,A9,Z,10.8,9.0,10.0,28,234,4,5
2019,Mercedes-Benz,GLE 400 4MATIC,Véhicule utilitaire sport : ordinaire,3.0,6,A9,Z,13.5,10.3,12.1,23,282,4,3
2019,Mercedes-Benz,GLS 450 4MATIC,Véhicule utilitaire sport : ordinaire,3.0,6,A9,Z,14.9,11.2,13.2,21,312,3,3
2019,Mercedes-Benz,GLS 550 4MATIC,Véhicule utilitaire sport : ordinaire,4.7,8,A9,Z,17.2,12.6,15.1,19,355,2,3
2019,Mercedes-Benz,Maybach S 560 4MATIC,Grande berline,4.0,8,A9,Z,14.4,9.5,12.2,23,286,3,5
2019,Mercedes-Benz,Maybach S 650,Grande berline,6.0,12,A7,Z,18.4,11.1,15.1,19,355,2,3
2019,Mercedes-Benz,Metris Cargo,Véhicule à usage spécial,2.0,4,A7,Z,11.5,9.8,10.7,26,251,4,5
2019,Mercedes-Benz,Metris Cargo LWB,Véhicule à usage spécial,2.0,4,A7,Z,11.3,9.6,10.5,27,248,4,5
2019,Mercedes-Benz,Metris Passenger,Véhicule à usage spécial,2.0,4,A7,Z,12.3,10.3,11.4,25,268,4,5
2019,Mercedes-Benz,S 450 4MATIC SWB,Intermédiaire,3.0,6,A9,Z,12.8,8.5,10.8,26,253,4,3
2019,Mercedes-Benz,S 560 4MATIC SWB,Intermédiaire,4.0,8,A9,Z,13.5,8.6,11.3,25,265,4,5
2019,Mercedes-Benz,S 560 4MATIC,Grande berline,4.0,8,A9,Z,13.5,8.6,11.3,25,265,4,5
2019,Mercedes-Benz,S 560 Cabriolet,Sous-compacte,4.0,8,A9,Z,13.8,9.2,11.7,24,275,4,5
2019,Mercedes-Benz,SL 450,Deux places,3.0,6,A9,Z,11.8,8.5,10.3,27,241,5,3
2019,Mercedes-Benz,SL 550,Deux places,4.7,8,A9,Z,13.5,9.3,11.6,24,270,4,1
2019,Mercedes-Benz,SLC 300,Deux places,2.0,4,A9,Z,10.0,7.3,8.8,32,205,6,3
2019,MINI,Cooper 3 Door,Sous-compacte,1.5,3,AS6,Z,8.8,6.8,7.9,36,184,7,7
2019,MINI,Cooper 3 Door,Sous-compacte,1.5,3,M6,Z,8.5,6.2,7.5,38,175,7,7
2019,MINI,Cooper 5 Door,Sous-compacte,1.5,3,AS6,Z,8.8,6.8,7.9,36,184,7,7
2019,MINI,Cooper 5 Door,Sous-compacte,1.5,3,M6,Z,8.4,6.3,7.5,38,175,7,7
2019,MINI,Cooper Clubman ALL4,Intermédiaire,1.5,3,AS8,Z,10.2,7.6,9.0,31,212,5,3
2019,MINI,Cooper Clubman ALL4,Intermédiaire,1.5,3,M6,Z,10.5,7.4,9.1,31,214,5,3
2019,MINI,Cooper Convertible,Minicompacte,1.5,3,AS6,Z,8.8,6.8,7.9,36,184,7,7
2019,MINI,Cooper Convertible,Minicompacte,1.5,3,M6,Z,8.4,6.3,7.5,38,175,7,7
2019,MINI,Cooper Countryman ALL4,Familiale : petite,1.5,3,AS8,Z,10.3,7.9,9.2,31,215,5,3
2019,MINI,Cooper Countryman ALL4,Familiale : petite,1.5,3,M6,Z,10.5,7.4,9.1,31,214,5,3
2019,MINI,Cooper S 3 Door,Sous-compacte,2.0,4,AS6,Z,9.3,7.3,8.4,34,197,6,7
2019,MINI,Cooper S 3 Door,Sous-compacte,2.0,4,M6,Z,10.2,7.4,9.0,31,210,5,7
2019,MINI,Cooper S 5 Door,Sous-compacte,2.0,4,AS6,Z,9.3,7.3,8.4,34,197,6,7
2019,MINI,Cooper S 5 Door,Sous-compacte,2.0,4,M6,Z,10.2,7.4,9.0,31,210,5,7
2019,MINI,Cooper S Clubman ALL4,Intermédiaire,2.0,4,AS8,Z,10.4,7.6,9.2,31,214,5,7
2019,MINI,Cooper S Clubman ALL4,Intermédiaire,2.0,4,M6,Z,11.4,7.7,9.7,29,227,5,7
2019,MINI,Cooper S Convertible,Minicompacte,2.0,4,AS6,Z,9.4,7.2,8.4,34,197,6,7
2019,MINI,Cooper S Convertible,Minicompacte,2.0,4,M6,Z,10.2,7.4,9.0,31,210,5,7
2019,MINI,Cooper S Countryman ALL4,Intermédiaire,2.0,4,AS8,Z,10.5,7.6,9.2,31,215,5,7
2019,MINI,Cooper S Countryman ALL4,Intermédiaire,2.0,4,M6,Z,11.3,7.8,9.7,29,228,5,7
2019,MINI,John Cooper Works 3 Door,Sous-compacte,2.0,4,AS6,Z,9.3,7.3,8.4,34,197,6,3
2019,MINI,John Cooper Works 3 Door,Sous-compacte,2.0,4,M6,Z,10.2,7.4,9.0,31,210,5,3
2019,MINI,John Cooper Works Clubman ALL4,Intermédiaire,2.0,4,AS8,Z,10.4,7.6,9.2,31,214,5,3
2019,MINI,John Cooper Works Clubman ALL4,Intermédiaire,2.0,4,M6,Z,11.4,7.7,9.7,29,227,5,3
2019,MINI,John Cooper Works Convertible,Minicompacte,2.0,4,AS6,Z,9.4,7.2,8.4,34,197,6,3
2019,MINI,John Cooper Works Convertible,Minicompacte,2.0,4,M6,Z,10.8,7.7,9.4,30,220,5,3
2019,MINI,John Cooper Works Countryman ALL4,Intermédiaire,2.0,4,AS8,Z,10.6,7.8,9.3,30,220,5,3
2019,MINI,John Cooper Works Countryman ALL4,Intermédiaire,2.0,4,M6,Z,11.3,7.8,9.7,29,228,5,3
2019,Mitsubishi,Eclipse Cross 4WD,Véhicule utilitaire sport : petit,1.5,4,AV8,X,9.6,8.9,9.3,30,216,5,5
2019,Mitsubishi,Mirage,Compacte,1.2,3,AV,X,6.6,5.6,6.2,46,143,9,5
2019,Mitsubishi,Mirage,Compacte,1.2,3,M5,X,7.1,5.8,6.5,43,151,8,5
2019,Mitsubishi,Mirage G4,Compacte,1.2,3,AV,X,6.9,5.7,6.4,44,148,8,5
2019,Mitsubishi,Mirage G4,Compacte,1.2,3,M5,X,7.2,5.9,6.6,43,153,8,5
2019,Mitsubishi,Outlander 4WD,Véhicule utilitaire sport : petit,2.4,4,AV6,X,9.9,8.1,9.1,31,212,5,5
2019,Mitsubishi,Outlander 4WD,Véhicule utilitaire sport : petit,3.0,6,AS6,Z,12.0,8.8,10.6,27,246,4,5
2019,Mitsubishi,RVR,Véhicule utilitaire sport : petit,2.0,4,AV6,X,9.7,7.8,8.8,32,206,6,5
2019,Mitsubishi,RVR 4WD,Véhicule utilitaire sport : petit,2.0,4,AV6,X,10.1,8.2,9.2,31,213,5,5
2019,Mitsubishi,RVR 4WD,Véhicule utilitaire sport : petit,2.4,4,AV6,X,10.3,8.3,9.4,30,218,5,5
2019,Nissan,370Z,Deux places,3.7,6,AS7,Z,12.6,9.3,11.1,25,261,4,3
2019,Nissan,370Z,Deux places,3.7,6,M6,Z,13.3,9.3,11.5,25,270,4,3
2019,Nissan,370Z Roadster,Deux places,3.7,6,AS7,Z,13.0,9.7,11.5,25,271,4,3
2019,Nissan,370Z Roadster,Deux places,3.7,6,M6,Z,13.6,9.7,11.8,24,279,4,3
2019,Nissan,Altima SR/Platinum,Intermédiaire,2.0,4,AV,X,9.1,6.9,8.1,35,190,6,5
2019,Nissan,Altima,Intermédiaire,2.5,4,AV,X,8.6,6.1,7.4,38,174,7,7
2019,Nissan,Altima SR/Platinum,Intermédiaire,2.5,4,AV,X,8.5,6.3,7.5,38,177,7,7
2019,Nissan,Altima AWD,Intermédiaire,2.5,4,AV,X,8.9,6.8,8.0,35,187,7,7
2019,Nissan,Altima AWD SR/Platinum,Intermédiaire,2.5,4,AV,X,9.1,7.0,8.1,35,191,6,7
2019,Nissan,Armada 4WD,Véhicule utilitaire sport : ordinaire,5.6,8,AS7,X,17.7,12.9,15.5,18,364,2,3
2019,Nissan,Frontier,Camionnette : petite,2.5,4,A5,X,13.7,10.7,12.3,23,290,3,3
2019,Nissan,Frontier,Camionnette : petite,4.0,6,A5,X,14.7,10.3,12.7,22,299,3,3
2019,Nissan,Frontier 4WD,Camionnette : petite,4.0,6,A5,X,15.8,11.5,13.9,20,326,3,3
2019,Nissan,Frontier 4WD,Camionnette : petite,4.0,6,M6,X,15.1,11.5,13.5,21,317,3,3
2019,Nissan,GT-R,Sous-compacte,3.8,6,AM6,Z,14.2,10.7,12.6,22,295,3,3
2019,Nissan,Kicks,Intermédiaire,1.6,4,AV,X,7.7,6.6,7.2,39,169,8,7
2019,Nissan,Maxima,Intermédiaire,3.5,6,AV7,Z,11.6,7.9,9.9,29,233,5,3
2019,Nissan,Micra,Compacte,1.6,4,A4,X,9.0,6.8,8.0,35,188,6,3
2019,Nissan,Micra,Compacte,1.6,4,M5,X,8.7,6.8,7.9,36,186,7,3
2019,Nissan,Murano,Familiale : intermédiaire,3.5,6,AV7,X,11.7,8.3,10.2,28,240,5,5
2019,Nissan,Murano AWD,Familiale : intermédiaire,3.5,6,AV7,X,11.9,8.5,10.4,27,244,5,5
2019,Nissan,NV200 Cargo Van,Véhicule à usage spécial,2.0,4,AV,X,9.8,8.8,9.3,30,218,5,3
2019,Nissan,Pathfinder,Véhicule utilitaire sport : petit,3.5,6,AV,X,11.6,8.5,10.2,28,240,5,5
2019,Nissan,Pathfinder 4WD,Véhicule utilitaire sport : petit,3.5,6,AV,X,12.1,8.9,10.7,26,250,4,5
2019,Nissan,Pathfinder 4WD Platinum,Véhicule utilitaire sport : petit,3.5,6,AV,X,12.4,9.2,11.0,26,259,4,3
2019,Nissan,Qashqai,Familiale : petite,2.0,4,AV7,X,8.8,7.5,8.2,34,193,6,5
2019,Nissan,Qashqai,Familiale : petite,2.0,4,M6,X,10.1,8.1,9.2,31,217,5,5
2019,Nissan,Qashqai AWD,Familiale : petite,2.0,4,AV7,X,9.3,7.9,8.7,32,203,6,5
2019,Nissan,Rogue,Véhicule utilitaire sport : petit,2.5,4,AV,X,9.1,7.1,8.2,34,192,6,7
2019,Nissan,Rogue AWD,Véhicule utilitaire sport : petit,2.5,4,AV,X,9.7,7.6,8.8,32,206,6,7
2019,Nissan,Sentra (Turbo),Intermédiaire,1.6,4,AV7,Z,8.9,7.3,8.2,34,193,6,3
2019,Nissan,Sentra (Turbo),Intermédiaire,1.6,4,M6,Z,9.1,7.3,8.3,34,195,6,3
2019,Nissan,Sentra,Intermédiaire,1.8,4,AV,X,8.1,6.3,7.3,39,172,7,7
2019,Nissan,Sentra,Intermédiaire,1.8,4,M6,X,8.8,6.6,7.8,36,183,7,1
2019,Nissan,Sentra Nismo,Intermédiaire,1.6,4,AV7,Z,9.4,7.8,8.7,32,205,6,3
2019,Nissan,Sentra Nismo,Intermédiaire,1.6,4,M6,Z,9.5,7.6,8.7,32,204,6,3
2019,Nissan,Titan,Camionnette : ordinaire,5.6,8,AS7,X,15.0,11.2,13.3,21,312,3,3
2019,Nissan,Titan 4WD,Camionnette : ordinaire,5.6,8,AS7,X,15.2,11.1,13.4,21,315,3,3
2019,Nissan,Titan 4WD PRO-4X,Camionnette : ordinaire,5.6,8,AS7,X,15.9,11.9,14.1,20,331,3,3
2019,Nissan,Versa,Intermédiaire,1.6,4,AV,X,7.6,6.2,7.0,40,164,8,5
2019,Nissan,Versa,Intermédiaire,1.6,4,M5,X,8.6,6.6,7.7,37,180,7,5
2019,Porsche,911 Carrera,Minicompacte,3.0,6,AM7,Z,10.6,8.0,9.4,30,221,5,1
2019,Porsche,911 Carrera,Minicompacte,3.0,6,M7,Z,11.8,8.1,10.1,28,237,5,1
2019,Porsche,911 Carrera 4,Minicompacte,3.0,6,AM7,Z,10.7,8.3,9.6,29,225,5,1
2019,Porsche,911 Carrera 4,Minicompacte,3.0,6,M7,Z,12.1,8.3,10.4,27,242,5,1
2019,Porsche,911 Carrera Cabriolet,Minicompacte,3.0,6,AM7,Z,10.8,8.3,9.7,29,227,5,1
2019,Porsche,911 Carrera Cabriolet,Minicompacte,3.0,6,M7,Z,12.0,8.2,10.3,27,241,5,1
2019,Porsche,911 Carrera 4 Cabriolet,Minicompacte,3.0,6,AM7,Z,11.0,8.4,9.8,29,230,5,1
2019,Porsche,911 Carrera 4 Cabriolet,Minicompacte,3.0,6,M7,Z,12.2,8.5,10.5,27,246,5,1
2019,Porsche,911 Carrera S,Minicompacte,3.0,6,AM7,Z,10.8,8.3,9.7,29,226,5,1
2019,Porsche,911 Carrera S,Minicompacte,3.0,6,M7,Z,12.1,8.3,10.3,27,242,5,1
2019,Porsche,911 Carrera 4S,Minicompacte,3.0,6,AM7,Z,11.1,8.5,9.9,29,232,5,1
2019,Porsche,911 Carrera 4S,Minicompacte,3.0,6,M7,Z,12.1,8.4,10.4,27,243,5,1
2019,Porsche,911 Carrera S Cabriolet,Minicompacte,3.0,6,AM7,Z,10.8,8.4,9.7,29,228,5,1
2019,Porsche,911 Carrera S Cabriolet,Minicompacte,3.0,6,M7,Z,12.1,8.3,10.4,27,243,5,1
2019,Porsche,911 Carrera 4S Cabriolet,Minicompacte,3.0,6,AM7,Z,11.0,8.5,9.9,29,231,5,1
2019,Porsche,911 Carrera 4S Cabriolet,Minicompacte,3.0,6,M7,Z,12.2,8.5,10.5,27,246,4,1
2019,Porsche,911 Carrera T,Minicompacte,3.0,6,AM7,Z,11.9,9.1,10.6,27,248,4,1
2019,Porsche,911 Carrera T,Minicompacte,3.0,6,M7,Z,14.6,9.4,12.3,23,286,3,1
2019,Porsche,911 Carrera GTS,Minicompacte,3.0,6,AM7,Z,11.5,9.1,10.4,27,243,5,1
2019,Porsche,911 Carrera GTS,Minicompacte,3.0,6,M7,Z,13.0,8.9,11.2,25,260,4,1
2019,Porsche,911 Carrera 4 GTS,Minicompacte,3.0,6,AM7,Z,11.8,9.2,10.6,27,248,4,1
2019,Porsche,911 Carrera 4 GTS,Minicompacte,3.0,6,M7,Z,12.8,8.9,11.0,26,257,4,1
2019,Porsche,911 Carrera GTS Cabriolet,Minicompacte,3.0,6,AM7,Z,11.8,9.2,10.7,26,249,4,1
2019,Porsche,911 Carrera GTS Cabriolet,Minicompacte,3.0,6,M7,Z,12.7,9.0,11.0,26,258,4,1
2019,Porsche,911 Carrera 4 GTS Cabriolet,Minicompacte,3.0,6,AM7,Z,11.9,9.3,10.7,26,250,4,1
2019,Porsche,911 Carrera 4 GTS Cabriolet,Minicompacte,3.0,6,M7,Z,12.9,9.1,11.2,25,260,4,1
2019,Porsche,911 GT2 RS,Deux places,3.8,6,AM7,Z,15.3,11.2,13.5,21,315,3,1
2019,Porsche,911 GT3,Deux places,4.0,6,AM7,Z,15.8,11.7,13.9,20,324,3,1
2019,Porsche,911 GT3,Deux places,4.0,6,M6,Z,18.0,11.5,15.1,19,352,2,1
2019,Porsche,911 GT3 RS,Deux places,4.0,6,AM7,Z,16.1,12.2,14.4,20,335,3,1
2019,Porsche,911 GT3 Touring,Deux places,4.0,6,M6,Z,16.4,11.2,14.1,20,334,3,1
2019,Porsche,911 Speedster,Deux places,4.0,6,M6,Z,17.4,12.4,15.1,19,350,2,1
2019,Porsche,911 Targa 4,Minicompacte,3.0,6,AM7,Z,10.9,8.4,9.8,29,228,5,1
2019,Porsche,911 Targa 4,Minicompacte,3.0,6,M7,Z,12.2,8.5,10.5,27,246,5,1
2019,Porsche,911 Targa 4S,Minicompacte,3.0,6,AM7,Z,11.1,8.6,10.0,28,233,5,1
2019,Porsche,911 Targa 4S,Minicompacte,3.0,6,M7,Z,12.2,8.5,10.5,27,246,4,1
2019,Porsche,911 Targa 4 GTS,Minicompacte,3.0,6,AM7,Z,12.1,9.2,10.8,26,251,4,1
2019,Porsche,911 Targa 4 GTS,Minicompacte,3.0,6,M7,Z,13.2,9.2,11.4,25,266,4,1
2019,Porsche,911 Turbo,Minicompacte,3.8,6,AM7,Z,12.6,9.9,11.4,25,266,4,1
2019,Porsche,911 Turbo Cabriolet,Minicompacte,3.8,6,AM7,Z,12.7,9.9,11.4,25,267,4,1
2019,Porsche,911 Turbo S,Minicompacte,3.8,6,AM7,Z,12.6,9.9,11.4,25,266,4,1
2019,Porsche,911 Turbo S Cabriolet,Minicompacte,3.8,6,AM7,Z,12.7,9.9,11.4,25,267,4,1
2019,Porsche,911 Turbo S Exclusive Cabriolet,Minicompacte,3.8,6,AM7,Z,14.3,10.9,12.7,22,297,3,1
2019,Porsche,Boxster,Deux places,2.0,4,AM7,Z,10.5,8.0,9.4,30,219,5,3
2019,Porsche,Boxster,Deux places,2.0,4,M6,Z,11.0,8.3,9.8,29,229,5,3
2019,Porsche,Boxster S,Deux places,2.5,4,AM7,Z,11.1,8.4,9.9,29,231,5,3
2019,Porsche,Boxster S,Deux places,2.5,4,M6,Z,12.1,9.0,10.7,26,249,4,3
2019,Porsche,Boxster GTS,Deux places,2.5,4,AM7,Z,11.8,9.2,10.6,27,249,4,3
2019,Porsche,Boxster GTS,Deux places,2.5,4,M6,Z,12.3,9.4,11.0,26,257,4,3
2019,Porsche,Cayenne,Véhicule utilitaire sport : ordinaire,3.0,6,AS8,Z,12.5,10.0,11.4,25,265,4,5
2019,Porsche,Cayenne S,Véhicule utilitaire sport : ordinaire,2.9,6,AS8,Z,12.9,10.4,11.8,24,275,4,5
2019,Porsche,Cayenne Turbo,Véhicule utilitaire sport : ordinaire,4.0,8,AS8,Z,15.6,12.4,14.1,20,329,3,3
2019,Porsche,Cayman,Deux places,2.0,4,AM7,Z,10.5,8.0,9.4,30,219,5,3
2019,Porsche,Cayman,Deux places,2.0,4,M6,Z,11.0,8.3,9.8,29,229,5,3
2019,Porsche,Cayman S,Deux places,2.5,4,AM7,Z,11.1,8.4,9.9,29,231,5,3
2019,Porsche,Cayman S,Deux places,2.5,4,M6,Z,12.1,9.0,10.7,26,249,4,3
2019,Porsche,Cayman GTS,Deux places,2.5,4,AM7,Z,11.8,9.2,10.6,27,249,4,3
2019,Porsche,Cayman GTS,Deux places,2.5,4,M6,Z,12.3,9.4,11.0,26,257,4,3
2019,Porsche,Macan,Véhicule utilitaire sport : petit,2.0,4,AM7,Z,12.2,10.2,11.3,25,264,4,5
2019,Porsche,Macan S,Véhicule utilitaire sport : petit,3.0,6,AM7,Z,12.9,10.2,11.7,24,272,4,5
2019,Porsche,Panamera,Grande berline,3.0,6,AM8,Z,12.4,8.7,10.7,26,250,4,5
2019,Porsche,Panamera 4,Grande berline,3.0,6,AM8,Z,12.4,9.0,10.9,26,253,4,5
2019,Porsche,Panamera 4 Executive,Grande berline,3.0,6,AM8,Z,12.4,9.0,10.9,26,253,4,5
2019,Porsche,Panamera 4 ST,Grande berline,3.0,6,AM8,Z,12.2,8.9,10.7,26,250,4,5
2019,Porsche,Panamera 4S,Grande berline,2.9,6,AM8,Z,13.1,8.9,11.2,25,261,4,5
2019,Porsche,Panamera 4S Executive,Grande berline,2.9,6,AM8,Z,13.1,8.9,11.2,25,261,4,5
2019,Porsche,Panamera 4S ST,Grande berline,2.9,6,AM8,Z,13.1,9.8,11.6,24,273,4,5
2019,Porsche,Panamera GTS,Grande berline,4.0,8,AM8,Z,14.5,10.2,12.6,22,295,3,3
2019,Porsche,Panamera GTS ST,Grande berline,4.0,8,AM8,Z,15.7,10.5,13.4,21,313,3,3
2019,Porsche,Panamera Turbo,Grande berline,4.0,8,AM8,Z,12.8,9.2,11.2,25,261,4,3
2019,Porsche,Panamera Turbo Executive,Grande berline,4.0,8,AM8,Z,12.8,9.2,11.2,25,261,4,3
2019,Porsche,Panamera Turbo ST,Grande berline,4.0,8,AM8,Z,13.4,10.1,11.9,24,279,4,3
2019,Ram,1500 eTorque,Camionnette : ordinaire,3.6,6,A8,X,11.9,9.4,10.8,26,253,4,5
2019,Ram,1500 HFE eTorque,Camionnette : ordinaire,3.6,6,A8,X,11.6,9.0,10.4,27,246,5,5
2019,Ram,1500,Camionnette : ordinaire,5.7,8,A8,X,16.2,10.5,13.6,21,320,3,5
2019,Ram,1500 eTorque,Camionnette : ordinaire,5.7,8,A8,X,14.1,10.3,12.4,23,290,3,5
2019,Ram,1500 4X4 eTorque,Camionnette : ordinaire,3.6,6,A8,X,12.2,9.7,11.1,25,260,4,5
2019,Ram,1500 4X4,Camionnette : ordinaire,5.7,8,A8,X,16.1,11.0,13.8,20,325,3,5
2019,Ram,1500 4X4 eTorque,Camionnette : ordinaire,5.7,8,A8,X,14.3,11.1,12.9,22,302,3,5
2019,Ram,1500 Classic EcoDiesel,Camionnette : ordinaire,3.0,6,A8,D,11.8,8.6,10.4,27,278,4,1
2019,Ram,1500 Classic FFV,Camionnette : ordinaire,3.6,6,A8,X,13.9,9.6,11.9,24,280,4,3
2019,Ram,1500 Classic FFV,Camionnette : ordinaire,3.6,6,A8,E,19.7,13.8,17.0,17,283,4,3
2019,Ram,1500 Classic,Camionnette : ordinaire,5.7,8,A6,X,17.0,12.0,14.8,19,346,2,3
2019,Ram,1500 Classic,Camionnette : ordinaire,5.7,8,A8,X,15.7,11.0,13.6,21,319,3,3
2019,Ram,1500 Classic 4X4 EcoDiesel,Camionnette : ordinaire,3.0,6,A8,D,12.3,8.8,10.8,26,289,3,1
2019,Ram,1500 Classic 4X4 FFV,Camionnette : ordinaire,3.6,6,A8,X,14.5,10.2,12.6,22,294,3,3
2019,Ram,1500 Classic 4X4 FFV,Camionnette : ordinaire,3.6,6,A8,E,20.7,14.7,18.0,16,300,3,3
2019,Ram,1500 Classic 4X4,Camionnette : ordinaire,5.7,8,A6,X,18.7,13.3,16.3,17,382,1,3
2019,Ram,1500 Classic 4X4,Camionnette : ordinaire,5.7,8,A8,X,16.1,11.5,14.0,20,328,3,3
2019,Ram,ProMaster City,Véhicule à usage spécial,2.4,4,A9,X,11.2,8.3,9.9,29,232,5,3
2019,Rolls-Royce,Cullinan,Familiale : intermédiaire,6.7,12,AS8,Z,20.0,11.8,16.3,17,382,1,3
2019,Rolls-Royce,Dawn,Compacte,6.6,12,AS8,Z,20.3,13.0,17.0,17,397,1,3
2019,Rolls-Royce,Dawn Black Badge,Compacte,6.6,12,AS8,Z,20.3,13.0,17.0,17,397,1,3
2019,Rolls-Royce,Ghost,Grande berline,6.6,12,AS8,Z,20.3,13.0,17.0,17,397,1,3
2019,Rolls-Royce,Ghost EWB,Grande berline,6.6,12,AS8,Z,20.3,13.0,17.0,17,397,1,3
2019,Rolls-Royce,Phantom,Grande berline,6.7,12,AS8,Z,20.0,11.8,16.3,17,382,1,3
2019,Rolls-Royce,Phantom EWB,Grande berline,6.7,12,AS8,Z,20.0,11.8,16.3,17,382,1,3
2019,Rolls-Royce,Wraith,Intermédiaire,6.6,12,AS8,Z,19.6,12.9,16.6,17,388,1,3
2019,Rolls-Royce,Wraith Black Badge,Intermédiaire,6.6,12,AS8,Z,19.6,12.9,16.6,17,388,1,3
2019,Subaru,Ascent AWD,Véhicule utilitaire sport : ordinaire,2.4,4,AV8,X,11.6,9.0,10.4,27,244,5,3
2019,Subaru,BRZ,Minicompacte,2.0,4,AS6,Z,9.7,7.2,8.6,33,200,6,1
2019,Subaru,BRZ,Minicompacte,2.0,4,M6,Z,11.2,8.3,9.9,29,231,5,1
2019,Subaru,Crosstrek AWD,Véhicule utilitaire sport : petit,2.0,4,AV7,X,8.8,7.2,8.1,35,188,6,6
2019,Subaru,Crosstrek AWD,Véhicule utilitaire sport : petit,2.0,4,M6,X,10.5,8.1,9.4,30,220,5,6
2019,Subaru,Forester AWD,Véhicule utilitaire sport : petit,2.5,4,AV7,X,9.0,7.2,8.2,34,192,6,6
2019,Subaru,Impreza 4-Door AWD,Intermédiaire,2.0,4,AV7,X,8.3,6.4,7.5,38,174,7,6
2019,Subaru,Impreza 4-Door AWD,Intermédiaire,2.0,4,M5,X,10.1,7.5,8.9,32,209,5,6
2019,Subaru,Impreza 5-Door AWD,Familiale : petite,2.0,4,AV7,X,8.4,6.6,7.6,37,177,7,6
2019,Subaru,Impreza 5-Door AWD,Familiale : petite,2.0,4,M5,X,10.1,7.7,9.0,31,211,5,6
2019,Subaru,Legacy AWD,Intermédiaire,2.5,4,AV7,X,9.3,7.0,8.2,34,193,6,5
2019,Subaru,Legacy AWD,Intermédiaire,3.6,6,AV6,X,11.9,8.3,10.3,27,241,5,3
2019,Subaru,Outback AWD,Véhicule utilitaire sport : petit,2.5,4,AV7,X,9.4,7.3,8.5,33,198,6,5
2019,Subaru,Outback AWD,Véhicule utilitaire sport : petit,3.6,6,AV6,X,12.0,8.7,10.5,27,247,4,3
2019,Subaru,WRX AWD,Compacte,2.0,4,AV8,Z,12.6,9.6,11.2,25,256,4,1
2019,Subaru,WRX AWD,Compacte,2.0,4,M6,Z,11.3,8.5,10.0,28,235,5,1
2019,Subaru,WRX STI AWD,Compacte,2.5,4,M6,Z,14.3,10.7,12.7,22,296,3,1
2019,Toyota,4Runner 4WD,Véhicule utilitaire sport : ordinaire,4.0,6,AS5,X,14.3,11.9,13.2,21,308,3,3
2019,Toyota,4Runner 4WD (Part-Time 4WD),Véhicule utilitaire sport : ordinaire,4.0,6,AS5,X,14.3,11.9,13.2,21,308,3,3
2019,Toyota,86,Minicompacte,2.0,4,AS6,Z,9.9,7.3,8.7,32,204,6,1
2019,Toyota,86,Minicompacte,2.0,4,M6,Z,11.3,8.3,9.9,29,232,5,1
2019,Toyota,Avalon,Intermédiaire,3.5,6,AS8,X,10.9,7.6,9.4,30,220,5,5
2019,Toyota,Camry,Intermédiaire,2.5,4,AS8,X,8.1,5.7,6.9,41,164,8,7
2019,Toyota,Camry LE/SE,Intermédiaire,2.5,4,AS8,X,8.4,6.1,7.4,38,173,7,7
2019,Toyota,Camry XLE/XSE,Intermédiaire,2.5,4,AS8,X,8.5,6.2,7.5,38,175,7,7
2019,Toyota,Camry,Intermédiaire,3.5,6,AS8,X,10.5,7.1,9.0,31,210,5,5
2019,Toyota,Camry XSE,Intermédiaire,3.5,6,AS8,X,10.7,7.4,9.2,31,215,5,5
2019,Toyota,Camry Hybrid LE,Intermédiaire,2.5,4,AV6,X,4.9,4.8,4.9,58,113,10,7
2019,Toyota,Camry Hybrid XLE/SE,Intermédiaire,2.5,4,AV6,X,5.3,5.0,5.1,55,121,10,7
2019,Toyota,C-HR,Compacte,2.0,4,AS7,X,8.7,7.5,8.2,34,189,6,3
2019,Toyota,Corolla,Intermédiaire,1.8,4,AV,X,8.3,6.5,7.5,38,174,7,3
2019,Toyota,Corolla LE Eco,Intermédiaire,1.8,4,AV,X,7.8,5.9,6.9,41,163,8,5
2019,Toyota,Corolla,Intermédiaire,1.8,4,AV7,X,8.3,6.7,7.6,37,178,7,3
2019,Toyota,Corolla,Intermédiaire,1.8,4,M6,X,8.5,6.6,7.6,37,178,7,3
2019,Toyota,Corolla Hatchback,Compacte,2.0,4,AV10,X,7.5,5.8,6.7,42,157,8,6
2019,Toyota,Corolla Hatchback,Compacte,2.0,4,M6,X,8.4,6.3,7.5,38,174,7,6
2019,Toyota,Highlander,Véhicule utilitaire sport : petit,3.5,6,AS8,X,11.8,8.7,10.3,27,243,5,5
2019,Toyota,Highlander AWD,Véhicule utilitaire sport : ordinaire,3.5,6,AS8,X,12.1,9.0,10.6,27,250,4,5
2019,Toyota,Highlander AWD (Start/Stop System),Véhicule utilitaire sport : ordinaire,3.5,6,AS8,X,12.0,8.9,10.6,27,248,4,5
2019,Toyota,Highlander AWD LE,Véhicule utilitaire sport : ordinaire,3.5,6,AS8,X,11.7,8.8,10.4,27,242,5,5
2019,Toyota,Highlander Hybrid AWD,Véhicule utilitaire sport : ordinaire,3.5,6,AV6,X,8.1,8.5,8.3,34,193,6,7
2019,Toyota,Prius,Intermédiaire,1.8,4,AV,X,4.4,4.6,4.4,64,105,10,7
2019,Toyota,Prius AWD,Intermédiaire,1.8,4,AV,X,4.5,4.9,4.7,60,109,10,7
2019,Toyota,Prius c,Compacte,1.5,4,AV,X,4.9,5.5,5.1,55,120,10,7
2019,Toyota,RAV4,Véhicule utilitaire sport : petit,2.5,4,AS8,X,8.8,6.7,7.8,36,183,7,6
2019,Toyota,RAV4 AWD,Véhicule utilitaire sport : petit,2.5,4,AS8,X,9.2,7.1,8.3,34,190,6,6
2019,Toyota,RAV4 Hybrid AWD,Véhicule utilitaire sport : petit,2.5,4,AV6,X,5.8,6.3,6.0,47,140,9,7
2019,Toyota,Sequoia 4WD,Véhicule utilitaire sport : ordinaire,5.7,8,AS6,X,18.4,13.8,16.4,17,384,1,5
2019,Toyota,Sienna,Fourgonnette,3.5,6,AS8,X,12.4,8.9,10.8,26,254,4,5
2019,Toyota,Sienna AWD,Fourgonnette,3.5,6,AS8,X,13.4,9.6,11.7,24,274,4,5
2019,Toyota,Tacoma,Camionnette : petite,2.7,4,AS6,X,12.1,10.1,11.2,25,263,4,5
2019,Toyota,Tacoma 4WD,Camionnette : petite,2.7,4,AS6,X,12.7,10.6,11.7,24,274,4,5
2019,Toyota,Tacoma 4WD,Camionnette : petite,3.5,6,AS6,X,13.0,10.5,11.9,24,278,4,5
2019,Toyota,Tacoma 4WD,Camionnette : petite,3.5,6,M6,X,13.8,11.4,12.7,22,299,3,5
2019,Toyota,Tacoma 4WD D-Cab Off-Road,Camionnette : petite,3.5,6,M6,X,13.8,11.7,12.9,22,300,3,5
2019,Toyota,Tundra,Camionnette : ordinaire,5.7,8,AS6,X,17.7,13.6,15.9,18,371,2,5
2019,Toyota,Tundra 4WD,Camionnette : ordinaire,4.6,8,AS6,X,16.8,13.1,14.9,19,354,2,3
2019,Toyota,Tundra 4WD,Camionnette : ordinaire,5.7,8,AS6,X,18.0,14.1,16.3,17,382,1,5
2019,Toyota,Yaris,Compacte,1.5,4,AS6,X,7.3,5.8,6.6,43,155,8,3
2019,Toyota,Yaris (SIL),Compacte,1.5,4,M6,X,7.8,6.0,6.8,42,164,8,3
2019,Toyota,Yaris Hatchback,Compacte,1.5,4,A4,X,7.9,6.8,7.4,38,173,7,3
2019,Toyota,Yaris Hatchback,Compacte,1.5,4,M5,X,7.8,6.5,7.2,39,169,8,3
2019,Volkswagen,Arteon 4MOTION,Grande berline,2.0,4,AS8,Z,12.0,8.6,10.4,27,244,5,3
2019,Volkswagen,Atlas,Véhicule utilitaire sport : petit,2.0,4,AS8,X,11.6,9.1,10.5,27,245,5,3
2019,Volkswagen,Atlas 4MOTION,Véhicule utilitaire sport : ordinaire,3.6,6,AS8,X,13.8,10.2,12.2,23,286,3,5
2019,Volkswagen,Beetle,Compacte,2.0,4,AS6,X,9.0,7.1,8.2,34,191,6,7
2019,Volkswagen,Beetle Convertible,Sous-compacte,2.0,4,AS6,X,9.0,7.1,8.2,34,191,6,7
2019,Volkswagen,Beetle Dune,Compacte,2.0,4,AS6,X,9.1,6.9,8.1,35,189,6,7
2019,Volkswagen,Beetle Dune Convertible,Sous-compacte,2.0,4,AS6,X,9.1,6.9,8.1,35,189,6,7
2019,Volkswagen,Golf,Compacte,1.4,4,AS8,X,8.1,6.4,7.4,38,172,7,7
2019,Volkswagen,Golf,Compacte,1.4,4,M6,X,8.2,6.3,7.4,38,172,7,7
2019,Volkswagen,Golf GTI,Compacte,2.0,4,AM7,X,9.6,7.5,8.6,33,202,6,7
2019,Volkswagen,Golf GTI,Compacte,2.0,4,M6,X,9.8,7.3,8.7,32,203,6,7
2019,Volkswagen,Golf R,Compacte,2.0,4,AM7,Z,10.2,7.9,9.2,31,213,5,3
2019,Volkswagen,Golf R,Compacte,2.0,4,M6,Z,11.4,8.2,9.9,29,232,5,3
2019,Volkswagen,Golf Alltrack,Familiale : petite,1.8,4,AM6,X,10.7,8.0,9.4,30,220,5,7
2019,Volkswagen,Golf Alltrack,Familiale : petite,1.8,4,M6,X,11.1,7.8,9.6,29,225,5,7
2019,Volkswagen,Golf SportWagen,Familiale : petite,1.4,4,AS8,X,8.6,6.5,7.6,37,178,7,7
2019,Volkswagen,Golf SportWagen,Familiale : petite,1.4,4,M6,X,8.2,6.3,7.4,38,172,7,7
2019,Volkswagen,Golf SportWagen 4MOTION,Familiale : petite,1.8,4,AM6,X,10.8,8.1,9.6,29,224,5,7
2019,Volkswagen,Golf SportWagen 4MOTION,Familiale : petite,1.8,4,M6,X,10.8,7.6,9.3,30,218,5,7
2019,Volkswagen,Jetta,Compacte,1.4,4,AS8,X,7.8,5.9,7.0,40,162,8,7
2019,Volkswagen,Jetta,Compacte,1.4,4,M6,X,7.9,5.9,7.0,40,163,8,7
2019,Volkswagen,Jetta GLI,Compacte,2.0,4,AM7,X,9.3,7.2,8.4,34,196,6,7
2019,Volkswagen,Jetta GLI,Compacte,2.0,4,M6,X,9.6,7.3,8.5,33,200,6,7
2019,Volkswagen,Passat,Intermédiaire,2.0,4,AS6,X,9.3,6.5,8.1,35,188,6,7
2019,Volkswagen,Tiguan,Véhicule utilitaire sport : petit,2.0,4,AS8,X,10.7,8.0,9.5,30,221,5,7
2019,Volkswagen,Tiguan 4MOTION,Véhicule utilitaire sport : petit,2.0,4,AS8,X,11.1,8.1,9.8,29,228,5,7
2019,Volvo,S60 T5,Compacte,2.0,4,AS8,Z,9.9,6.6,8.4,34,197,6,5
2019,Volvo,S60 T6 AWD,Compacte,2.0,4,AS8,Z,11.1,7.3,9.4,30,218,5,7
2019,Volvo,S90 T5 AWD,Intermédiaire,2.0,4,AS8,Z,10.6,7.4,9.2,31,215,5,5
2019,Volvo,S90 T6 AWD,Intermédiaire,2.0,4,AS8,Z,11.1,7.3,9.4,30,219,5,7
2019,Volvo,V60 T5,Familiale : petite,2.0,4,AS8,Z,9.9,6.6,8.4,34,197,6,5
2019,Volvo,V60 T6 AWD,Familiale : petite,2.0,4,AS8,Z,11.1,7.3,9.4,30,219,5,7
2019,Volvo,V60 CC T5 AWD,Familiale : petite,2.0,4,AS8,Z,10.8,7.6,9.3,30,218,5,5
2019,Volvo,V90 T6 AWD,Familiale : intermédiaire,2.0,4,AS8,Z,11.1,7.3,9.4,30,219,5,7
2019,Volvo,V90 CC T6 AWD,Familiale : intermédiaire,2.0,4,AS8,Z,11.6,8.1,10.0,28,233,5,7
2019,Volvo,XC40 T5 AWD,Véhicule utilitaire sport : petit,2.0,4,AS8,Z,10.3,7.5,9.0,31,211,5,5
2019,Volvo,XC60 T5 AWD,Véhicule utilitaire sport : petit,2.0,4,AS8,Z,11.3,8.5,10.0,28,233,5,5
2019,Volvo,XC60 T6 AWD,Véhicule utilitaire sport : petit,2.0,4,AS8,Z,11.8,8.6,10.4,27,242,5,7
2019,Volvo,XC90 T5 AWD,Véhicule utilitaire sport : ordinaire,2.0,4,AS8,Z,11.3,8.5,10.0,28,233,5,5
2019,Volvo,XC90 T6 AWD,Véhicule utilitaire sport : ordinaire,2.0,4,AS8,Z,12.1,8.9,10.7,26,250,4,7
2020,Acura,ILX,Compacte,2.4,4,AM8,Z,9.9,7.0,8.6,33,199,6,3
2020,Acura,MDX SH-AWD,Véhicule utilitaire sport : petit,3.5,6,AS9,Z,12.3,9.2,10.9,26,254,4,3
2020,Acura,MDX SH-AWD A-SPEC,Véhicule utilitaire sport : petit,3.5,6,AS9,Z,12.2,9.5,11.0,26,258,4,3
2020,Acura,MDX Hybrid AWD,Véhicule utilitaire sport : petit,3.0,6,AM7,Z,9.1,9.0,9.0,31,210,5,3
2020,Acura,NSX,Deux places,3.5,6,AM9,Z,11.1,10.8,11.0,26,261,4,3
2020,Acura,RDX AWD,Véhicule utilitaire sport : petit,2.0,4,AS10,Z,11.0,8.6,9.9,29,232,5,6
2020,Acura,RDX AWD A-SPEC,Véhicule utilitaire sport : petit,2.0,4,AS10,Z,11.3,9.1,10.3,27,241,5,6
2020,Acura,RLX Hybrid,Intermédiaire,3.5,6,AM7,Z,8.4,8.2,8.4,34,196,6,7
2020,Acura,TLX A-SPEC,Compacte,2.4,4,AM8,Z,10.2,7.4,8.9,32,209,5,3
2020,Acura,TLX SH-AWD,Compacte,3.5,6,AS9,Z,11.4,7.7,9.8,29,228,5,3
2020,Acura,TLX SH-AWD A-SPEC/Limited Edition,Compacte,3.5,6,AS9,Z,12.0,8.2,10.3,27,240,5,3
2020,Alfa Romeo,4C Spider,Deux places,1.8,4,AM6,Z,9.7,6.9,8.4,34,197,6,1
2020,Alfa Romeo,Giulia,Intermédiaire,2.0,4,A8,Z,10.0,7.2,8.7,32,205,6,3
2020,Alfa Romeo,Giulia AWD,Intermédiaire,2.0,4,A8,Z,10.5,7.7,9.2,31,217,5,3
2020,Alfa Romeo,Giulia Quadrifoglio,Intermédiaire,2.9,6,A8,Z,13.5,9.3,11.6,24,271,4,3
2020,Alfa Romeo,Stelvio,Véhicule utilitaire sport : petit,2.0,4,A8,Z,10.3,8.1,9.3,30,218,5,3
2020,Alfa Romeo,Stelvio AWD,Véhicule utilitaire sport : petit,2.0,4,A8,Z,10.8,8.3,9.6,29,226,5,3
2020,Alfa Romeo,Stelvio AWD Quadrifoglio,Véhicule utilitaire sport : petit,2.9,6,A8,Z,13.9,10.3,12.3,23,288,3,3
2020,Aston Martin,DB11 V8,Minicompacte,4.0,8,A8,Z,13.0,9.8,11.5,25,271,4,3
2020,Aston Martin,DB11 AMR,Minicompacte,5.2,12,A8,Z,15.5,10.6,13.3,21,312,3,3
2020,Aston Martin,DBS Superleggera,Minicompacte,5.2,12,A8,Z,16.4,10.7,13.8,20,324,3,3
2020,Aston Martin,Vantage V8,Deux places,4.0,8,A8,Z,13.1,9.6,11.5,25,270,4,3
2020,Aston Martin,Vantage V8,Deux places,4.0,8,M7,Z,16.7,11.2,14.2,20,333,3,3
2020,Audi,A3,Sous-compacte,2.0,4,AM7,X,8.8,6.5,7.8,36,182,7,7
2020,Audi,A3 quattro,Sous-compacte,2.0,4,AM7,X,10.8,8.0,9.5,30,224,5,7
2020,Audi,A3 Cabriolet quattro,Sous-compacte,2.0,4,AM7,X,10.8,8.0,9.5,30,224,5,7
2020,Audi,A4 quattro,Compacte,2.0,4,AM7,Z,10.0,7.3,8.8,32,205,6,3
2020,Audi,A4 allroad quattro,Familiale : petite,2.0,4,AM7,Z,10.0,7.4,8.8,32,206,6,3
2020,Audi,A5 quattro,Sous-compacte,2.0,4,AM7,Z,10.0,7.3,8.8,32,205,6,3
2020,Audi,A5 Cabriolet quattro,Sous-compacte,2.0,4,AM7,Z,10.0,7.4,8.8,32,206,6,3
2020,Audi,A5 Sportback quattro,Intermédiaire,2.0,4,AM7,Z,10.0,7.3,8.8,32,205,6,3
2020,Audi,A6 quattro ,Intermédiaire,2.0,4,AM7,Z,9.8,7.4,8.7,32,205,6,5
2020,Audi,A6 quattro ,Intermédiaire,3.0,6,AM7,Z,10.9,8.2,9.7,29,227,5,5
2020,Audi,A6 allroad ,Familiale : intermédiaire,3.0,6,AM7,Z,11.8,9.1,10.6,27,247,4,5
2020,Audi,A7 quattro,Intermédiaire,3.0,6,AM7,Z,10.9,8.2,9.7,29,227,5,5
2020,Audi,A8L ,Grande berline,3.0,6,AS8,Z,13.5,8.9,11.5,25,267,4,5
2020,Audi,A8L ,Grande berline,4.0,8,AS8,Z,15.4,10.4,13.2,21,308,3,3
2020,Audi,Q3 quattro,Véhicule utilitaire sport : petit,2.0,4,AS8,X,12.3,8.6,10.6,27,248,4,7
2020,Audi,Q5,Véhicule utilitaire sport : petit,2.0,4,AM7,Z,10.7,8.4,9.7,29,226,5,5
2020,Audi,Q7,Véhicule utilitaire sport : ordinaire,2.0,4,AS8,Z,12.4,10.1,11.3,25,264,4,3
2020,Audi,Q7,Véhicule utilitaire sport : ordinaire,3.0,6,AS8,Z,13.8,11.4,12.7,22,296,3,5
2020,Audi,Q8,Véhicule utilitaire sport : ordinaire,3.0,6,AS8,Z,13.8,11.4,12.7,22,296,3,3
2020,Audi,R8 Coupe,Deux places,5.2,10,AM7,Z,17.5,11.7,14.9,19,347,2,1
2020,Audi,R8 Spyder,Deux places,5.2,10,AM7,Z,17.5,11.7,14.9,19,347,2,1
2020,Audi,RS 3,Sous-compacte,2.5,5,AM7,Z,12.1,8.4,10.4,27,243,5,3
2020,Audi,RS Q8,Véhicule utilitaire sport : ordinaire,4.0,8,AS8,Z,18.0,12.3,15.4,18,360,2,3
2020,Audi,S3,Sous-compacte,2.0,4,AM7,Z,10.7,8.0,9.5,30,222,5,3
2020,Audi,S4,Compacte,3.0,6,AS8,Z,11.8,8.9,10.5,27,245,5,5
2020,Audi,S5,Sous-compacte,3.0,6,AS8,Z,11.8,8.9,10.5,27,245,5,5
2020,Audi,S5 Cabriolet,Sous-compacte,3.0,6,AS8,Z,12.1,9.1,10.8,26,252,4,5
2020,Audi,S5 Sportback,Intermédiaire,3.0,6,AS8,Z,11.8,8.9,10.5,27,245,5,5
2020,Audi,S6,Intermédiaire,2.9,6,AS8,Z,12.9,8.5,10.9,26,255,4,5
2020,Audi,S7,Intermédiaire,2.9,6,AS8,Z,12.9,8.5,10.9,26,255,4,5
2020,Audi,S8,Grande berline,4.0,8,AS8,Z,17.6,10.7,14.5,19,339,2,3
2020,Audi,SQ5,Véhicule utilitaire sport : petit,3.0,6,AS8,Z,13.1,10.3,11.8,24,276,4,5
2020,Audi,SQ7,Véhicule utilitaire sport : ordinaire,4.0,8,AS8,Z,16.0,11.0,13.7,21,321,3,3
2020,Audi,SQ8,Véhicule utilitaire sport : ordinaire,4.0,8,AS8,Z,15.8,11.4,13.8,20,322,3,3
2020,Audi,TT Coupe quattro,Sous-compacte,2.0,4,AM7,X,10.3,7.7,9.1,31,213,5,7
2020,Audi,TT Roadster quattro,Deux places,2.0,4,AM7,X,10.3,7.7,9.1,31,213,5,7
2020,Audi,TT RS,Sous-compacte,2.5,5,AM7,Z,12.1,8.2,10.3,27,241,5,3
2020,Audi,TTS Coupe,Sous-compacte,2.0,4,AM7,Z,10.4,8.2,9.4,30,220,5,3
2020,Bentley,Bentayga,Véhicule utilitaire sport : ordinaire,4.0,8,AS8,Z,16.4,10.1,13.6,21,315,3,3
2020,Bentley,Bentayga,Véhicule utilitaire sport : ordinaire,6.0,12,AS8,Z,20.0,13.8,17.2,16,401,1,3
2020,Bentley,Continental GT,Compacte,4.0,8,AM8,Z,15.1,9.1,12.4,23,291,3,3
2020,Bentley,Continental GT,Compacte,6.0,12,AM8,Z,19.0,11.6,15.7,18,364,2,3
2020,Bentley,Continental GT Convertible,Sous-compacte,4.0,8,AM8,Z,15.1,9.1,12.4,23,291,3,3
2020,Bentley,Continental GT Convertible,Sous-compacte,6.0,12,AM8,Z,19.2,12.2,16.0,18,373,2,3
2020,Bentley,Flying Spur,Intermédiaire,6.0,12,AM8,Z,19.2,12.2,16.0,18,373,2,3
2020,Bentley,Mulsanne,Intermédiaire,6.8,8,AS8,Z,24.5,14.4,20.0,14,465,1,1
2020,BMW,228i xDrive Gran Coupe,Compacte,2.0,4,AS8,Z,10.2,7.2,8.8,32,205,6,7
2020,BMW,230i Cabriolet,Sous-compacte,2.0,4,AS8,Z,10.1,7.0,8.7,32,204,6,7
2020,BMW,230i xDrive Cabriolet,Sous-compacte,2.0,4,AS8,Z,10.9,7.5,9.4,30,219,5,7
2020,BMW,230i Coupe,Sous-compacte,2.0,4,AS8,Z,9.5,7.4,8.5,33,200,6,7
2020,BMW,230i Coupe,Sous-compacte,2.0,4,M6,Z,11.1,7.3,9.4,30,219,5,7
2020,BMW,230i xDrive Coupe,Sous-compacte,2.0,4,AS8,Z,10.9,7.5,9.4,30,219,5,7
2020,BMW,330i xDrive Sedan,Compacte,2.0,4,AS8,Z,9.5,6.9,8.3,34,195,6,7
2020,BMW,430i xDrive Cabriolet,Sous-compacte,2.0,4,AS8,Z,10.6,7.3,9.1,31,213,5,7
2020,BMW,430i Coupe,Compacte,2.0,4,AS8,Z,10.1,7.0,8.7,32,204,6,7
2020,BMW,430i xDrive Coupe,Compacte,2.0,4,AS8,Z,10.9,7.5,9.4,30,219,5,7
2020,BMW,430i xDrive Gran Coupe,Compacte,2.0,4,AS8,Z,10.9,7.5,9.4,30,219,5,7
2020,BMW,440i xDrive Cabriolet,Sous-compacte,3.0,6,AS8,Z,12.4,8.5,10.7,26,249,4,3
2020,BMW,440i Coupe,Compacte,3.0,6,AS8,Z,11.4,8.1,9.9,29,231,5,3
2020,BMW,440i Coupe,Compacte,3.0,6,M6,Z,12.8,8.8,11.0,26,256,4,3
2020,BMW,440i xDrive Coupe,Compacte,3.0,6,AS8,Z,11.4,8.3,10.0,28,233,5,3
2020,BMW,440i xDrive Coupe,Compacte,3.0,6,M6,Z,13.0,8.5,11.0,26,257,4,3
2020,BMW,440i xDrive Gran Coupe,Compacte,3.0,6,AS8,Z,11.4,8.3,10.0,28,233,5,3
2020,BMW,530i xDrive Sedan,Intermédiaire,2.0,4,AS8,Z,9.9,7.5,8.8,32,206,6,7
2020,BMW,540i xDrive Sedan,Intermédiaire,3.0,6,AS8,Z,10.7,8.1,9.5,30,222,5,5
2020,BMW,750i xDrive Sedan,Grande berline,4.4,8,AS8,Z,14.5,9.9,12.4,23,290,3,3
2020,BMW,750Li xDrive Sedan,Grande berline,4.4,8,AS8,Z,14.5,9.9,12.4,23,290,3,3
2020,BMW,Alpina B7 xDrive,Grande berline,4.4,8,AS8,Z,14.5,9.9,12.4,23,290,3,3
2020,BMW,M2 Competition,Sous-compacte,3.0,6,AM7,Z,14.1,10.3,12.4,23,290,3,3
2020,BMW,M2 Competition,Sous-compacte,3.0,6,M6,Z,13.4,9.6,11.7,24,273,4,3
2020,BMW,M2 CS,Sous-compacte,3.0,6,AM7,Z,14.1,10.3,12.4,23,290,3,3
2020,BMW,M2 CS,Sous-compacte,3.0,6,M6,Z,13.4,9.6,11.7,24,273,4,3
2020,BMW,M235i xDrive Gran Coupe,Compacte,2.0,4,AS8,Z,10.3,7.3,9.0,31,208,6,3
2020,BMW,M240i Cabriolet,Sous-compacte,3.0,6,AS8,Z,11.4,8.1,9.9,29,231,5,3
2020,BMW,M240i Cabriolet,Sous-compacte,3.0,6,M6,Z,12.7,8.8,10.9,26,255,4,3
2020,BMW,M240i xDrive Cabriolet,Sous-compacte,3.0,6,AS8,Z,11.4,8.3,10.0,28,233,5,3
2020,BMW,M240i Coupe,Sous-compacte,3.0,6,AS8,Z,11.4,8.1,9.9,29,231,5,3
2020,BMW,M240i Coupe,Sous-compacte,3.0,6,M6,Z,12.7,8.8,10.9,26,255,4,3
2020,BMW,M240i xDrive Coupe,Sous-compacte,3.0,6,AS8,Z,11.4,8.3,10.0,28,233,5,3
2020,BMW,M240i Coupe M Performance,Sous-compacte,3.0,6,AS8,Z,11.4,8.1,9.9,29,231,5,3
2020,BMW,M240i Coupe M Performance,Sous-compacte,3.0,6,M6,Z,12.7,8.8,10.9,26,255,4,3
2020,BMW,M240i xDrive Coupe M Performance,Sous-compacte,3.0,6,AS8,Z,11.4,8.3,10.0,28,233,5,3
2020,BMW,M340i xDrive Sedan,Compacte,3.0,6,AS8,Z,11.4,8.3,10.0,28,233,5,5
2020,BMW,M4 Cabriolet,Sous-compacte,3.0,6,AM7,Z,14.5,10.5,12.7,22,299,3,3
2020,BMW,M4 Cabriolet,Sous-compacte,3.0,6,M6,Z,13.8,9.4,11.9,24,280,4,3
2020,BMW,M4 Cabriolet Competition,Sous-compacte,3.0,6,AM7,Z,14.5,10.5,12.7,22,299,3,3
2020,BMW,M4 Cabriolet Competition,Sous-compacte,3.0,6,M6,Z,13.8,9.4,11.9,24,280,4,3
2020,BMW,M4 Coupe,Compacte,3.0,6,AM7,Z,14.1,10.3,12.4,23,290,3,3
2020,BMW,M4 Coupe,Compacte,3.0,6,M6,Z,13.4,9.6,11.7,24,273,4,3
2020,BMW,M4 Coupe Competition,Compacte,3.0,6,AM7,Z,14.1,10.3,12.4,23,290,3,3
2020,BMW,M4 Coupe Competition,Compacte,3.0,6,M6,Z,13.4,9.6,11.7,24,273,4,3
2020,BMW,M4 CS,Compacte,3.0,6,AM7,Z,14.1,10.3,12.4,23,290,3,3
2020,BMW,M5 Sedan,Intermédiaire,4.4,8,AS8,Z,16.0,11.0,13.8,20,322,3,3
2020,BMW,M5 Competition,Intermédiaire,4.4,8,AS8,Z,16.0,11.0,13.8,20,322,3,3
2020,BMW,M550i xDrive Sedan,Intermédiaire,4.4,8,AS8,Z,13.6,9.3,11.7,24,273,4,3
2020,BMW,M760i xDrive Sedan,Grande berline,6.6,12,AS8,Z,17.8,11.9,15.1,19,354,2,3
2020,BMW,M8 Cabriolet,Sous-compacte,4.4,8,AS8,Z,16.0,11.0,13.8,20,322,3,3
2020,BMW,M8 Cabriolet Competition,Sous-compacte,4.4,8,AS8,Z,16.0,11.0,13.8,20,322,3,3
2020,BMW,M8 Coupe,Sous-compacte,4.4,8,AS8,Z,16.0,11.0,13.8,20,322,3,3
2020,BMW,M8 Coupe Competition,Sous-compacte,4.4,8,AS8,Z,16.0,11.0,13.8,20,322,3,3
2020,BMW,M8 Gran Coupe,Intermédiaire,4.4,8,AS8,Z,16.0,11.0,13.8,20,322,3,3
2020,BMW,M8 Gran Coupe Competition,Intermédiaire,4.4,8,AS8,Z,16.0,11.0,13.8,20,322,3,3
2020,BMW,M850i xDrive Cabriolet,Sous-compacte,4.4,8,AS8,Z,14.5,9.9,12.4,23,290,3,3
2020,BMW,M850i xDrive Coupe,Sous-compacte,4.4,8,AS8,Z,13.6,9.3,11.7,24,273,4,3
2020,BMW,M850i xDrive Gran Coupe,Intermédiaire,4.4,8,AS8,Z,14.5,9.9,12.4,23,290,3,3
2020,BMW,X1 xDrive28i,Véhicule utilitaire sport : petit,2.0,4,AS8,Z,10.3,7.7,9.1,31,213,5,7
2020,BMW,X2 xDrive28i,Véhicule utilitaire sport : petit,2.0,4,AS8,Z,9.9,7.6,8.8,32,207,6,7
2020,BMW,X2 M35i,Véhicule utilitaire sport : petit,2.0,4,AS8,Z,10.0,7.8,9.0,31,210,5,3
2020,BMW,X3 xDrive30i,Véhicule utilitaire sport : petit,2.0,4,AS8,Z,10.0,8.2,9.2,31,215,5,7
2020,BMW,X3 M,Véhicule utilitaire sport : petit,3.0,6,AS8,Z,16.6,12.1,14.6,19,339,2,3
2020,BMW,X3 M Competition,Véhicule utilitaire sport : petit,3.0,6,AS8,Z,16.6,12.1,14.6,19,339,2,3
2020,BMW,X3 M40i,Véhicule utilitaire sport : petit,3.0,6,AS8,Z,11.3,8.7,10.1,28,235,5,5
2020,BMW,X4 xDrive30i,Véhicule utilitaire sport : petit,2.0,4,AS8,Z,10.0,8.2,9.2,31,215,5,7
2020,BMW,X4 M,Véhicule utilitaire sport : petit,3.0,6,AS8,Z,16.6,12.1,14.6,19,339,2,3
2020,BMW,X4 M Competition,Véhicule utilitaire sport : petit,3.0,6,AS8,Z,16.6,12.1,14.6,19,339,2,3
2020,BMW,X4 M40i,Véhicule utilitaire sport : petit,3.0,6,AS8,Z,11.3,8.7,10.1,28,235,5,5
2020,BMW,X5 xDrive40i,Véhicule utilitaire sport : ordinaire,3.0,6,AS8,Z,11.7,9.1,10.5,27,245,5,3
2020,BMW,X5 xDrive50i,Véhicule utilitaire sport : ordinaire,4.4,8,AS8,Z,14.5,10.7,12.8,22,302,3,3
2020,BMW,X5 M,Véhicule utilitaire sport : ordinaire,4.4,8,AS8,Z,17.8,12.9,15.6,18,362,2,3
2020,BMW,X5 M Competition,Véhicule utilitaire sport : ordinaire,4.4,8,AS8,Z,17.8,12.9,15.6,18,362,2,3
2020,BMW,X5 M50i,Véhicule utilitaire sport : ordinaire,4.4,8,AS8,Z,14.5,10.7,12.8,22,302,3,3
2020,BMW,X6 xDrive40i,Véhicule utilitaire sport : ordinaire,3.0,6,AS8,Z,11.7,9.1,10.5,27,245,5,3
2020,BMW,X6 M,Véhicule utilitaire sport : ordinaire,4.4,8,AS8,Z,17.8,12.9,15.6,18,362,2,3
2020,BMW,X6 M Competition,Véhicule utilitaire sport : ordinaire,4.4,8,AS8,Z,17.8,12.9,15.6,18,362,2,3
2020,BMW,X6 M50i,Véhicule utilitaire sport : ordinaire,4.4,8,AS8,Z,14.5,10.7,12.8,22,302,3,3
2020,BMW,X7 xDrive40i,Véhicule utilitaire sport : ordinaire,3.0,6,AS8,Z,12.0,9.4,10.8,26,254,4,3
2020,BMW,X7 xDrive50i,Véhicule utilitaire sport : ordinaire,4.4,8,AS8,Z,15.5,11.4,13.6,21,318,3,3
2020,BMW,X7 M50i,Véhicule utilitaire sport : ordinaire,4.4,8,AS8,Z,15.5,11.4,13.6,21,318,3,3
2020,BMW,Z4 sDrive30i,Deux places,2.0,4,AS8,Z,9.5,7.4,8.5,33,200,6,7
2020,BMW,Z4 M40i,Deux places,3.0,6,AS8,Z,10.3,8.0,9.3,30,216,5,5
2020,Bugatti,Chiron,Deux places,8.0,16,AM7,Z,26.8,16.6,22.2,13,522,1,1
2020,Bugatti,Divo,Deux places,8.0,16,AM7,Z,27.2,18.0,23.0,12,537,1,1
2020,Buick,Enclave,Véhicule utilitaire sport : ordinaire,3.6,6,A9,X,13.0,9.1,11.2,25,263,4,6
2020,Buick,Enclave AWD,Véhicule utilitaire sport : ordinaire,3.6,6,A9,X,13.6,9.6,11.8,24,277,4,6
2020,Buick,Encore,Véhicule utilitaire sport : petit,1.4,4,AS6,X,9.4,7.8,8.7,32,204,6,5
2020,Buick,Encore AWD,Véhicule utilitaire sport : petit,1.4,4,AS6,X,10.0,8.0,9.1,31,214,5,5
2020,Buick,Encore GX,Véhicule utilitaire sport : petit,1.2,3,AV,X,9.0,7.7,8.4,34,198,6,7
2020,Buick,Encore GX AWD,Véhicule utilitaire sport : petit,1.3,3,A9,X,9.0,8.0,8.5,33,199,6,7
2020,Buick,Envision AWD,Véhicule utilitaire sport : petit,2.0,4,A9,Z,11.7,9.4,10.7,26,250,4,5
2020,Buick,Envision AWD,Véhicule utilitaire sport : petit,2.5,4,A6,X,11.1,8.6,10.0,28,234,5,5
2020,Buick,Regal,Intermédiaire,2.0,4,AS9,Z,10.3,7.4,9.0,31,211,5,5
2020,Buick,Regal AWD,Intermédiaire,2.0,4,AS8,Z,11.0,8.0,9.6,29,227,5,5
2020,Buick,Regal AWD,Intermédiaire,3.6,6,AS9,X,12.5,8.8,10.9,26,255,4,6
2020,Cadillac,CT4,Compacte,2.0,4,AS8,Z,10.1,6.8,8.7,32,203,6,6
2020,Cadillac,CT4,Compacte,2.7,4,AS10,Z,11.5,8.0,9.9,29,232,5,6
2020,Cadillac,CT4 AWD,Compacte,2.0,4,AS8,Z,10.4,7.4,9.1,31,213,5,6
2020,Cadillac,CT4 AWD,Compacte,2.7,4,AS10,Z,11.7,8.4,10.2,28,238,5,6
2020,Cadillac,CT4-V,Compacte,2.7,4,AS10,Z,11.5,8.2,10.0,28,234,5,6
2020,Cadillac,CT4-V AWD,Compacte,2.7,4,AS10,Z,11.7,8.4,10.2,28,238,5,6
2020,Cadillac,CT5,Intermédiaire,2.0,4,AS10,Z,10.4,7.3,9.0,31,209,5,6
2020,Cadillac,CT5,Intermédiaire,3.0,6,AS10,Z,12.6,9.1,11.0,26,256,4,5
2020,Cadillac,CT5 AWD,Intermédiaire,2.0,4,AS10,Z,11.0,7.7,9.5,30,221,5,6
2020,Cadillac,CT5 AWD,Intermédiaire,3.0,6,AS10,Z,13.3,9.3,11.5,25,268,4,5
2020,Cadillac,CT5-V,Intermédiaire,3.0,6,AS10,Z,13.1,9.1,11.3,25,263,4,5
2020,Cadillac,CT5-V AWD,Intermédiaire,3.0,6,AS10,Z,13.8,9.4,11.8,24,276,4,5
2020,Cadillac,CT6 AWD,Grande berline,3.6,6,AS10,X,12.9,8.7,11.0,26,259,4,5
2020,Cadillac,CT6 AWD,Grande berline,4.2,8,AS10,Z,17.3,9.5,13.8,20,324,3,3
2020,Cadillac,Escalade 4WD,Véhicule utilitaire sport : ordinaire,6.2,8,A10,Z,16.7,11.1,14.2,20,333,3,3
2020,Cadillac,XT4,Véhicule utilitaire sport : petit,2.0,4,AS9,Z,9.8,7.8,8.9,32,209,5,6
2020,Cadillac,XT4 AWD,Véhicule utilitaire sport : petit,2.0,4,AS9,Z,10.9,8.2,9.7,29,227,5,6
2020,Cadillac,XT5,Véhicule utilitaire sport : petit,2.0,4,AS9,Z,11.0,8.3,9.8,29,227,5,6
2020,Cadillac,XT5 AWD,Véhicule utilitaire sport : petit,2.0,4,AS9,Z,11.2,8.9,10.1,28,235,5,6
2020,Cadillac,XT5 AWD,Véhicule utilitaire sport : petit,3.6,6,AS9,X,13.4,9.4,11.6,24,270,4,6
2020,Cadillac,XT6 AWD,Véhicule utilitaire sport : petit,3.6,6,AS9,X,13.5,9.7,11.8,24,277,4,6
2020,Chevrolet,Blazer,Véhicule utilitaire sport : petit,2.0,4,A9,X,11.0,8.3,9.8,29,225,5,6
2020,Chevrolet,Blazer,Véhicule utilitaire sport : petit,2.5,4,A9,X,11.3,8.9,10.2,28,238,5,5
2020,Chevrolet,Blazer AWD,Véhicule utilitaire sport : petit,2.0,4,A9,X,11.3,8.7,10.1,28,232,5,6
2020,Chevrolet,Blazer AWD,Véhicule utilitaire sport : petit,3.6,6,A9,X,13.1,9.4,11.4,25,269,4,6
2020,Chevrolet,Camaro,Sous-compacte,2.0,4,AS8,Z,10.9,7.6,9.4,30,219,5,5
2020,Chevrolet,Camaro,Sous-compacte,2.0,4,M6,Z,11.9,7.9,10.1,28,235,5,5
2020,Chevrolet,Camaro,Sous-compacte,3.6,6,AS10,X,12.5,8.1,10.5,27,247,4,6
2020,Chevrolet,Camaro,Sous-compacte,3.6,6,M6,X,14.3,9.0,11.9,24,280,4,6
2020,Chevrolet,Camaro SS,Sous-compacte,6.2,8,AS10,Z,14.6,8.9,12.1,23,282,4,1
2020,Chevrolet,Camaro SS,Sous-compacte,6.2,8,M6,Z,14.9,9.9,12.6,22,296,3,1
2020,Chevrolet,Camaro ZL1,Sous-compacte,6.2,8,AS10,Z,18.3,11.2,15.1,19,355,2,1
2020,Chevrolet,Camaro ZL1,Sous-compacte,6.2,8,M6,Z,17.2,12.0,14.8,19,349,2,1
2020,Chevrolet,Colorado,Camionnette : petite,2.5,4,A6,X,12.1,9.2,10.8,26,252,4,5
2020,Chevrolet,Colorado,Camionnette : petite,2.8,4,A6,D,11.8,7.9,10.1,28,270,4,3
2020,Chevrolet,Colorado,Camionnette : petite,3.6,6,A8,X,13.4,9.6,11.7,24,273,4,5
2020,Chevrolet,Colorado 4WD,Camionnette : petite,2.5,4,A6,X,12.6,9.7,11.3,25,265,4,5
2020,Chevrolet,Colorado 4WD,Camionnette : petite,2.8,4,A6,D,12.3,8.5,10.6,27,284,3,3
2020,Chevrolet,Colorado 4WD,Camionnette : petite,3.6,6,A8,X,14.0,9.9,12.2,23,286,3,5
2020,Chevrolet,Colorado ZR2 4WD,Camionnette : petite,2.8,4,A6,D,13.3,10.6,12.1,23,326,3,3
2020,Chevrolet,Colorado ZR2 4WD,Camionnette : petite,3.6,6,A8,X,15.0,13.0,14.1,20,331,3,5
2020,Chevrolet,Corvette,Deux places,6.2,8,AS8,Z,15.4,8.7,12.4,23,290,3,3
2020,Chevrolet,Equinox,Véhicule utilitaire sport : petit,1.5,4,A6,X,8.9,7.7,8.4,34,196,6,7
2020,Chevrolet,Equinox AWD,Véhicule utilitaire sport : petit,1.5,4,A6,X,9.3,8.0,8.7,32,204,6,7
2020,Chevrolet,Equinox AWD,Véhicule utilitaire sport : petit,2.0,4,A9,Z,10.9,8.3,9.7,29,228,5,5
2020,Chevrolet,Impala,Grande berline,3.6,6,AS6,X,12.8,8.5,10.9,26,255,4,5
2020,Chevrolet,Impala,Grande berline,3.6,6,AS6,E,17.2,11.6,14.7,19,246,4,5
2020,Chevrolet,Malibu,Intermédiaire,1.5,4,AV,X,8.2,6.6,7.5,38,189,6,6
2020,Chevrolet,Malibu,Intermédiaire,2.0,4,A9,Z,10.5,7.4,9.1,31,214,5,5
2020,Chevrolet,Silverado,Camionnette : ordinaire,2.7,4,A8,X,11.9,10.3,11.1,25,262,4,6
2020,Chevrolet,Silverado WT,Camionnette : ordinaire,2.7,4,A8,X,12.5,10.8,11.7,24,275,4,6
2020,Chevrolet,Silverado,Camionnette : ordinaire,3.0,6,A10,D,10.2,7.2,8.9,32,238,5,1
2020,Chevrolet,Silverado,Camionnette : ordinaire,4.3,6,A6,X,15.1,11.5,13.5,21,318,3,6
2020,Chevrolet,Silverado,Camionnette : ordinaire,5.3,8,A6,X,15.9,11.4,13.9,20,326,3,5
2020,Chevrolet,Silverado FFV,Camionnette : ordinaire,5.3,8,A6,X,16.0,12.6,14.4,20,339,2,3
2020,Chevrolet,Silverado FFV,Camionnette : ordinaire,5.3,8,A6,E,22.2,16.2,19.5,14,326,3,3
2020,Chevrolet,Silverado,Camionnette : ordinaire,5.3,8,A8,X,13.9,10.1,12.2,23,286,3,5
2020,Chevrolet,Silverado 4WD,Camionnette : ordinaire,2.7,4,A8,X,12.5,10.8,11.7,24,275,4,6
2020,Chevrolet,Silverado WT 4WD,Camionnette : ordinaire,2.7,4,A8,X,12.7,11.0,12.0,24,280,4,6
2020,Chevrolet,Silverado 4WD,Camionnette : ordinaire,3.0,6,A10,D,10.4,8.0,9.4,30,252,4,1
2020,Chevrolet,Silverado 4WD,Camionnette : ordinaire,4.3,6,A6,X,15.7,12.0,14.1,20,331,3,6
2020,Chevrolet,Silverado 4WD Custom Trail Boss,Camionnette : ordinaire,4.3,6,A6,X,16.3,12.9,14.8,19,349,2,6
2020,Chevrolet,Silverado 4WD,Camionnette : ordinaire,5.3,8,A6,X,15.9,11.8,14.1,20,331,3,5
2020,Chevrolet,Silverado 4WD FFV,Camionnette : ordinaire,5.3,8,A6,X,16.6,13.0,15.0,19,350,2,3
2020,Chevrolet,Silverado 4WD FFV,Camionnette : ordinaire,5.3,8,A6,E,22.3,18.1,20.5,14,342,2,3
2020,Chevrolet,Silverado 4WD Custom Trail Boss,Camionnette : ordinaire,5.3,8,A6,X,16.7,13.1,15.1,19,354,2,5
2020,Chevrolet,Silverado 4WD,Camionnette : ordinaire,5.3,8,A8,X,14.7,10.7,12.9,22,303,3,5
2020,Chevrolet,Silverado 4WD,Camionnette : ordinaire,5.3,8,A10,X,14.3,10.6,12.6,22,296,3,5
2020,Chevrolet,Silverado 4WD LT Trail Boss,Camionnette : ordinaire,5.3,8,A10,X,14.7,11.2,13.1,22,307,3,5
2020,Chevrolet,Silverado 4WD,Camionnette : ordinaire,6.2,8,A10,Z,15.0,12.0,13.7,21,321,3,3
2020,Chevrolet,Silverado 4WD Custom Trail Boss,Camionnette : ordinaire,6.2,8,A10,Z,16.8,13.3,15.2,19,357,2,3
2020,Chevrolet,Silverado 4WD LT Trail Boss,Camionnette : ordinaire,6.2,8,A10,Z,15.7,12.4,14.2,20,332,3,3
2020,Chevrolet,Spark,Sous-compacte,1.4,4,AV,X,7.9,6.2,7.1,40,167,7,5
2020,Chevrolet,Spark,Sous-compacte,1.4,4,M5,X,8.0,6.2,7.2,39,170,7,5
2020,Chevrolet,Suburban,Véhicule utilitaire sport : ordinaire,5.3,8,A6,X,15.7,10.5,13.4,21,314,3,3
2020,Chevrolet,Suburban FFV,Véhicule utilitaire sport : ordinaire,5.3,8,A6,X,15.7,10.5,13.4,21,314,3,3
2020,Chevrolet,Suburban FFV,Véhicule utilitaire sport : ordinaire,5.3,8,A6,E,21.2,13.9,17.9,16,298,3,3
2020,Chevrolet,Suburban 4WD,Véhicule utilitaire sport : ordinaire,5.3,8,A6,X,16.8,11.3,14.4,20,337,2,3
2020,Chevrolet,Suburban 4WD FFV,Véhicule utilitaire sport : ordinaire,5.3,8,A6,X,16.8,11.3,14.4,20,337,2,3
2020,Chevrolet,Suburban 4WD FFV,Véhicule utilitaire sport : ordinaire,5.3,8,A6,E,22.2,15.3,19.1,15,319,3,3
2020,Chevrolet,Suburban 4WD,Véhicule utilitaire sport : ordinaire,6.2,8,A10,Z,17.2,11.4,14.6,19,343,2,3
2020,Chevrolet,Tahoe,Véhicule utilitaire sport : ordinaire,5.3,8,A6,X,15.7,10.5,13.4,21,314,3,3
2020,Chevrolet,Tahoe FFV,Véhicule utilitaire sport : ordinaire,5.3,8,A6,X,15.7,10.5,13.4,21,314,3,3
2020,Chevrolet,Tahoe FFV,Véhicule utilitaire sport : ordinaire,5.3,8,A6,E,21.2,13.9,17.9,16,298,3,3
2020,Chevrolet,Tahoe 4WD,Véhicule utilitaire sport : ordinaire,5.3,8,A6,X,16.0,11.2,13.8,20,325,3,3
2020,Chevrolet,Tahoe 4WD FFV,Véhicule utilitaire sport : ordinaire,5.3,8,A6,X,16.0,11.2,13.8,20,325,3,3
2020,Chevrolet,Tahoe 4WD FFV,Véhicule utilitaire sport : ordinaire,5.3,8,A6,E,21.7,14.3,18.4,15,305,3,3
2020,Chevrolet,Tahoe 4WD,Véhicule utilitaire sport : ordinaire,6.2,8,A10,Z,16.5,10.9,13.9,20,327,3,3
2020,Chevrolet,Traverse,Véhicule utilitaire sport : ordinaire,3.6,6,A9,X,13.0,8.8,11.1,25,261,4,6
2020,Chevrolet,Traverse AWD,Véhicule utilitaire sport : ordinaire,3.6,6,A9,X,13.6,9.6,11.8,24,276,4,6
2020,Chevrolet,Trax,Véhicule utilitaire sport : petit,1.4,4,AS6,X,9.1,7.6,8.4,34,196,6,5
2020,Chevrolet,Trax AWD,Véhicule utilitaire sport : petit,1.4,4,AS6,X,10.0,8.0,9.1,31,214,5,5
2020,Chrysler,300,Grande berline,3.6,6,A8,X,12.4,7.8,10.3,27,242,5,3
2020,Chrysler,300,Grande berline,5.7,8,A8,X,14.7,9.4,12.3,23,289,3,3
2020,Chrysler,300 AWD,Grande berline,3.6,6,A8,X,12.8,8.7,11.0,26,258,4,3
2020,Chrysler,Pacifica (Stop-Start),Fourgonnette,3.6,6,A9,X,12.4,8.4,10.6,27,249,4,7
2020,Chrysler,Pacifica AWD (Stop-Start),Fourgonnette,3.6,6,A9,X,13.9,9.2,11.8,24,276,4,7
2020,Chrysler,Voyager (Stop-Start),Fourgonnette,3.6,6,A9,X,12.4,8.4,10.6,27,249,4,7
2020,Dodge,Challenger,Intermédiaire,3.6,6,A8,X,12.4,7.8,10.3,27,242,5,3
2020,Dodge,Challenger (MDS),Intermédiaire,5.7,8,A8,X,14.7,9.4,12.3,23,289,3,3
2020,Dodge,Challenger,Intermédiaire,5.7,8,M6,Z,15.6,10.1,13.1,22,307,3,1
2020,Dodge,Challenger (MDS),Intermédiaire,6.4,8,A8,Z,15.8,9.6,13.0,22,305,3,1
2020,Dodge,Challenger,Intermédiaire,6.4,8,M6,Z,16.7,10.4,13.9,20,325,3,1
2020,Dodge,Challenger AWD,Intermédiaire,3.6,6,A8,X,12.8,8.7,11.0,26,258,4,3
2020,Dodge,Challenger Widebody (MDS),Intermédiaire,6.4,8,A8,Z,15.8,9.6,13.0,22,305,3,1
2020,Dodge,Challenger Widebody (MDS),Intermédiaire,6.4,8,M6,Z,16.7,10.4,13.9,20,325,3,1
2020,Dodge,Challenger SRT Hellcat,Intermédiaire,6.2,8,A8,Z,17.6,10.7,14.5,19,339,2,1
2020,Dodge,Challenger SRT Hellcat,Intermédiaire,6.2,8,M6,Z,18.1,11.4,15.1,19,352,2,1
2020,Dodge,Challenger SRT Hellcat Widebody,Intermédiaire,6.2,8,A8,Z,18.6,11.2,15.3,18,358,2,1
2020,Dodge,Challenger SRT Hellcat Widebody,Intermédiaire,6.2,8,M6,Z,18.1,11.4,15.1,19,352,2,1
2020,Dodge,Charger,Grande berline,3.6,6,A5,X,13.7,9.0,11.6,24,271,4,3
2020,Dodge,Charger,Grande berline,3.6,6,A8,X,12.4,7.8,10.3,27,242,5,3
2020,Dodge,Charger (MDS),Grande berline,5.7,8,A8,X,14.7,9.4,12.3,23,289,3,3
2020,Dodge,Charger (MDS),Grande berline,6.4,8,A8,Z,15.8,9.6,13.0,22,305,3,1
2020,Dodge,Charger AWD,Grande berline,3.6,6,A8,X,12.8,8.7,11.0,26,258,4,3
2020,Dodge,Charger Widebody (MDS),Grande berline,6.4,8,A8,Z,15.8,9.6,13.0,22,305,3,1
2020,Dodge,Charger SRT Hellcat Widebody,Grande berline,6.2,8,A8,Z,19.0,11.5,15.6,18,368,2,1
2020,Dodge,Durango AWD,Véhicule utilitaire sport : ordinaire,3.6,6,A8,X,12.7,9.6,11.3,25,265,4,7
2020,Dodge,Durango AWD,Véhicule utilitaire sport : ordinaire,5.7,8,A8,X,16.7,10.9,14.1,20,331,3,3
2020,Dodge,Durango AWD SRT,Véhicule utilitaire sport : ordinaire,6.4,8,A8,Z,18.3,12.2,15.6,18,363,2,1
2020,Dodge,Grand Caravan,Fourgonnette,3.6,6,A6,X,13.7,9.4,11.8,24,276,4,5
2020,Dodge,Journey,Véhicule utilitaire sport : petit,2.4,4,A4,X,12.7,9.2,11.1,25,261,4,3
2020,FIAT,124 Spider,Deux places,1.4,4,A6,X,9.3,6.5,8.0,35,187,6,3
2020,FIAT,124 Spider,Deux places,1.4,4,M6,X,9.0,6.7,7.9,36,185,7,3
2020,FIAT,500L,Familiale : petite,1.4,4,A6,X,10.7,7.9,9.4,30,221,5,3
2020,FIAT,500X AWD,Véhicule utilitaire sport : petit,1.3,4,A9,X,10.0,7.9,9.1,31,213,5,6
2020,Ford,EcoSport,Véhicule utilitaire sport : petit,1.0,3,AS6,X,8.6,8.1,8.4,34,197,6,5
2020,Ford,EcoSport AWD,Véhicule utilitaire sport : petit,2.0,4,AS6,X,10.2,8.1,9.2,31,216,5,5
2020,Ford,Edge,Véhicule utilitaire sport : petit,2.0,4,A8,X,11.2,8.1,9.8,29,229,5,5
2020,Ford,Edge AWD,Véhicule utilitaire sport : petit,2.0,4,A8,X,11.4,8.3,10.0,28,233,5,5
2020,Ford,Edge AWD,Véhicule utilitaire sport : petit,2.0,4,AS8,X,11.4,8.3,10.0,28,233,5,5
2020,Ford,Edge AWD,Véhicule utilitaire sport : petit,2.7,6,AS8,X,12.5,9.2,11.0,26,258,4,5
2020,Ford,Escape,Véhicule utilitaire sport : petit,1.5,3,A8,X,8.6,7.1,7.9,36,185,7,7
2020,Ford,Escape AWD,Véhicule utilitaire sport : petit,1.5,3,A8,X,8.9,7.6,8.3,34,196,6,7
2020,Ford,Escape AWD,Véhicule utilitaire sport : petit,2.0,4,AS8,X,10.4,7.5,9.1,31,213,5,5
2020,Ford,Escape Hybrid,Véhicule utilitaire sport : petit,2.5,4,AV,X,5.4,6.3,5.8,49,136,9,7
2020,Ford,Escape Hybrid AWD,Véhicule utilitaire sport : petit,2.5,4,AV,X,5.5,6.4,5.9,48,139,9,7
2020,Ford,Expedition 4X4,Véhicule utilitaire sport : ordinaire,3.5,6,AS10,X,14.1,10.6,12.5,23,294,3,5
2020,Ford,Expedition MAX 4X4,Véhicule utilitaire sport : ordinaire,3.5,6,AS10,X,14.7,11.2,13.1,22,308,3,5
2020,Ford,Explorer AWD,Véhicule utilitaire sport : ordinaire,2.3,4,AS10,X,11.6,8.7,10.3,27,241,5,5
2020,Ford,Explorer AWD,Véhicule utilitaire sport : ordinaire,3.0,6,AS10,X,13.3,9.8,11.8,24,278,4,5
2020,Ford,Explorer Hybrid AWD,Véhicule utilitaire sport : ordinaire,3.3,6,AS10,X,10.1,9.0,9.6,29,225,5,5
2020,Ford,F-150,Camionnette : ordinaire,2.7,6,AS10,X,12.0,8.9,10.6,27,249,4,5
2020,Ford,F-150,Camionnette : ordinaire,3.0,6,AS10,D,11.1,8.3,9.8,29,264,4,1
2020,Ford,F-150 (LT Tire Pkg),Camionnette : ordinaire,3.0,6,AS10,D,11.1,8.3,9.8,29,264,4,1
2020,Ford,F-150 FFV,Camionnette : ordinaire,3.3,6,AS6,X,12.1,9.3,10.8,26,254,4,5
2020,Ford,F-150 FFV,Camionnette : ordinaire,3.3,6,AS6,E,16.6,12.6,14.8,19,245,5,5
2020,Ford,F-150,Camionnette : ordinaire,3.5,6,AS10,X,14.3,10.7,12.7,22,298,3,5
2020,Ford,F-150 FFV,Camionnette : ordinaire,5.0,8,AS10,X,14.3,10.6,12.6,22,297,3,3
2020,Ford,F-150 FFV,Camionnette : ordinaire,5.0,8,AS10,E,20.0,14.8,17.6,16,293,3,3
2020,Ford,F-150 FFV (LT Tire Pkg),Camionnette : ordinaire,5.0,8,AS10,X,14.4,11.2,13.0,22,305,3,3
2020,Ford,F-150 FFV (LT Tire Pkg),Camionnette : ordinaire,5.0,8,AS10,E,20.0,14.9,17.7,16,294,3,3
2020,Ford,F-150 FFV (Payload Pkg),Camionnette : ordinaire,5.0,8,AS10,X,15.1,11.8,13.6,21,319,3,3
2020,Ford,F-150 FFV (Payload Pkg),Camionnette : ordinaire,5.0,8,AS10,E,19.9,15.8,18.0,16,300,3,3
2020,Ford,F-150 4X4,Camionnette : ordinaire,2.7,6,AS10,X,13.1,10.2,11.8,24,277,4,5
2020,Ford,F-150 4X4,Camionnette : ordinaire,3.0,6,AS10,D,11.9,9.4,10.8,26,290,3,1
2020,Ford,F-150 4X4 XL/XLT,Camionnette : ordinaire,3.0,6,AS10,D,11.3,8.5,10.0,28,270,4,1
2020,Ford,F-150 FFV 4X4,Camionnette : ordinaire,3.3,6,AS6,X,12.9,10.2,11.7,24,274,4,5
2020,Ford,F-150 FFV 4X4,Camionnette : ordinaire,3.3,6,AS6,E,17.6,13.8,15.9,18,265,4,5
2020,Ford,F-150 4X4,Camionnette : ordinaire,3.5,6,AS10,X,14.6,10.9,13.0,22,304,3,5
2020,Ford,F-150 4X4 Limited,Camionnette : ordinaire,3.5,6,AS10,X,13.8,11.2,12.6,22,296,3,5
2020,Ford,F-150 FFV 4X4,Camionnette : ordinaire,5.0,8,AS10,X,15.1,11.6,13.5,21,317,3,3
2020,Ford,F-150 FFV 4X4,Camionnette : ordinaire,5.0,8,AS10,E,20.3,14.7,17.8,16,296,3,3
2020,Ford,F-150 Raptor 4X4,Camionnette : ordinaire,3.5,6,AS10,X,15.3,13.1,14.3,20,336,2,5
2020,Ford,Fusion,Intermédiaire,1.5,4,AS6,X,10.0,7.0,8.7,32,203,6,7
2020,Ford,Fusion Hybrid,Intermédiaire,2.0,4,AV,X,5.5,5.7,5.6,50,131,9,7
2020,Ford,GT,Deux places,3.5,6,AM7,Z,19.8,12.8,16.6,17,393,1,3
2020,Ford,Mustang,Sous-compacte,2.3,4,AS10,X,11.2,7.3,9.4,30,221,5,5
2020,Ford,Mustang (Performance Pkg),Sous-compacte,2.3,4,AS10,X,11.8,8.4,10.3,27,242,5,5
2020,Ford,Mustang,Sous-compacte,2.3,4,M6,X,11.2,7.9,9.7,29,226,5,5
2020,Ford,Mustang (Performance Pkg),Sous-compacte,2.3,4,M6,X,11.8,8.7,10.4,27,244,5,5
2020,Ford,Mustang,Sous-compacte,5.0,8,AS10,X,15.0,9.1,12.3,23,289,3,3
2020,Ford,Mustang,Sous-compacte,5.0,8,M6,X,16.1,9.9,13.3,21,312,3,3
2020,Ford,Mustang Bullitt,Sous-compacte,5.0,8,M6,X,16.4,10.2,13.6,21,319,3,3
2020,Ford,Mustang Convertible,Sous-compacte,2.3,4,AS10,X,11.8,8.4,10.3,27,242,5,5
2020,Ford,Mustang Convertible (Performance Pkg),Sous-compacte,2.3,4,AS10,X,11.8,8.7,10.4,27,244,5,5
2020,Ford,Mustang Convertible,Sous-compacte,2.3,4,M6,X,11.8,8.4,10.3,27,240,5,5
2020,Ford,Mustang Convertible (Performance Pkg),Sous-compacte,2.3,4,M6,X,12.1,9.1,10.7,26,252,4,5
2020,Ford,Mustang Convertible,Sous-compacte,5.0,8,AS10,X,15.4,9.7,12.9,22,303,3,3
2020,Ford,Ranger 4WD,Camionnette : ordinaire,2.3,4,AS10,X,11.8,9.8,10.9,26,256,4,5
2020,Ford,Shelby GT350 Mustang,Sous-compacte,5.2,8,M6,Z,17.1,11.4,14.5,19,342,2,3
2020,Ford,Shelby GT500 Mustang,Sous-compacte,5.2,8,AM7,Z,19.9,12.7,16.7,17,392,1,3
2020,Ford,T-150 Wagon FFV,Fourgon : passager,3.5,6,AS10,X,16.2,12.3,14.5,19,340,2,1
2020,Ford,T-150 Wagon FFV,Fourgon : passager,3.5,6,AS10,E,21.5,16.2,19.1,15,316,3,1
2020,Ford,T-150 Wagon FFV 4WD,Fourgon : passager,3.5,6,AS10,X,16.7,12.8,15.0,19,352,2,1
2020,Ford,T-150 Wagon FFV 4WD,Fourgon : passager,3.5,6,AS10,E,22.1,16.8,19.8,14,328,3,1
2020,Ford,Transit Connect Van FFV,Véhicule à usage spécial,2.0,4,AS8,X,9.8,8.8,9.3,30,219,5,5
2020,Ford,Transit Connect Van FFV,Véhicule à usage spécial,2.0,4,AS8,E,13.3,11.8,12.6,22,209,5,5
2020,Ford,Transit Connect Van LWB,Véhicule à usage spécial,2.0,4,AS8,X,9.8,8.8,9.3,30,219,5,6
2020,Ford,Transit Connect Van LWB,Véhicule à usage spécial,2.5,4,AS6,X,12.0,8.8,10.6,27,247,4,5
2020,Ford,Transit Connect Wagon LWB,Véhicule à usage spécial,2.0,4,AS8,X,9.9,8.2,9.2,31,214,5,6
2020,Ford,Transit Connect Wagon LWB FFV,Véhicule à usage spécial,2.0,4,AS8,X,9.9,8.2,9.2,31,214,5,5
2020,Ford,Transit Connect Wagon LWB FFV,Véhicule à usage spécial,2.0,4,AS8,E,13.7,11.1,12.5,23,208,6,5
2020,Ford,Transit Connect Wagon LWB,Véhicule à usage spécial,2.5,4,AS6,X,12.1,9.0,10.7,26,251,4,5
2020,Genesis,G70,Compacte,2.0,4,M6,Z,12.8,8.5,10.9,26,255,4,3
2020,Genesis,G70 AWD,Compacte,2.0,4,AS8,Z,11.4,8.6,10.2,28,238,5,3
2020,Genesis,G70 AWD,Compacte,3.3,6,AS8,Z,14.1,9.5,12.0,24,284,3,3
2020,Genesis,G80 AWD,Grande berline,3.3,6,AS8,Z,13.8,9.7,11.9,24,282,4,3
2020,Genesis,G80 AWD,Grande berline,3.8,6,AS8,X,13.4,9.6,11.7,24,276,4,5
2020,Genesis,G80 AWD,Grande berline,5.0,8,AS8,Z,15.6,10.4,13.2,21,312,3,5
2020,Genesis,G90 AWD,Grande berline,3.3,6,AS8,Z,13.6,9.5,11.8,24,280,4,3
2020,Genesis,G90 AWD,Grande berline,5.0,8,AS8,Z,15.4,10.2,13.1,22,311,3,5
2020,GMC,Acadia,Véhicule utilitaire sport : ordinaire,2.0,4,A9,X,11.0,8.3,9.8,29,225,5,6
2020,GMC,Acadia,Véhicule utilitaire sport : ordinaire,2.5,4,A9,X,11.3,8.9,10.2,28,238,5,5
2020,GMC,Acadia,Véhicule utilitaire sport : ordinaire,3.6,6,A9,X,12.6,8.8,10.9,26,257,4,6
2020,GMC,Acadia AWD,Véhicule utilitaire sport : ordinaire,2.0,4,A9,X,11.3,8.7,10.1,28,232,5,6
2020,GMC,Acadia AWD,Véhicule utilitaire sport : ordinaire,3.6,6,A9,X,13.1,9.4,11.4,25,269,4,6
2020,GMC,Canyon,Camionnette : petite,2.5,4,A6,X,12.1,9.2,10.8,26,252,4,5
2020,GMC,Canyon,Camionnette : petite,2.8,4,A6,D,11.8,7.9,10.1,28,270,4,3
2020,GMC,Canyon,Camionnette : petite,3.6,6,A8,X,13.4,9.6,11.7,24,273,4,5
2020,GMC,Canyon 4WD,Camionnette : petite,2.5,4,A6,X,12.6,9.7,11.3,25,265,4,5
2020,GMC,Canyon 4WD,Camionnette : petite,2.8,4,A6,D,12.3,8.5,10.6,27,284,3,3
2020,GMC,Canyon 4WD,Camionnette : petite,3.6,6,A8,X,14.0,9.9,12.2,23,286,3,5
2020,GMC,Sierra,Camionnette : ordinaire,2.7,4,A8,X,11.9,10.3,11.1,25,262,4,6
2020,GMC,Sierra WT,Camionnette : ordinaire,2.7,4,A8,X,12.5,10.8,11.7,24,275,4,6
2020,GMC,Sierra,Camionnette : ordinaire,3.0,6,A10,D,10.2,7.8,9.1,31,245,5,1
2020,GMC,Sierra,Camionnette : ordinaire,4.3,6,A6,X,15.1,11.5,13.5,21,318,3,6
2020,GMC,Sierra,Camionnette : ordinaire,5.3,8,A6,X,15.9,11.4,13.9,20,326,3,5
2020,GMC,Sierra FFV,Camionnette : ordinaire,5.3,8,A6,X,16.0,12.6,14.4,20,339,2,3
2020,GMC,Sierra FFV,Camionnette : ordinaire,5.3,8,A6,E,22.2,16.2,19.5,14,326,3,3
2020,GMC,Sierra,Camionnette : ordinaire,5.3,8,A8,X,14.0,10.1,12.2,23,288,3,5
2020,GMC,Sierra 4WD,Camionnette : ordinaire,2.7,4,A8,X,12.5,10.8,11.7,24,275,4,6
2020,GMC,Sierra WT 4WD,Camionnette : ordinaire,2.7,4,A8,X,12.7,11.0,12.0,24,280,4,6
2020,GMC,Sierra 4WD,Camionnette : ordinaire,3.0,6,A10,D,10.5,9.1,9.9,29,265,4,1
2020,GMC,Sierra 4WD AT4,Camionnette : ordinaire,3.0,6,A10,D,10.5,9.1,9.9,29,265,4,1
2020,GMC,Sierra 4WD,Camionnette : ordinaire,4.3,6,A6,X,15.7,12.0,14.1,20,331,3,6
2020,GMC,Sierra 4WD,Camionnette : ordinaire,5.3,8,A6,X,15.9,11.8,14.1,20,331,3,5
2020,GMC,Sierra 4WD FFV,Camionnette : ordinaire,5.3,8,A6,X,16.4,12.6,14.7,19,344,2,3
2020,GMC,Sierra 4WD FFV,Camionnette : ordinaire,5.3,8,A6,E,21.8,16.8,19.5,14,325,3,3
2020,GMC,Sierra 4WD AT4,Camionnette : ordinaire,5.3,8,A6,X,16.7,13.1,15.1,19,354,2,5
2020,GMC,Sierra 4WD,Camionnette : ordinaire,5.3,8,A8,X,14.7,10.8,13.0,22,304,3,5
2020,GMC,Sierra 4WD AT4,Camionnette : ordinaire,5.3,8,A8,X,15.1,11.4,13.4,21,314,3,5
2020,GMC,Sierra 4WD,Camionnette : ordinaire,5.3,8,A10,X,14.3,10.6,12.7,22,298,3,5
2020,GMC,Sierra 4WD AT4,Camionnette : ordinaire,5.3,8,A10,X,14.7,11.2,13.1,22,307,3,5
2020,GMC,Sierra 4WD,Camionnette : ordinaire,6.2,8,A10,Z,15.5,11.9,13.9,20,326,3,3
2020,GMC,Sierra 4WD AT4,Camionnette : ordinaire,6.2,8,A10,Z,15.7,12.4,14.2,20,332,3,3
2020,GMC,Terrain,Véhicule utilitaire sport : petit,1.5,4,A9,X,9.2,7.8,8.6,33,202,6,7
2020,GMC,Terrain AWD,Véhicule utilitaire sport : petit,1.5,4,A9,X,9.5,8.3,9.0,31,210,5,7
2020,GMC,Terrain AWD,Véhicule utilitaire sport : petit,2.0,4,A9,Z,11.2,9.0,10.2,28,239,5,5
2020,GMC,Yukon,Véhicule utilitaire sport : ordinaire,5.3,8,A6,X,15.7,10.5,13.4,21,314,3,3
2020,GMC,Yukon FFV,Véhicule utilitaire sport : ordinaire,5.3,8,A6,X,15.7,10.5,13.4,21,314,3,3
2020,GMC,Yukon FFV,Véhicule utilitaire sport : ordinaire,5.3,8,A6,E,21.2,13.9,17.9,16,298,3,3
2020,GMC,Yukon 4WD,Véhicule utilitaire sport : ordinaire,5.3,8,A6,X,16.0,11.2,13.8,20,325,3,3
2020,GMC,Yukon 4WD FFV,Véhicule utilitaire sport : ordinaire,5.3,8,A6,X,16.0,11.2,13.8,20,325,3,3
2020,GMC,Yukon 4WD FFV,Véhicule utilitaire sport : ordinaire,5.3,8,A6,E,21.7,14.3,18.4,15,305,3,3
2020,GMC,Yukon 4WD,Véhicule utilitaire sport : ordinaire,6.2,8,A10,Z,16.5,10.9,13.9,20,327,3,3
2020,GMC,Yukon XL,Véhicule utilitaire sport : ordinaire,5.3,8,A6,X,15.7,10.5,13.4,21,314,3,3
2020,GMC,Yukon XL FFV,Véhicule utilitaire sport : ordinaire,5.3,8,A6,X,15.7,10.5,13.4,21,314,3,3
2020,GMC,Yukon XL FFV,Véhicule utilitaire sport : ordinaire,5.3,8,A6,E,21.2,13.9,17.9,16,298,3,3
2020,GMC,Yukon XL 4WD,Véhicule utilitaire sport : ordinaire,5.3,8,A6,X,16.8,11.3,14.4,20,337,2,3
2020,GMC,Yukon XL 4WD FFV,Véhicule utilitaire sport : ordinaire,5.3,8,A6,X,16.8,11.3,14.4,20,337,2,3
2020,GMC,Yukon XL 4WD FFV,Véhicule utilitaire sport : ordinaire,5.3,8,A6,E,22.2,15.3,19.1,15,319,3,3
2020,GMC,Yukon XL 4WD,Véhicule utilitaire sport : ordinaire,6.2,8,A10,Z,17.2,11.4,14.6,19,343,2,3
2020,Honda,Accord,Grande berline,1.5,4,AV,X,7.9,6.3,7.2,39,170,7,7
2020,Honda,Accord,Grande berline,1.5,4,AV7,X,8.2,6.8,7.6,37,177,7,7
2020,Honda,Accord,Grande berline,1.5,4,M6,X,8.9,6.7,7.9,36,185,7,6
2020,Honda,Accord,Grande berline,2.0,4,M6,X,10.7,7.3,9.2,31,214,5,6
2020,Honda,Accord Sport/Touring,Intermédiaire,2.0,4,AS10,X,10.4,7.4,9.1,31,211,5,7
2020,Honda,Accord Hybrid,Grande berline,2.0,4,AV,X,5.0,5.0,5.0,56,117,10,7
2020,Honda,Civic Coupe,Compacte,1.5,4,AV7,X,7.8,6.4,7.2,39,167,7,3
2020,Honda,Civic Coupe,Compacte,2.0,4,AV,X,7.8,6.1,7.1,40,164,8,3
2020,Honda,Civic Coupe,Compacte,2.0,4,AV7,X,8.3,6.6,7.5,38,176,7,3
2020,Honda,Civic Coupe,Compacte,2.0,4,M6,X,9.3,6.7,8.1,35,189,6,3
2020,Honda,Civic Coupe Si,Compacte,1.5,4,M6,Z,8.9,6.4,7.8,36,183,7,3
2020,Honda,Civic Hatchback,Grande berline,1.5,4,AV,X,7.7,6.0,6.9,41,162,8,3
2020,Honda,Civic Hatchback,Grande berline,1.5,4,M6,X,8.0,6.2,7.2,39,167,7,3
2020,Honda,Civic Hatchback Sport,Grande berline,1.5,4,AV7,Z,8.0,6.6,7.4,38,172,7,3
2020,Honda,Civic Hatchback Sport,Grande berline,1.5,4,M6,Z,8.0,6.2,7.2,39,167,7,3
2020,Honda,Civic Sedan,Intermédiaire,1.5,4,AV7,X,7.8,6.2,7.1,40,165,7,3
2020,Honda,Civic Sedan,Intermédiaire,2.0,4,AV,X,7.9,6.1,7.1,40,167,7,3
2020,Honda,Civic Sedan,Intermédiaire,2.0,4,AV7,X,8.2,6.5,7.4,38,172,7,3
2020,Honda,Civic Sedan,Intermédiaire,2.0,4,M6,X,9.3,6.5,8.0,35,186,7,3
2020,Honda,Civic Sedan Si,Intermédiaire,1.5,4,M6,Z,8.9,6.4,7.8,36,183,7,3
2020,Honda,Civic Type R,Grande berline,2.0,4,M6,Z,10.5,8.4,9.6,29,223,5,3
2020,Honda,CR-V,Véhicule utilitaire sport : petit,1.5,4,AV,X,8.3,7.0,7.7,37,180,7,6
2020,Honda,CR-V AWD,Véhicule utilitaire sport : petit,1.5,4,AV,X,8.7,7.4,8.1,35,189,6,6
2020,Honda,Fit,Familiale : petite,1.5,4,AV,X,7.0,5.9,6.5,43,151,8,7
2020,Honda,Fit,Familiale : petite,1.5,4,AV7,X,7.6,6.5,7.0,40,166,7,7
2020,Honda,Fit,Familiale : petite,1.5,4,M6,X,8.1,6.6,7.4,38,174,7,3
2020,Honda,HR-V,Familiale : petite,1.8,4,AV,X,8.4,7.0,7.8,36,181,7,5
2020,Honda,HR-V AWD,Familiale : petite,1.8,4,AV,X,8.8,7.5,8.2,34,193,6,5
2020,Honda,HR-V AWD,Familiale : petite,1.8,4,AV7,X,9.1,7.7,8.5,33,200,6,5
2020,Honda,Insight EX/Touring,Intermédiaire,1.5,4,AV,X,4.6,5.3,4.9,58,115,10,7
2020,Honda,Odyssey,Fourgonnette,3.5,6,AS10,X,12.2,8.5,10.6,27,248,4,5
2020,Honda,Passport AWD,Véhicule utilitaire sport : petit,3.5,6,AS9,X,12.5,9.8,11.3,25,265,4,3
2020,Honda,Pilot AWD,Véhicule utilitaire sport : petit,3.5,6,A6,X,13.0,9.3,11.3,25,266,4,3
2020,Honda,Pilot AWD,Véhicule utilitaire sport : petit,3.5,6,AS9,X,12.4,9.3,11.0,26,257,4,3
2020,Honda,Ridgeline AWD,Camionnette : ordinaire,3.5,6,AS9,X,12.6,10.0,11.4,25,269,4,3
2020,Hyundai,Accent,Compacte,1.6,4,AV,X,7.3,6.0,6.7,42,160,8,3
2020,Hyundai,Accent,Compacte,1.6,4,M6,X,7.8,6.1,7.0,40,168,7,3
2020,Hyundai,Elantra,Intermédiaire,1.6,4,AM7,X,8.9,7.0,8.1,35,192,6,5
2020,Hyundai,Elantra,Intermédiaire,1.6,4,M6,X,10.1,7.6,9.0,31,214,5,5
2020,Hyundai,Elantra,Intermédiaire,2.0,4,AV,X,7.8,5.6,6.8,42,161,8,5
2020,Hyundai,Elantra,Intermédiaire,2.0,4,M6,X,9.1,6.3,7.9,36,187,7,5
2020,Hyundai,Elantra GT,Grande berline,1.6,4,AM7,X,9.7,7.4,8.6,33,205,6,5
2020,Hyundai,Elantra GT,Grande berline,1.6,4,M6,X,10.3,7.9,9.2,31,218,5,5
2020,Hyundai,Elantra GT,Grande berline,2.0,4,AS6,X,9.4,7.1,8.4,34,199,6,5
2020,Hyundai,Elantra GT,Grande berline,2.0,4,M6,X,9.8,7.4,8.7,32,207,6,5
2020,Hyundai,IONIQ,Grande berline,1.6,4,AM6,X,4.2,4.2,4.2,67,99,10,7
2020,Hyundai,IONIQ Blue,Grande berline,1.6,4,AM6,X,4.2,4.0,4.1,69,96,10,7
2020,Hyundai,Kona,Véhicule utilitaire sport : petit,2.0,4,AS6,X,8.6,7.0,7.9,36,187,7,5
2020,Hyundai,Kona AWD,Véhicule utilitaire sport : petit,1.6,4,AM7,X,9.0,8.0,8.6,33,201,6,5
2020,Hyundai,Kona AWD,Véhicule utilitaire sport : petit,2.0,4,AS6,X,9.2,7.8,8.6,33,202,6,5
2020,Hyundai,Palisade,Véhicule utilitaire sport : ordinaire,3.8,6,AS8,X,11.9,8.8,10.5,27,250,4,5
2020,Hyundai,Palisade AWD,Véhicule utilitaire sport : ordinaire,3.8,6,AS8,X,12.3,9.6,11.1,25,265,4,5
2020,Hyundai,Santa Fe,Véhicule utilitaire sport : petit,2.4,4,AS8,X,10.8,8.0,9.6,29,225,5,5
2020,Hyundai,Santa Fe AWD,Véhicule utilitaire sport : petit,2.0,4,AS8,X,12.0,9.2,10.7,26,255,4,5
2020,Hyundai,Santa Fe AWD,Véhicule utilitaire sport : petit,2.4,4,AS8,X,11.3,8.8,10.1,28,238,5,5
2020,Hyundai,Sonata,Grande berline,1.6,4,AS8,X,8.6,6.6,7.7,37,181,7,5
2020,Hyundai,Sonata,Grande berline,2.5,4,AS8,X,8.8,6.4,7.7,37,182,7,7
2020,Hyundai,Sonata Hybrid,Grande berline,2.0,4,AM6,X,5.3,4.6,5.0,56,117,10,7
2020,Hyundai,Tucson,Véhicule utilitaire sport : petit,2.0,4,AS6,X,10.0,7.9,9.1,31,216,5,5
2020,Hyundai,Tucson AWD,Véhicule utilitaire sport : petit,2.0,4,AS6,X,10.8,9.2,10.1,28,239,5,5
2020,Hyundai,Tucson AWD,Véhicule utilitaire sport : petit,2.4,4,AS6,X,11.0,9.1,10.1,28,241,5,5
2020,Hyundai,Veloster Turbo,Compacte,1.6,4,AM7,X,8.5,6.9,7.8,36,184,7,5
2020,Hyundai,Veloster Turbo,Compacte,1.6,4,M6,X,9.4,7.0,8.3,34,196,6,5
2020,Hyundai,Veloster,Compacte,2.0,4,AS6,X,9.1,7.1,8.2,34,193,6,5
2020,Hyundai,Veloster N,Compacte,2.0,4,M6,Z,10.6,8.3,9.5,30,226,5,3
2020,Hyundai,Venue,Intermédiaire,1.6,4,AV,X,8.0,7.0,7.5,38,178,7,5
2020,Hyundai,Venue,Intermédiaire,1.6,4,M6,X,8.6,6.8,7.8,36,184,7,5
2020,Infiniti,Q50 AWD,Intermédiaire,3.0,6,AS7,Z,12.5,8.7,10.8,26,254,4,3
2020,Infiniti,Q50 AWD Red Sport,Intermédiaire,3.0,6,AS7,Z,12.5,9.3,11.1,25,261,4,3
2020,Infiniti,Q60 AWD,Sous-compacte,3.0,6,AS7,Z,12.3,8.7,10.7,26,251,4,3
2020,Infiniti,Q60 AWD Red Sport,Sous-compacte,3.0,6,AS7,Z,12.5,9.2,11.0,26,259,4,3
2020,Infiniti,QX50 AWD,Véhicule utilitaire sport : petit,2.0,4,AV8,Z,10.8,8.3,9.7,29,228,5,5
2020,Infiniti,QX60 AWD,Véhicule utilitaire sport : petit,3.5,6,AV7,Z,12.5,9.0,10.9,26,257,4,3
2020,Infiniti,QX80 4WD,Véhicule utilitaire sport : ordinaire,5.6,8,AS7,Z,17.8,12.3,15.3,18,360,2,3
2020,Jaguar,E-PACE P250,Véhicule utilitaire sport : petit,2.0,4,AS9,Z,11.0,8.4,9.8,29,231,5,7
2020,Jaguar,E-PACE P300,Véhicule utilitaire sport : petit,2.0,4,AS9,Z,11.2,8.6,10.1,28,236,5,7
2020,Jaguar,F-PACE 25t,Véhicule utilitaire sport : petit,2.0,4,AS8,Z,10.7,8.8,9.9,29,227,5,7
2020,Jaguar,F-PACE 30t,Véhicule utilitaire sport : petit,2.0,4,AS8,Z,10.9,8.7,9.9,29,232,5,7
2020,Jaguar,F-PACE S,Véhicule utilitaire sport : petit,3.0,6,AS8,Z,13.3,10.0,11.8,24,277,4,7
2020,Jaguar,F-PACE SVR,Véhicule utilitaire sport : petit,5.0,8,AS8,Z,14.5,11.0,12.9,22,303,3,3
2020,Jaguar,F-TYPE P300 Convertible,Deux places,2.0,4,AS8,Z,10.2,7.8,9.2,31,215,5,7
2020,Jaguar,F-TYPE Convertible,Deux places,3.0,6,AS8,Z,11.9,8.5,10.4,27,242,5,7
2020,Jaguar,F-TYPE Convertible R-Dynamic,Deux places,3.0,6,AS8,Z,12.4,8.8,10.8,26,253,4,7
2020,Jaguar,F-TYPE Convertible R-Dynamic AWD,Deux places,3.0,6,AS8,Z,13.0,9.2,11.3,25,265,4,7
2020,Jaguar,F-TYPE R AWD Convertible,Deux places,5.0,8,AS8,Z,15.2,9.8,12.7,22,299,3,3
2020,Jaguar,F-TYPE SVR AWD Convertible,Deux places,5.0,8,AS8,Z,15.2,9.8,12.7,22,299,3,3
2020,Jaguar,F-TYPE P300 Coupe,Deux places,2.0,4,AS8,Z,10.2,7.8,9.2,31,215,5,7
2020,Jaguar,F-TYPE Coupe,Deux places,3.0,6,AS8,Z,11.9,8.5,10.4,27,242,5,7
2020,Jaguar,F-TYPE Coupe R-Dynamic,Deux places,3.0,6,AS8,Z,12.4,8.8,10.8,26,253,4,7
2020,Jaguar,F-TYPE Coupe R-Dynamic AWD,Deux places,3.0,6,AS8,Z,13.0,9.2,11.3,25,265,4,7
2020,Jaguar,F-TYPE R AWD Coupe,Deux places,5.0,8,AS8,Z,15.2,9.8,12.7,22,299,3,3
2020,Jaguar,F-TYPE SVR AWD Coupe,Deux places,5.0,8,AS8,Z,15.2,9.8,12.7,22,299,3,3
2020,Jaguar,XE P250,Compact,2.0,4,AS8,Z,9.4,7.0,8.3,34,194,6,7
2020,Jaguar,XE P250 AWD,Compacte,2.0,4,AS8,Z,9.8,6.9,8.5,33,200,6,7
2020,Jaguar,XE P300 AWD,Compacte,2.0,4,AS8,Z,10.7,7.7,9.4,30,220,5,7
2020,Jaguar,XF 25t,Intermédiaire,2.0,4,AS8,Z,9.4,7.0,8.3,34,194,6,7
2020,Jaguar,XF 25t AWD,Intermédiaire,2.0,4,AS8,Z,10.1,7.2,8.8,32,207,6,7
2020,Jaguar,XF 30t,Intermédiaire,2.0,4,AS8,Z,9.2,7.5,8.9,32,208,6,7
2020,Jaguar,XF 30t AWD,Intermédiaire,2.0,4,AS8,Z,10.6,7.6,9.2,31,217,5,7
2020,Jaguar,XF S AWD,Intermédiaire,3.0,6,AS8,Z,12.0,8.4,10.4,27,243,5,7
2020,Jeep,Cherokee,Véhicule utilitaire sport : petit,2.0,4,A9,X,10.4,7.6,9.1,31,214,5,5
2020,Jeep,Cherokee,Véhicule utilitaire sport : petit,2.4,4,A9,X,10.8,7.6,9.3,30,219,5,6
2020,Jeep,Cherokee,Véhicule utilitaire sport : petit,3.2,6,A9,X,11.9,8.2,10.2,28,240,5,5
2020,Jeep,Cherokee 4X4 Active Drive I,Véhicule utilitaire sport : petit,2.0,4,A9,X,11.2,8.0,9.8,29,229,5,5
2020,Jeep,Cherokee 4X4 Active Drive I,Véhicule utilitaire sport : petit,2.4,4,A9,X,11.2,8.0,9.8,29,230,5,6
2020,Jeep,Cherokee 4X4 Active Drive I,Véhicule utilitaire sport : petit,3.2,6,A9,X,12.2,8.6,10.6,27,249,4,5
2020,Jeep,Cherokee 4X4 Active Drive II,Véhicule utilitaire sport : petit,2.0,4,A9,X,11.5,8.6,10.2,28,240,5,5
2020,Jeep,Cherokee 4X4 Active Drive II,Véhicule utilitaire sport : petit,3.2,6,A9,X,12.8,9.0,11.1,25,259,4,5
2020,Jeep,Cherokee 4X4 Active Drive Lock,Véhicule utilitaire sport : petit,2.0,4,A9,X,11.8,9.2,10.6,27,249,4,5
2020,Jeep,Cherokee 4X4 Active Drive Lock,Véhicule utilitaire sport : petit,3.2,6,A9,X,12.9,9.9,11.6,24,269,4,5
2020,Jeep,Compass,Véhicule utilitaire sport : petit,2.4,4,A6,X,10.6,7.6,9.3,30,218,5,6
2020,Jeep,Compass,Véhicule utilitaire sport : petit,2.4,4,M6,X,10.4,7.3,9.0,31,211,5,3
2020,Jeep,Compass 4X4,Véhicule utilitaire sport : petit,2.4,4,A9,X,10.8,7.8,9.5,30,222,5,6
2020,Jeep,Compass 4X4,Véhicule utilitaire sport : petit,2.4,4,M6,X,10.8,7.6,9.4,30,221,5,3
2020,Jeep,Gladiator 4X4,Camionnette : ordinaire,3.6,6,A8,X,13.7,10.7,12.3,23,290,3,5
2020,Jeep,Gladiator 4X4,Camionnette : ordinaire,3.6,6,M6,X,14.3,10.4,12.6,22,296,3,5
2020,Jeep,Grand Cherokee 4X4,Véhicule utilitaire sport : ordinaire,3.6,6,A8,X,12.7,9.6,11.3,25,265,4,7
2020,Jeep,Grand Cherokee 4X4,Véhicule utilitaire sport : ordinaire,5.7,8,A8,X,16.7,10.9,14.1,20,331,3,3
2020,Jeep,Grand Cherokee 4X4 SRT,Véhicule utilitaire sport : ordinaire,6.4,8,A8,Z,18.3,12.6,15.7,18,368,2,1
2020,Jeep,Grand Cherokee 4X4 Trackhawk,Véhicule utilitaire sport : ordinaire,6.2,8,A8,Z,20.9,13.8,17.7,16,413,1,1
2020,Jeep,Renegade,Véhicule utilitaire sport : petit,1.3,4,A9,X,9.8,7.4,8.7,32,204,6,6
2020,Jeep,Renegade,Véhicule utilitaire sport : petit,2.4,4,A9,X,10.8,7.8,9.5,30,222,5,6
2020,Jeep,Renegade 4X4,Véhicule utilitaire sport : petit,1.3,4,A9,X,10.1,8.1,9.2,31,216,5,6
2020,Jeep,Renegade 4X4 Trailhawk,Véhicule utilitaire sport : petit,1.3,4,A9,X,10.8,8.7,9.9,29,230,5,6
2020,Jeep,Renegade 4X4,Véhicule utilitaire sport : petit,2.4,4,A9,X,11.2,8.2,9.8,29,230,5,6
2020,Jeep,Wrangler 4X4,Véhicule utilitaire sport : petit,2.0,4,A8,X,10.7,9.8,10.3,27,241,5,5
2020,Jeep,Wrangler 4X4,Véhicule utilitaire sport : petit,3.6,6,A8,X,12.8,10.4,11.8,24,274,4,5
2020,Jeep,Wrangler 4X4 eTorque,Véhicule utilitaire sport : petit,3.6,6,A8,X,12.0,9.8,11.0,26,259,4,5
2020,Jeep,Wrangler 4X4,Véhicule utilitaire sport : petit,3.6,6,M6,X,13.7,9.6,11.8,24,277,4,5
2020,Jeep,Wrangler Unlimited 4X4,Véhicule utilitaire sport : petit,2.0,4,A8,X,11.5,10.9,11.2,25,263,4,5
2020,Jeep,Wrangler Unlimited 4X4 eTorque,Véhicule utilitaire sport : petit,2.0,4,A8,X,11.3,10.5,10.9,26,257,4,5
2020,Jeep,Wrangler Unlimited 4X4 EcoDiesel,Véhicule utilitaire sport : petit,3.0,6,A8,D,10.6,8.1,9.5,30,255,4,1
2020,Jeep,Wrangler Unlimited 4X4,Véhicule utilitaire sport : petit,3.6,6,A8,X,12.9,10.7,11.9,24,280,4,5
2020,Jeep,Wrangler Unlimited 4X4 eTorque,Véhicule utilitaire sport : petit,3.6,6,A8,X,12.6,10.7,11.8,24,276,4,5
2020,Jeep,Wrangler Unlimited 4X4,Véhicule utilitaire sport : petit,3.6,6,M6,X,13.8,10.1,12.2,23,285,3,5
2020,Kia,Forte,Intermédiaire,1.6,4,AM7,X,8.7,6.6,7.8,36,184,7,5
2020,Kia,Forte,Intermédiaire,2.0,4,AV,X,7.9,5.9,7.0,40,165,7,5
2020,Kia,Forte,Intermédiaire,2.0,4,M6,X,8.6,6.4,7.6,37,180,7,5
2020,Kia,Forte 5,Grande berline,1.6,4,AM7,X,8.9,6.9,8.0,35,190,6,5
2020,Kia,Forte 5,Grande berline,2.0,4,AV,X,8.0,6.0,7.1,40,169,7,5
2020,Kia,Niro,Familiale : petite,1.6,4,AM6,X,4.6,5.1,4.8,59,114,10,7
2020,Kia,Niro FE,Familiale : petite,1.6,4,AM6,X,4.5,4.8,4.7,60,110,10,7
2020,Kia,Niro Touring,Familiale : petite,1.6,4,AM6,X,5.1,5.8,5.4,52,129,9,7
2020,Kia,Optima,Grande berline,2.4,4,AS6,X,9.5,7.1,8.4,34,199,6,5
2020,Kia,Optima Hybrid,Intermédiaire,2.0,4,AM6,X,5.9,5.2,5.6,50,132,9,7
2020,Kia,Rio,Compacte,1.6,4,AV,X,7.2,5.9,6.6,43,151,8,3
2020,Kia,Rio,Compacte,1.6,4,M6,X,7.7,6.1,7.0,40,166,7,3
2020,Kia,Sedona,Fourgonnette,3.3,6,AS8,X,12.7,9.9,11.5,25,271,4,5
2020,Kia,Sorento AWD,Véhicule utilitaire sport : petit,2.4,4,AS6,X,11.2,9.0,10.2,28,242,5,5
2020,Kia,Sorento AWD,Véhicule utilitaire sport : petit,3.3,6,AS8,X,12.3,9.5,11.1,25,261,4,5
2020,Kia,Soul,Familiale : petite,2.0,4,AV,X,8.6,7.1,7.9,36,188,6,7
2020,Kia,Soul,Familiale : petite,2.0,4,M6,X,9.6,7.6,8.7,32,206,6,5
2020,Kia,Sportage,Véhicule utilitaire sport : petit,2.4,4,AS6,X,10.1,7.6,9.0,31,214,5,5
2020,Kia,Sportage AWD,Véhicule utilitaire sport : petit,2.0,4,AS6,X,12.1,9.6,11.0,26,261,4,5
2020,Kia,Sportage AWD,Véhicule utilitaire sport : petit,2.4,4,AS6,X,10.8,9.1,10.0,28,239,5,5
2020,Kia,Stinger AWD,Intermédiaire,3.3,6,AS8,Z,13.6,9.6,11.8,24,279,4,3
2020,Kia,Telluride AWD,Véhicule utilitaire sport : petit,3.8,6,AS8,X,12.5,9.6,11.2,25,264,4,5
2020,Lamborghini,Aventador Coupe,Deux places,6.5,12,AM7,Z,26.2,15.5,21.4,13,485,1,1
2020,Lamborghini,Aventador Roadster,Deux places,6.5,12,AM7,Z,26.6,15.8,21.7,13,493,1,1
2020,Lamborghini,Aventador Sian Coupe,Deux places,6.5,12,AM7,Z,28.1,16.6,22.9,12,535,1,1
2020,Lamborghini,Aventador Sian Roadster,Deux places,6.5,12,AM7,Z,28.1,16.6,22.9,12,535,1,1
2020,Lamborghini,Huracan Coupe,Deux places,5.2,10,AM7,Z,18.0,12.9,15.7,18,370,2,1
2020,Lamborghini,Huracan Coupe AWD,Deux places,5.2,10,AM7,Z,18.0,12.9,15.7,18,370,2,1
2020,Lamborghini,Huracan Spyder,Deux places,5.2,10,AM7,Z,18.0,12.9,15.7,18,370,2,1
2020,Lamborghini,Huracan Spyder AWD,Deux places,5.2,10,AM7,Z,18.0,12.9,15.7,18,370,2,1
2020,Lamborghini,Urus,Véhicule utilitaire sport : ordinaire,4.0,8,AS8,Z,19.2,14.1,16.9,17,384,1,3
2020,Land Rover,Defender 90 P300,Véhicule utilitaire sport : ordinaire,2.0,4,AS8,Z,13.2,11.3,12.3,23,289,3,7
2020,Land Rover,Defender 90 P400,Véhicule utilitaire sport : ordinaire,3.0,6,AS8,Z,13.5,10.8,12.3,23,287,3,7
2020,Land Rover,Defender 110 P300,Véhicule utilitaire sport : ordinaire,2.0,4,AS8,Z,14.2,11.7,13.0,22,306,3,7
2020,Land Rover,Defender 110 P400,Véhicule utilitaire sport : ordinaire,3.0,6,AS8,Z,13.5,10.8,12.3,23,287,3,7
2020,Land Rover,Discovery,Véhicule utilitaire sport : ordinaire,3.0,6,AS8,Z,14.8,11.4,13.3,21,311,3,7
2020,Land Rover,Discovery Td6 Diesel,Véhicule utilitaire sport : ordinaire,3.0,6,AS8,D,11.3,9.2,10.4,27,279,4,1
2020,Land Rover,Discovery Sport P250,Véhicule utilitaire sport : petit,2.0,4,AS9,Z,12.6,9.7,11.3,25,266,4,7
2020,Land Rover,Discovery Sport P290,Véhicule utilitaire sport : petit,2.0,4,AS9,Z,12.3,9.8,11.1,25,262,4,7
2020,Land Rover,Range Rover 3.0,Véhicule utilitaire sport : ordinaire,3.0,6,AS8,Z,12.2,9.4,11.0,26,258,4,7
2020,Land Rover,Range Rover Td6 Diesel,Véhicule utilitaire sport : ordinaire,3.0,6,AS8,D,10.7,8.3,9.6,29,256,4,1
2020,Land Rover,Range Rover 5.0 Supercharged,Véhicule utilitaire sport : ordinaire,5.0,8,AS8,Z,14.4,11.2,12.9,22,305,3,3
2020,Land Rover,Range Rover 5.0 Supercharged LWB,Véhicule utilitaire sport : ordinaire,5.0,8,AS8,Z,14.4,11.3,13.0,22,305,3,3
2020,Land Rover,Range Rover SVAutobiography Dynamic,Véhicule utilitaire sport : ordinaire,5.0,8,AS8,Z,17.1,12.6,15.1,19,354,2,3
2020,Land Rover,Range Rover SVAutobiography LWB,Véhicule utilitaire sport : ordinaire,5.0,8,AS8,Z,17.9,12.7,15.5,18,365,2,3
2020,Land Rover,Range Rover Sport 3.0,Véhicule utilitaire sport : ordinaire,3.0,6,AS8,Z,12.6,9.6,11.3,25,264,4,7
2020,Land Rover,Range Rover Sport Td6 Diesel,Véhicule utilitaire sport : ordinaire,3.0,6,AS8,D,10.7,8.3,9.6,29,256,4,1
2020,Land Rover,Range Rover Sport Supercharged,Véhicule utilitaire sport : ordinaire,5.0,8,AS8,Z,14.1,10.7,12.6,22,294,3,3
2020,Land Rover,Range Rover Sport SVR,Véhicule utilitaire sport : ordinaire,5.0,8,AS8,Z,16.2,12.0,14.3,20,336,2,3
2020,Land Rover,Range Rover Evoque P250,Véhicule utilitaire sport : petit,2.0,4,AS9,Z,11.8,8.7,10.4,27,245,5,7
2020,Land Rover,Range Rover Evoque P300,Véhicule utilitaire sport : petit,2.0,4,AS9,Z,11.4,8.9,10.3,27,242,5,7
2020,Land Rover,Range Rover Velar P250,Véhicule utilitaire sport : petit,2.0,4,AS8,Z,11.2,8.9,10.2,28,238,5,7
2020,Land Rover,Range Rover Velar P300,Véhicule utilitaire sport : petit,2.0,4,AS8,Z,11.7,9.2,10.6,27,248,4,7
2020,Land Rover,Range Rover Velar P340,Véhicule utilitaire sport : petit,3.0,6,AS8,Z,13.0,10.0,11.6,24,273,4,7
2020,Land Rover,Range Rover Velar P380,Véhicule utilitaire sport : petit,3.0,6,AS8,Z,13.0,10.0,11.6,24,273,4,7
2020,Land Rover,Range Rover Velar SVAutobiography Dynamic,Véhicule utilitaire sport : petit,5.0,8,AS8,Z,15.2,11.5,13.5,21,318,3,3
2020,Lexus,ES 300h,Intermédiaire,2.5,4,AS6,X,5.5,5.2,5.3,53,124,10,7
2020,Lexus,ES 350,Intermédiaire,3.5,6,AS8,X,10.7,7.2,9.1,31,213,5,5
2020,Lexus,ES 350 F SPORT,Intermédiaire,3.5,6,AS8,X,10.9,7.5,9.4,30,219,5,5
2020,Lexus,GS 350 AWD,Intermédiaire,3.5,6,AS6,Z,12.3,9.1,10.9,26,254,4,5
2020,Lexus,GS F,Compacte,5.0,8,AS8,Z,14.9,9.7,12.5,23,293,3,5
2020,Lexus,GX 460,Véhicule utilitaire sport : ordinaire,4.6,8,AS6,Z,16.2,12.3,14.5,19,337,2,3
2020,Lexus,IS 300,Compacte,2.0,4,AS8,Z,11.0,7.6,9.5,30,220,5,5
2020,Lexus,IS 300 AWD,Compacte,3.5,6,AS6,Z,12.3,9.1,10.9,26,254,4,5
2020,Lexus,IS 350 AWD,Compacte,3.5,6,AS6,Z,12.3,9.1,10.9,26,254,4,5
2020,Lexus,LC 500,Sous-compacte,5.0,8,AS10,Z,15.1,9.5,12.6,22,294,3,5
2020,Lexus,LC 500h,Sous-compacte,3.5,6,AV10,Z,9.0,7.1,8.1,35,189,6,7
2020,Lexus,LS 500 AWD,Intermédiaire,3.4,6,AS10,Z,13.2,8.7,11.1,25,262,4,3
2020,Lexus,LS 500h AWD,Intermédiaire,3.5,6,AV10,Z,10.3,7.7,9.1,31,214,5,7
2020,Lexus,LX 570,Véhicule utilitaire sport : ordinaire,5.7,8,AS8,Z,19.2,14.3,16.9,17,395,1,3
2020,Lexus,NX 300 AWD,Véhicule utilitaire sport : petit,2.0,4,AS6,Z,10.7,8.5,9.7,29,226,5,3
2020,Lexus,NX 300 AWD F SPORT,Véhicule utilitaire sport : petit,2.0,4,AS6,Z,10.8,8.9,9.9,29,232,5,3
2020,Lexus,NX 300h AWD,Véhicule utilitaire sport : petit,2.5,4,AV6,X,7.2,7.9,7.5,38,176,7,7
2020,Lexus,RC 300 AWD,Sous-compacte,3.5,6,AS6,Z,13.1,9.8,11.2,25,262,4,5
2020,Lexus,RC 350 AWD,Sous-compacte,3.5,6,AS6,Z,13.1,9.8,11.2,25,262,4,5
2020,Lexus,RC F,Sous-compacte,5.0,8,AS8,Z,14.4,9.6,12.2,23,285,3,5
2020,Lexus,RX 350 AWD,Véhicule utilitaire sport : petit,3.5,6,AS8,X,12.2,9.0,10.8,26,252,4,5
2020,Lexus,RX 350 L AWD,Véhicule utilitaire sport : petit,3.5,6,AS8,X,13.1,9.4,11.1,25,268,4,5
2020,Lexus,RX 450h AWD,Véhicule utilitaire sport : ordinaire,3.5,6,AV6,Z,7.5,8.4,7.9,36,185,7,7
2020,Lexus,RX 450h L AWD,Véhicule utilitaire sport : ordinaire,3.5,6,AV6,Z,8.1,8.4,8.1,35,190,6,7
2020,Lexus,UX 200,Intermédiaire,2.0,4,AS10,X,8.0,6.3,7.2,39,168,7,6
2020,Lexus,UX 250h AWD,Compacte,2.0,4,AV6,X,5.7,6.2,6.0,47,140,9,6
2020,Lincoln,Aviator,Véhicule utilitaire sport : ordinaire,3.0,6,AS10,X,13.7,9.7,11.9,24,280,4,5
2020,Lincoln,Continental AWD,Grande berline,2.7,6,AS6,X,14.0,9.5,12.0,24,281,4,5
2020,Lincoln,Continental AWD,Grande berline,3.0,6,AS6,X,14.5,9.8,12.3,23,289,3,5
2020,Lincoln,Continental AWD,Grande berline,3.7,6,AS6,X,14.3,9.7,12.2,23,287,3,3
2020,Lincoln,Corsair AWD,Véhicule utilitaire sport : petit,2.0,4,AS8,X,11.1,8.1,9.8,29,229,5,5
2020,Lincoln,Corsair AWD,Véhicule utilitaire sport : petit,2.3,4,AS8,X,11.1,8.2,9.8,29,230,5,5
2020,Lincoln,MKZ AWD,Intermédiaire,2.0,4,AS6,X,12.1,8.4,10.4,27,245,5,5
2020,Lincoln,MKZ Hybrid,Intermédiaire,2.0,4,AV,X,5.5,5.7,5.6,50,131,9,7
2020,Lincoln,Nautilus AWD,Véhicule utilitaire sport : petit,2.0,4,AS8,X,12.0,9.6,10.7,26,250,4,5
2020,Lincoln,Nautilus AWD,Véhicule utilitaire sport : petit,2.7,6,AS8,X,12.5,9.2,11.0,26,258,4,5
2020,Lincoln,Navigator 4X4,Véhicule utilitaire sport : ordinaire,3.5,6,AS10,X,15.0,11.5,13.4,21,315,3,5
2020,Maserati,Ghibli,Intermédiaire,3.0,6,AS8,Z,14.1,9.8,12.2,23,286,3,1
2020,Maserati,Ghibli S,Intermédiaire,3.0,6,AS8,Z,14.1,9.8,12.2,23,286,3,1
2020,Maserati,Ghibli S Q4,Intermédiaire,3.0,6,AS8,Z,14.7,9.9,12.6,22,295,3,1
2020,Maserati,Levante,Véhicule utilitaire sport : ordinaire,3.0,6,AS8,Z,15.9,11.1,13.7,21,324,3,1
2020,Maserati,Levante S,Véhicule utilitaire sport : ordinaire,3.0,6,AS8,Z,15.9,11.1,13.7,21,324,3,1
2020,Maserati,Levante GTS,Véhicule utilitaire sport : ordinaire,3.8,8,AS8,Z,17.3,12.9,15.3,18,360,2,1
2020,Maserati,Levante Trofeo,Véhicule utilitaire sport : ordinaire,3.8,8,AS8,Z,17.3,12.9,15.3,18,360,2,1
2020,Maserati,Quattroporte S,Grande berline,3.0,6,AS8,Z,14.1,9.8,12.2,23,286,3,1
2020,Maserati,Quattroporte S Q4,Grande berline,3.0,6,AS8,Z,15.0,10.3,12.8,22,301,3,1
2020,Maserati,Quattroporte GTS,Grande berline,3.8,8,AS8,Z,16.0,10.8,13.7,21,321,3,1
2020,Mazda,CX-3,Compacte,2.0,4,AS6,X,8.3,6.9,7.7,37,179,7,3
2020,Mazda,CX-3 (SIL),Compacte,2.0,4,M6,X,8.8,7.0,8.0,35,186,7,3
2020,Mazda,CX-3 4WD,Compacte,2.0,4,AS6,X,8.6,7.4,8.1,35,189,6,3
2020,Mazda,CX-30,Véhicule utilitaire sport : petit,2.0,4,AS6,X,8.9,7.1,8.1,35,189,6,7
2020,Mazda,CX-30,Véhicule utilitaire sport : petit,2.5,4,AS6,X,9.3,7.1,8.3,34,194,6,7
2020,Mazda,CX-30 4WD,Véhicule utilitaire sport : petit,2.0,4,AS6,X,9.4,7.7,8.6,33,202,6,7
2020,Mazda,CX-30 4WD,Véhicule utilitaire sport : petit,2.5,4,AS6,X,9.9,7.7,8.9,32,208,6,7
2020,Mazda,CX-30 4WD (Cylinder Deactivation),Véhicule utilitaire sport : petit,2.5,4,AS6,X,9.5,7.4,8.6,33,200,6,7
2020,Mazda,CX-5,Véhicule utilitaire sport : petit,2.5,4,AS6,X,9.7,7.8,8.8,32,206,6,7
2020,Mazda,CX-5 (Cylinder Deactivation),Véhicule utilitaire sport : petit,2.5,4,AS6,X,9.3,7.6,8.5,33,201,6,7
2020,Mazda,CX-5 4WD,Véhicule utilitaire sport : petit,2.5,4,AS6,X,10.2,8.2,9.3,30,217,5,7
2020,Mazda,CX-5 4WD (Cylinder Deactivation),Véhicule utilitaire sport : petit,2.5,4,AS6,X,9.8,7.9,9.0,31,209,5,7
2020,Mazda,CX-5 Turbo 4WD,Véhicule utilitaire sport : petit,2.5,4,AS6,X,10.8,8.7,9.8,29,230,5,5
2020,Mazda,CX-9 4WD,Véhicule utilitaire sport : petit,2.5,4,AS6,X,11.6,9.1,10.5,27,244,5,5
2020,Mazda,Mazda3 4-Door,Compacte,2.0,4,AS6,X,8.4,6.6,7.6,37,178,7,7
2020,Mazda,Mazda3 4-Door (SIL),Compacte,2.0,4,M6,X,8.7,6.4,7.7,37,180,7,7
2020,Mazda,Mazda3 4-Door,Compacte,2.5,4,AS6,X,8.8,6.4,7.7,37,181,7,7
2020,Mazda,Mazda3 4-Door (Cylinder Deactivation),Compacte,2.5,4,AS6,X,8.8,6.6,7.8,36,183,7,7
2020,Mazda,Mazda3 4-Door 4WD,Compacte,2.5,4,AS6,X,9.2,7.0,8.2,34,192,6,7
2020,Mazda,Mazda3 5-Door,Intermédiaire,2.0,4,AS6,X,8.6,6.7,7.7,37,181,7,7
2020,Mazda,Mazda3 5-Door (SIL),Intermédiaire,2.0,4,M6,X,8.7,6.6,7.8,36,181,7,7
2020,Mazda,Mazda3 5-Door,Intermédiaire,2.5,4,AS6,X,9.0,6.8,8.0,35,187,7,7
2020,Mazda,Mazda3 5-Door (SIL),Intermédiaire,2.5,4,M6,X,9.2,6.6,8.1,35,189,6,7
2020,Mazda,Mazda3 5-Door 4WD,Intermédiaire,2.5,4,AS6,X,9.8,7.4,8.7,32,204,6,7
2020,Mazda,Mazda6,Intermédiaire,2.5,4,AS6,X,9.0,6.7,8.0,35,188,6,7
2020,Mazda,Mazda6 Turbo,Intermédiaire,2.5,4,AS6,X,10.0,7.5,8.9,32,208,6,3
2020,Mazda,MX-5,Deux places,2.0,4,AS6,Z,9.0,6.6,7.9,36,186,7,3
2020,Mazda,MX-5 (SIL),Deux places,2.0,4,M6,Z,9.0,7.0,8.1,35,189,6,3
2020,Mercedes-Benz,A 220 4MATIC ,Sous-compacte,2.0,4,AM7,Z,9.8,7.0,8.6,33,201,6,5
2020,Mercedes-Benz,A 250 4MATIC Hatch,Familiale : petite,2.0,4,AM7,Z,9.4,6.9,8.3,34,195,6,5
2020,Mercedes-Benz,AMG A 35 4MATIC,Sous-compacte,2.0,4,AM7,Z,9.9,7.5,8.9,32,207,6,5
2020,Mercedes-Benz,AMG A 35 4MATIC Hatch,Familiale : petite,2.0,4,AM7,Z,10.3,7.9,9.2,31,215,5,5
2020,Mercedes-Benz,AMG C 43 4MATIC,Compacte,3.0,6,A9,Z,12.4,8.7,10.7,26,253,4,5
2020,Mercedes-Benz,AMG C 43 4MATIC Cabriolet,Sous-compacte,3.0,6,A9,Z,12.7,9.2,11.2,25,263,4,5
2020,Mercedes-Benz,AMG C 43 4MATIC Coupe,Sous-compacte,3.0,6,A9,Z,12.5,8.8,10.8,26,255,4,5
2020,Mercedes-Benz,AMG C 43 4MATIC Wagon,Familiale : petite,3.0,6,A9,Z,12.4,8.9,10.8,26,255,4,5
2020,Mercedes-Benz,AMG C 63,Compacte,4.0,8,A9,Z,13.2,8.7,11.2,25,263,4,3
2020,Mercedes-Benz,AMG C 63 S,Compacte,4.0,8,A9,Z,13.2,8.7,11.2,25,263,4,3
2020,Mercedes-Benz,AMG C 63 S Cabriolet,Sous-compacte,4.0,8,A9,Z,13.9,9.7,12.0,24,282,4,3
2020,Mercedes-Benz,AMG C 63 S Coupe,Sous-compacte,4.0,8,A9,Z,13.9,9.2,11.8,24,277,4,3
2020,Mercedes-Benz,AMG CLA 35 4MATIC ,Compacte,2.0,4,AM7,Z,10.4,8.3,9.4,30,218,5,5
2020,Mercedes-Benz,AMG CLA 45 4MATIC ,Compacte,2.0,4,AM8,Z,11.7,8.1,10.1,28,237,5,3
2020,Mercedes-Benz,AMG CLS 53 4MATIC+,Compacte,3.0,6,A9,Z,11.1,8.7,10.0,28,235,5,6
2020,Mercedes-Benz,AMG E 53 4MATIC+,Intermédiaire,3.0,6,A9,Z,11.2,8.3,9.9,29,232,5,6
2020,Mercedes-Benz,AMG E 53 4MATIC+ Cabriolet,Sous-compacte,3.0,6,A9,Z,11.5,9.0,10.4,27,245,5,6
2020,Mercedes-Benz,AMG E 53 4MATIC+ Coupe,Sous-compacte,3.0,6,A9,Z,11.3,8.5,10.1,28,237,5,6
2020,Mercedes-Benz,AMG E 53 4MATIC+ Wagon,Familiale : intermédiaire,3.0,6,A9,Z,11.5,8.6,10.2,28,239,5,6
2020,Mercedes-Benz,AMG E 63 S 4MATIC+,Intermédiaire,4.0,8,A9,Z,16.0,10.5,13.5,21,318,3,3
2020,Mercedes-Benz,AMG E 63 S 4MATIC+ Wagon,Familiale : intermédiaire,4.0,8,A9,Z,14.6,10.4,12.7,22,299,3,3
2020,Mercedes-Benz,AMG G 63,Véhicule utilitaire sport : ordinaire,4.0,8,A9,Z,18.1,15.6,17.0,17,396,1,3
2020,Mercedes-Benz,AMG GLC 43 4MATIC,Véhicule utilitaire sport : petit,3.0,6,A9,Z,13.0,9.8,11.6,24,271,4,5
2020,Mercedes-Benz,AMG GLC 43 4MATIC Coupe,Véhicule utilitaire sport : petit,3.0,6,A9,Z,13.0,9.8,11.6,24,272,4,5
2020,Mercedes-Benz,AMG GLC 63 S 4MATIC+,Véhicule utilitaire sport : petit,4.0,8,A9,Z,15.0,10.9,13.2,21,309,3,5
2020,Mercedes-Benz,AMG GLC 63 S 4MATIC+ Coupe,Véhicule utilitaire sport : petit,4.0,8,A9,Z,15.0,10.9,13.2,21,309,3,5
2020,Mercedes-Benz,AMG GLE 53 4MATIC+,Véhicule utilitaire sport : ordinaire,3.0,6,A9,Z,13.2,10.8,12.1,23,285,3,6
2020,Mercedes-Benz,AMG GT 53 4MATIC+ ,Compacte,3.0,6,A9,Z,12.4,9.8,11.2,25,264,4,6
2020,Mercedes-Benz,AMG GT 63 4MATIC+ ,Compacte,4.0,8,A9,Z,15.5,11.5,13.7,21,323,3,5
2020,Mercedes-Benz,AMG GT 63 S 4MATIC+ ,Compacte,4.0,8,A9,Z,15.6,11.5,13.7,21,324,3,5
2020,Mercedes-Benz,AMG GT C Coupe,Deux places,4.0,8,AM7,Z,15.2,11.3,13.5,21,315,3,3
2020,Mercedes-Benz,AMG GT C Roadster,Deux places,4.0,8,AM7,Z,15.8,11.7,14.0,20,326,3,3
2020,Mercedes-Benz,AMG GT R Coupe,Deux places,4.0,8,AM7,Z,15.9,11.8,14.0,20,327,3,3
2020,Mercedes-Benz,AMG GT R Roadster,Deux places,4.0,8,AM7,Z,15.9,11.8,14.0,20,327,3,3
2020,Mercedes-Benz,AMG S 63 4MATIC+,Grande berline,4.0,8,A9,Z,14.1,8.9,11.8,24,275,4,5
2020,Mercedes-Benz,AMG S 63 4MATIC+ Cabriolet,Sous-compacte,4.0,8,A9,Z,15.8,9.8,13.1,22,306,3,5
2020,Mercedes-Benz,AMG S 63 4MATIC+ Coupe,Compacte,4.0,8,A9,Z,14.0,8.7,11.6,24,271,4,5
2020,Mercedes-Benz,AMG S 65,Grande berline,6.0,12,A7,Z,18.6,10.9,15.1,19,356,2,3
2020,Mercedes-Benz,AMG SLC 43 ,Deux places,3.0,6,A9,Z,11.8,8.2,10.2,28,238,5,5
2020,Mercedes-Benz,C 300 4MATIC,Compacte,2.0,4,A9,Z,11.0,7.3,9.4,30,219,5,6
2020,Mercedes-Benz,C 300 4MATIC Cabriolet,Sous-compacte,2.0,4,A9,Z,11.3,8.1,9.9,29,231,5,6
2020,Mercedes-Benz,C 300 4MATIC Coupe,Sous-compacte,2.0,4,A9,Z,10.9,7.7,9.5,30,221,5,6
2020,Mercedes-Benz,C 300 4MATIC Wagon,Familiale : petite,2.0,4,A9,Z,10.9,7.7,9.5,30,221,5,6
2020,Mercedes-Benz,CLA 250 4MATIC ,Compacte,2.0,4,AM7,Z,10.1,7.2,8.8,32,204,6,5
2020,Mercedes-Benz,CLS 450 4MATIC,Compacte,3.0,6,A9,Z,10.1,7.9,9.1,31,213,5,6
2020,Mercedes-Benz,E 350 4MATIC,Intermédiaire,2.0,4,A9,Z,10.8,7.8,9.4,30,220,5,6
2020,Mercedes-Benz,E 450 4MATIC,Intermédiaire,3.0,6,A9,Z,11.8,8.5,10.4,27,243,5,5
2020,Mercedes-Benz,E 450 4MATIC Cabriolet,Sous-compacte,3.0,6,A9,Z,12.7,10.1,11.6,24,271,4,5
2020,Mercedes-Benz,E 450 4MATIC Coupe,Sous-compacte,3.0,6,A9,Z,12.5,9.1,11.0,26,257,4,5
2020,Mercedes-Benz,E 450 4MATIC Wagon,Familiale : intermédiaire,3.0,6,A9,Z,12.3,8.9,10.8,26,254,4,5
2020,Mercedes-Benz,G 550,Véhicule utilitaire sport : ordinaire,4.0,8,A9,Z,18.0,14.1,16.3,17,378,2,3
2020,Mercedes-Benz,GLA 250 4MATIC,Véhicule utilitaire sport : petit,2.0,4,AM7,Z,10.2,7.5,9.0,31,211,5,5
2020,Mercedes-Benz,GLB 250 4MATIC,Véhicule utilitaire sport : petit,2.0,4,AM8,Z,10.1,7.7,9.0,31,210,5,6
2020,Mercedes-Benz,GLC 300 4MATIC,Véhicule utilitaire sport : petit,2.0,4,A9,Z,11.2,8.5,10.0,28,234,5,6
2020,Mercedes-Benz,GLC 300 4MATIC Coupe,Véhicule utilitaire sport : petit,2.0,4,A9,Z,11.2,8.7,10.0,28,236,5,6
2020,Mercedes-Benz,GLE 350 4MATIC,Véhicule utilitaire sport : ordinaire,2.0,4,A9,Z,12.1,8.8,10.6,27,249,4,5
2020,Mercedes-Benz,GLE 450 4MATIC,Véhicule utilitaire sport : ordinaire,3.0,6,A9,Z,12.1,9.9,11.1,25,262,4,6
2020,Mercedes-Benz,GLS 450 4MATIC,Véhicule utilitaire sport : ordinaire,3.0,6,A9,Z,12.2,10.4,11.4,25,266,4,6
2020,Mercedes-Benz,GLS 580 4MATIC,Véhicule utilitaire sport : ordinaire,4.0,8,A9,Z,14.3,11.4,13.0,22,302,3,5
2020,Mercedes-Benz,Maybach S 560 4MATIC,Grande berline,4.0,8,A9,Z,14.4,9.5,12.2,23,286,3,5
2020,Mercedes-Benz,Maybach S 650,Grande berline,6.0,12,A7,Z,18.4,11.1,15.1,19,355,2,3
2020,Mercedes-Benz,Metris Cargo,Véhicule à usage spécial,2.0,4,A7,Z,11.1,9.8,10.5,27,247,4,5
2020,Mercedes-Benz,Metris Cargo LWB,Véhicule à usage spécial,2.0,4,A7,Z,11.1,9.7,10.5,27,246,5,5
2020,Mercedes-Benz,Metris Passenger,Véhicule à usage spécial,2.0,4,A7,Z,11.8,9.9,11.0,26,257,4,5
2020,Mercedes-Benz,S 450 4MATIC SWB,Intermédiaire,3.0,6,A9,Z,12.8,8.5,10.8,26,253,4,3
2020,Mercedes-Benz,S 560 4MATIC SWB,Intermédiaire,4.0,8,A9,Z,13.7,8.8,11.5,25,268,4,5
2020,Mercedes-Benz,S 560 4MATIC,Grande berline,4.0,8,A9,Z,13.5,8.6,11.3,25,265,4,5
2020,Mercedes-Benz,S 560 Cabriolet,Sous-compacte,4.0,8,A9,Z,13.8,9.1,11.7,24,273,4,5
2020,Mercedes-Benz,S 560 4MATIC Coupe,Compacte,4.0,8,A9,Z,13.8,8.8,11.5,25,270,4,5
2020,Mercedes-Benz,SL 450 ,Deux places,3.0,6,A9,Z,12.1,8.5,10.5,27,241,5,3
2020,Mercedes-Benz,SL 550,Deux places,4.7,8,A9,Z,13.5,9.3,11.6,24,270,4,3
2020,Mercedes-Benz,SLC 300,Deux places,2.0,4,A9,Z,10.1,7.3,8.8,32,206,6,3
2020,MINI,Cooper 3 Door,Sous-compacte,1.5,3,AM7,Z,8.3,6.4,7.5,38,174,7,7
2020,MINI,Cooper 5 Door,Sous-compacte,1.5,3,AM7,Z,8.3,6.4,7.5,38,174,7,7
2020,MINI,Cooper Clubman ALL4,Intermédiaire,1.5,3,AS8,Z,9.7,7.0,8.5,33,197,6,7
2020,MINI,Cooper Convertible,Minicompacte,1.5,3,AM7,Z,8.3,6.4,7.5,38,174,7,7
2020,MINI,Cooper Countryman ALL4,Intermédiaire,1.5,3,AS8,Z,9.8,7.1,8.6,33,200,6,7
2020,MINI,Cooper S 3 Door,Sous-compacte,2.0,4,AM7,Z,8.9,6.6,7.9,36,184,7,7
2020,MINI,Cooper S 5 Door,Sous-compacte,2.0,4,AM7,Z,8.9,6.6,7.9,36,184,7,7
2020,MINI,Cooper S Clubman ALL4,Intermédiaire,2.0,4,AS8,Z,10.2,7.4,8.9,32,207,6,7
2020,MINI,Cooper S Convertible,Minicompacte,2.0,4,AM7,Z,9.2,6.9,8.1,35,191,6,7
2020,MINI,Cooper S Countryman ALL4,Intermédiaire,2.0,4,AS8,Z,10.4,7.5,9.1,31,212,5,7
2020,MINI,John Cooper Works 3 Door,Sous-compacte,2.0,4,AS8,Z,9.2,6.9,8.1,35,190,6,7
2020,MINI,John Cooper Works Clubman ALL4,Intermédiaire,2.0,4,AS8,Z,10.1,7.6,9.0,31,210,5,3
2020,MINI,John Cooper Works Convertible,Minicompacte,2.0,4,AS8,Z,9.4,7.1,8.3,34,194,6,7
2020,MINI,John Cooper Works Countryman ALL4,Intermédiaire,2.0,4,AS8,Z,10.0,7.8,9.0,31,210,5,3
2020,Mitsubishi,Eclipse Cross 4WD,Véhicule utilitaire sport : petit,1.5,4,AV8,X,9.6,8.9,9.3,30,216,5,5
2020,Mitsubishi,Mirage,Compacte,1.2,3,AV,X,6.6,5.6,6.2,46,143,9,5
2020,Mitsubishi,Mirage,Compacte,1.2,3,M5,X,7.1,5.8,6.5,43,151,8,5
2020,Mitsubishi,Outlander 4WD,Véhicule utilitaire sport : petit,2.4,4,AV6,X,9.9,8.1,9.1,31,212,5,5
2020,Mitsubishi,Outlander 4WD,Véhicule utilitaire sport : petit,3.0,6,A6,Z,12.0,8.8,10.6,27,246,4,5
2020,Mitsubishi,RVR,Véhicule utilitaire sport : petit,2.0,4,AV6,X,9.7,7.8,8.8,32,206,6,5
2020,Mitsubishi,RVR 4WD,Véhicule utilitaire sport : petit,2.0,4,AV6,X,10.1,8.2,9.2,31,213,5,5
2020,Mitsubishi,RVR 4WD,Véhicule utilitaire sport : petit,2.4,4,AV6,X,10.3,8.3,9.4,30,218,5,5
2020,Nissan,370Z,Deux places,3.7,6,AS7,Z,12.6,9.3,11.1,25,261,4,3
2020,Nissan,370Z,Deux places,3.7,6,M6,Z,13.3,9.3,11.5,25,270,4,3
2020,Nissan,370Z Roadster,Deux places,3.7,6,AS7,Z,13.0,9.7,11.5,25,271,4,3
2020,Nissan,370Z Roadster,Deux places,3.7,6,M6,Z,13.6,9.7,11.8,24,279,4,3
2020,Nissan,Altima AWD,Intermédiaire,2.5,4,AV,X,9.0,6.8,8.0,35,187,7,7
2020,Nissan,Altima AWD SR/Platinum,Intermédiaire,2.5,4,AV,X,9.1,7.0,8.1,35,191,6,7
2020,Nissan,Armada 4WD,Véhicule utilitaire sport : ordinaire,5.6,8,AS7,X,17.5,12.9,15.4,18,362,2,3
2020,Nissan,Frontier,Camionnette : ordinaire,3.8,6,AS9,X,13.1,9.8,11.6,24,273,4,5
2020,Nissan,Frontier 4WD,Camionnette : ordinaire,3.8,6,AS9,X,13.8,10.2,12.2,23,287,3,5
2020,Nissan,GT-R,Sous-compacte,3.8,6,AM6,Z,14.4,10.9,12.8,22,300,3,3
2020,Nissan,Kicks,Intermédiaire,1.6,4,AV,X,7.7,6.6,7.2,39,169,7,7
2020,Nissan,Maxima,Intermédiaire,3.5,6,AV7,Z,11.6,7.9,9.9,29,233,5,3
2020,Nissan,Murano,Familiale : intermédiaire,3.5,6,AV7,X,11.7,8.3,10.2,28,240,5,5
2020,Nissan,Murano AWD,Familiale : intermédiaire,3.5,6,AV7,X,12.1,8.6,10.5,27,246,4,5
2020,Nissan,NV200 Cargo Van,Véhicule à usage spécial,2.0,4,AV,X,9.8,8.8,9.3,30,218,5,3
2020,Nissan,Qashqai,Familiale : petite,2.0,4,AV8,X,8.9,7.8,8.4,34,197,6,5
2020,Nissan,Qashqai,Familiale : petite,2.0,4,M6,X,10.1,8.2,9.2,31,217,5,5
2020,Nissan,Qashqai AWD,Familiale : petite,2.0,4,AV8,X,9.2,8.0,8.7,32,203,6,5
2020,Nissan,Pathfinder,Véhicule utilitaire sport : petit,3.5,6,AV,X,11.6,8.5,10.2,28,240,5,5
2020,Nissan,Pathfinder 4WD,Véhicule utilitaire sport : petit,3.5,6,AV,X,12.1,8.9,10.7,26,251,4,5
2020,Nissan,Pathfinder 4WD Platinum,Véhicule utilitaire sport : petit,3.5,6,AV,X,12.4,9.2,11.0,26,257,4,3
2020,Nissan,Rogue,Véhicule utilitaire sport : petit,2.5,4,AV,X,9.1,7.1,8.2,34,192,6,7
2020,Nissan,Rogue AWD,Véhicule utilitaire sport : petit,2.5,4,AV,X,9.7,7.6,8.7,32,205,6,7
2020,Nissan,Sentra,Intermédiaire,2.0,4,AV,X,8.0,6.0,7.1,40,167,7,7
2020,Nissan,Sentra SR,Intermédiaire,2.0,4,AV,X,8.2,6.2,7.3,39,171,7,7
2020,Nissan,Sentra,Intermédiaire,2.0,4,M6,X,9.4,6.4,8.0,35,188,6,7
2020,Nissan,Titan 4WD,Camionnette : ordinaire,5.6,8,AS9,Z,15.1,11.1,13.3,21,313,3,5
2020,Nissan,Titan 4WD PRO-4X,Camionnette : ordinaire,5.6,8,AS9,Z,15.1,11.2,13.3,21,313,3,5
2020,Nissan,Versa,Compacte,1.6,4,AV,X,7.4,5.9,6.7,42,158,8,7
2020,Nissan,Versa,Compacte,1.6,4,M5,X,8.6,6.7,7.7,37,181,7,7
2020,Porsche,718 Boxster,Deux places,2.0,4,AM7,Z,11.0,8.7,10.0,28,233,5,1
2020,Porsche,718 Boxster,Deux places,2.0,4,M6,Z,11.7,8.9,10.5,27,245,5,1
2020,Porsche,718 Boxster T,Deux places,2.0,4,AM7,Z,11.2,8.7,10.1,28,236,5,1
2020,Porsche,718 Boxster T,Deux places,2.0,4,M6,Z,11.7,8.9,10.5,27,245,5,1
2020,Porsche,718 Boxster S,Deux places,2.5,4,AM7,Z,12.2,9.2,10.9,26,255,4,1
2020,Porsche,718 Boxster S,Deux places,2.5,4,M6,Z,12.5,9.6,11.2,25,263,4,1
2020,Porsche,718 Cayman,Deux places,2.0,4,AM7,Z,11.0,8.7,10.0,28,233,5,1
2020,Porsche,718 Cayman,Deux places,2.0,4,M6,Z,11.7,8.9,10.5,27,245,5,1
2020,Porsche,718 Cayman T,Deux places,2.0,4,AM7,Z,11.2,8.7,10.1,28,236,5,1
2020,Porsche,718 Cayman T,Deux places,2.0,4,M6,Z,11.7,8.9,10.5,27,245,5,1
2020,Porsche,718 Cayman S,Deux places,2.5,4,AM7,Z,12.2,9.2,10.9,26,255,4,1
2020,Porsche,718 Cayman S,Deux places,2.5,4,M6,Z,12.5,9.6,11.2,25,263,4,1
2020,Porsche,718 Cayman GT4,Deux places,4.0,6,M6,Z,14.3,10.4,12.5,23,294,3,3
2020,Porsche,718 Spyder,Deux places,4.0,6,M6,Z,14.3,10.4,12.5,23,294,3,3
2020,Porsche,911 Carrera,Minicompacte,3.0,6,AM8,Z,13.1,9.8,11.6,24,273,4,5
2020,Porsche,911 Carrera 4,Minicompacte,3.0,6,AM8,Z,13.1,9.8,11.6,24,275,4,5
2020,Porsche,911 Carrera Cabriolet,Minicompacte,3.0,6,AM8,Z,13.6,10.0,12.0,24,282,4,5
2020,Porsche,911 Carrera 4 Cabriolet,Minicompacte,3.0,6,AM8,Z,13.1,9.7,11.6,24,275,4,5
2020,Porsche,911 Carrera S,Minicompacte,3.0,6,AM8,Z,13.1,9.7,11.5,25,276,4,5
2020,Porsche,911 Carrera S,Minicompacte,3.0,6,M7,Z,13.8,9.3,11.8,24,275,4,5
2020,Porsche,911 Carrera 4S,Minicompacte,3.0,6,AM8,Z,13.1,10.2,11.8,24,277,4,5
2020,Porsche,911 Carrera 4S,Minicompacte,3.0,6,M7,Z,13.8,9.8,12.0,24,275,4,5
2020,Porsche,911 Carrera S Cabriolet,Minicompacte,3.0,6,AM8,Z,12.7,10.2,11.6,24,276,4,5
2020,Porsche,911 Carrera S Cabriolet,Minicompacte,3.0,6,M7,Z,13.8,9.3,11.8,24,275,4,5
2020,Porsche,911 Carrera 4S Cabriolet,Minicompacte,3.0,6,AM8,Z,13.1,10.2,11.8,24,277,4,5
2020,Porsche,911 Carrera 4S Cabriolet,Minicompacte,3.0,6,M7,Z,13.8,9.7,12.0,24,280,4,5
2020,Porsche,Cayenne,Véhicule utilitaire sport : ordinaire,3.0,6,AS8,Z,12.5,10.3,11.5,25,269,4,5
2020,Porsche,Cayenne Coupe,Véhicule utilitaire sport : ordinaire,3.0,6,AS8,Z,12.7,10.3,11.6,24,271,4,5
2020,Porsche,Cayenne S,Véhicule utilitaire sport : ordinaire,2.9,6,AS8,Z,13.1,10.5,11.9,24,278,4,5
2020,Porsche,Cayenne S Coupe,Véhicule utilitaire sport : ordinaire,2.9,6,AS8,Z,13.4,10.9,12.3,23,286,3,5
2020,Porsche,Cayenne Turbo,Véhicule utilitaire sport : ordinaire,4.0,8,AS8,Z,15.6,12.4,14.1,20,329,3,3
2020,Porsche,Cayenne Turbo Coupe,Véhicule utilitaire sport : ordinaire,4.0,8,AS8,Z,15.8,12.2,14.2,20,332,3,3
2020,Porsche,Macan,Véhicule utilitaire sport : petit,2.0,4,AM7,Z,12.2,10.2,11.3,25,265,4,5
2020,Porsche,Macan S,Véhicule utilitaire sport : petit,3.0,6,AM7,Z,12.9,10.2,11.7,24,272,4,5
2020,Porsche,Macan GTS,Véhicule utilitaire sport : petit,2.9,6,AM7,Z,13.5,10.5,12.2,23,285,3,5
2020,Porsche,Macan Turbo,Véhicule utilitaire sport : petit,2.9,6,AM7,Z,13.5,10.7,12.3,23,288,3,5
2020,Porsche,Panamera,Grande berline,3.0,6,AM8,Z,12.4,8.7,10.7,26,250,4,5
2020,Porsche,Panamera 4,Grande berline,3.0,6,AM8,Z,12.4,9.0,10.9,26,253,4,5
2020,Porsche,Panamera 4 Executive,Grande berline,3.0,6,AM8,Z,12.4,9.0,10.9,26,253,4,5
2020,Porsche,Panamera 4 ST,Grande berline,3.0,6,AM8,Z,12.2,8.9,10.7,26,250,4,5
2020,Porsche,Panamera 4S,Grande berline,2.9,6,AM8,Z,13.1,8.9,11.2,25,260,4,5
2020,Porsche,Panamera 4S Executive,Grande berline,2.9,6,AM8,Z,13.1,8.9,11.2,25,260,4,5
2020,Porsche,Panamera 4S ST,Grande berline,2.9,6,AM8,Z,13.1,9.8,11.6,24,273,4,5
2020,Porsche,Panamera GTS,Grande berline,4.0,8,AM8,Z,14.5,10.2,12.6,22,295,3,3
2020,Porsche,Panamera GTS ST,Grande berline,4.0,8,AM8,Z,15.7,10.5,13.4,21,313,3,3
2020,Porsche,Panamera Turbo,Grande berline,4.0,8,AM8,Z,12.8,9.2,11.2,25,261,4,3
2020,Porsche,Panamera Turbo Executive,Grande berline,4.0,8,AM8,Z,12.8,9.2,11.2,25,261,4,3
2020,Porsche,Panamera Turbo ST,Grande berline,4.0,8,AM8,Z,13.4,10.1,11.9,24,279,4,3
2020,Ram,1500 EcoDiesel,Camionnette : ordinaire,3.0,6,A8,D,10.5,7.3,9.0,31,243,5,1
2020,Ram,1500 eTorque,Camionnette : ordinaire,3.6,6,A8,X,11.9,9.4,10.8,26,253,4,5
2020,Ram,1500 HFE eTorque,Camionnette : ordinaire,3.6,6,A8,X,11.6,9.0,10.4,27,245,5,5
2020,Ram,1500,Camionnette : ordinaire,5.7,8,A8,X,16.2,10.5,13.6,21,320,3,3
2020,Ram,1500 eTorque,Camionnette : ordinaire,5.7,8,A8,X,14.1,10.3,12.4,23,290,3,3
2020,Ram,1500 4X4 EcoDiesel,Camionnette : ordinaire,3.0,6,A8,D,11.1,8.0,9.7,29,260,4,1
2020,Ram,1500 4X4 eTorque,Camionnette : ordinaire,3.6,6,A8,X,12.2,9.7,11.1,25,260,4,5
2020,Ram,1500 4X4,Camionnette : ordinaire,5.7,8,A8,X,16.1,11.0,13.8,20,325,3,3
2020,Ram,1500 4X4 eTorque,Camionnette : ordinaire,5.7,8,A8,X,14.2,10.9,12.8,22,299,3,3
2020,Ram,1500 Classic,Camionnette : ordinaire,3.6,6,A8,X,13.9,9.6,11.9,24,280,4,3
2020,Ram,1500 Classic,Camionnette : ordinaire,5.7,8,A8,X,15.7,11.0,13.6,21,319,3,3
2020,Ram,1500 Classic 4X4,Camionnette : ordinaire,3.6,6,A8,X,14.5,10.2,12.6,22,294,3,3
2020,Ram,1500 Classic 4X4,Camionnette : ordinaire,5.7,8,A8,X,16.2,11.6,14.1,20,330,3,3
2020,Ram,ProMaster City,Véhicule à usage spécial,2.4,4,A9,X,11.2,8.3,9.9,29,232,5,6
2020,Rolls-Royce,Cullinan,Familiale : intermédiaire,6.7,12,AS8,Z,20.1,12.1,16.5,17,386,1,3
2020,Rolls-Royce,Cullinan Black Badge,Familiale : intermédiaire,6.7,12,AS8,Z,20.1,12.1,16.5,17,386,1,3
2020,Rolls-Royce,Dawn,Compacte,6.6,12,AS8,Z,20.4,13.1,17.1,17,400,1,3
2020,Rolls-Royce,Dawn Black Badge,Compacte,6.6,12,AS8,Z,20.4,13.1,17.1,17,400,1,3
2020,Rolls-Royce,Ghost,Grande berline,6.6,12,AS8,Z,20.4,13.1,17.1,17,400,1,3
2020,Rolls-Royce,Ghost EWB,Grande berline,6.6,12,AS8,Z,20.4,13.1,17.1,17,400,1,3
2020,Rolls-Royce,Phantom,Grande berline,6.7,12,AS8,Z,20.0,11.8,16.3,17,382,1,3
2020,Rolls-Royce,Phantom EWB,Grande berline,6.7,12,AS8,Z,20.0,11.8,16.3,17,382,1,3
2020,Rolls-Royce,Wraith,Intermédiaire,6.6,12,AS8,Z,19.6,12.8,16.5,17,387,1,3
2020,Rolls-Royce,Wraith Black Badge,Intermédiaire,6.6,12,AS8,Z,19.6,12.8,16.5,17,387,1,3
2020,Subaru,Ascent AWD,Véhicule utilitaire sport : ordinaire,2.4,4,AV8,X,11.6,9.0,10.4,27,244,5,3
2020,Subaru,BRZ,Minicompacte,2.0,4,AS6,Z,9.7,7.2,8.6,33,200,6,1
2020,Subaru,BRZ,Minicompacte,2.0,4,M6,Z,11.2,8.2,9.9,29,231,5,1
2020,Subaru,BRZ tS,Minicompacte,2.0,4,M6,Z,11.6,8.6,10.2,28,239,5,1
2020,Subaru,Crosstrek AWD,Véhicule utilitaire sport : petit,2.0,4,AV8,X,8.5,7.0,7.9,36,185,7,6
2020,Subaru,Crosstrek AWD,Véhicule utilitaire sport : petit,2.0,4,M6,X,10.5,8.1,9.4,30,220,5,6
2020,Subaru,Forester AWD,Véhicule utilitaire sport : petit,2.5,4,AV7,X,9.0,7.2,8.2,34,192,6,6
2020,Subaru,Impreza 4-Door AWD,Intermédiaire,2.0,4,AV7,X,8.3,6.4,7.5,38,174,7,6
2020,Subaru,Impreza 4-Door AWD,Intermédiaire,2.0,4,M5,X,10.1,7.6,9.0,31,210,5,6
2020,Subaru,Impreza 5-Door AWD,Familiale : petite,2.0,4,AV7,X,8.4,6.6,7.6,37,178,7,6
2020,Subaru,Impreza 5-Door AWD,Familiale : petite,2.0,4,M5,X,10.1,7.7,9.0,31,211,5,6
2020,Subaru,Legacy AWD,Grande berline,2.4,4,AV8,X,9.9,7.3,8.7,32,205,6,3
2020,Subaru,Legacy AWD,Grande berline,2.5,4,AV8,X,8.8,6.7,7.9,36,185,7,6
2020,Subaru,Outback AWD,Véhicule utilitaire sport : petit,2.4,4,AV8,X,10.1,7.9,9.1,31,213,5,3
2020,Subaru,Outback AWD,Véhicule utilitaire sport : petit,2.5,4,AV8,X,9.0,7.1,8.2,34,192,6,6
2020,Subaru,WRX AWD,Compacte,2.0,4,AV8,Z,12.9,9.7,11.5,25,263,4,1
2020,Subaru,WRX AWD,Compacte,2.0,4,M6,Z,11.3,8.5,10.1,28,236,5,1
2020,Subaru,WRX STI AWD,Compacte,2.5,4,M6,Z,14.3,10.8,12.7,22,297,3,1
2020,Toyota,4Runner 4WD,Véhicule utilitaire sport : ordinaire,4.0,6,AS5,X,14.8,12.5,13.8,20,321,3,5
2020,Toyota,4Runner 4WD (Part-Time 4WD),Véhicule utilitaire sport : ordinaire,4.0,6,AS5,X,14.8,12.5,13.8,20,321,3,5
2020,Toyota,86,Minicompacte,2.0,4,AS6,Z,9.9,7.3,8.7,32,204,6,1
2020,Toyota,86,Minicompacte,2.0,4,M6,Z,11.2,8.3,9.9,29,232,5,1
2020,Toyota,Avalon,Intermédiaire,3.5,6,AS8,X,10.9,7.6,9.4,30,220,5,5
2020,Toyota,C-HR,Compacte,2.0,4,AS7,X,8.7,7.5,8.2,34,189,6,3
2020,Toyota,Camry,Intermédiaire,2.5,4,AS8,X,8.1,5.7,6.9,41,164,8,7
2020,Toyota,Camry LE/SE,Intermédiaire,2.5,4,AS8,X,8.5,6.1,7.4,38,173,7,7
2020,Toyota,Camry XLE/XSE,Intermédiaire,2.5,4,AS8,X,8.6,6.3,7.6,37,177,7,7
2020,Toyota,Camry,Intermédiaire,3.5,6,AS8,X,10.5,7.1,9.0,31,210,5,5
2020,Toyota,Camry XSE,Intermédiaire,3.5,6,AS8,X,10.7,7.4,9.2,31,215,5,5
2020,Toyota,Camry TRD,Intermédiaire,3.5,6,AS8,X,10.8,7.6,9.4,30,220,5,5
2020,Toyota,Camry AWD LE/SE,Intermédiaire,2.5,4,AS8,X,9.3,6.8,8.2,34,190,6,6
2020,Toyota,Camry AWD XLE/XSE,Intermédiaire,2.5,4,AS8,X,9.5,7.0,8.4,34,197,6,6
2020,Toyota,Camry Hybrid LE,Intermédiaire,2.5,4,AV,X,4.9,4.8,4.9,58,113,10,7
2020,Toyota,Camry Hybrid XLE/SE,Intermédiaire,2.5,4,AV,X,5.3,5.0,5.1,55,121,10,7
2020,Toyota,Corolla,Compacte,1.8,4,AV,X,7.9,6.1,7.1,40,165,7,5
2020,Toyota,Corolla XLE,Compacte,1.8,4,AV,X,8.1,6.3,7.3,39,170,7,5
2020,Toyota,Corolla,Compacte,1.8,4,M6,X,8.0,6.0,7.1,40,165,7,5
2020,Toyota,Corolla,Compacte,2.0,4,AV10,X,7.6,5.8,6.7,42,158,8,6
2020,Toyota,Corolla XSE,Compacte,2.0,4,AV10,X,7.7,6.1,7.0,40,164,8,6
2020,Toyota,Corolla,Compacte,2.0,4,M6,X,8.2,6.5,7.4,38,173,7,6
2020,Toyota,Corolla Hatchback,Compacte,2.0,4,AV10,X,7.5,5.8,6.7,42,158,8,6
2020,Toyota,Corolla Hatchback,Compacte,2.0,4,M6,X,8.4,6.3,7.5,38,174,7,6
2020,Toyota,Corolla Hybrid,Compacte,1.8,4,AV,X,4.4,4.5,4.5,63,106,10,7
2020,Toyota,GR Supra,Deux places,3.0,6,AS8,Z,9.9,7.7,8.9,32,208,6,3
2020,Toyota,Highlander,Véhicule utilitaire sport : petit,3.5,6,AS8,X,11.9,8.3,10.3,27,240,5,5
2020,Toyota,Highlander AWD,Véhicule utilitaire sport : petit,3.5,6,AS8,X,11.7,8.6,10.3,27,240,5,5
2020,Toyota,Highlander Hybrid AWD,Véhicule utilitaire sport : ordinaire,2.5,4,AV,X,6.7,6.8,6.7,42,158,8,7
2020,Toyota,Highlander Hybrid AWD Limited/Platinum,Véhicule utilitaire sport : ordinaire,2.5,4,AV,X,6.6,6.8,6.7,42,156,8,7
2020,Toyota,Prius,Intermédiaire,1.8,4,AV,X,4.4,4.7,4.5,63,106,10,7
2020,Toyota,Prius AWD,Intermédiaire,1.8,4,AV,X,4.5,4.9,4.7,60,109,10,7
2020,Toyota,Prius c,Compacte,1.5,4,AV,X,4.9,5.5,5.1,55,120,10,7
2020,Toyota,RAV4,Véhicule utilitaire sport : petit,2.5,4,AS8,X,8.8,6.8,7.9,36,184,7,6
2020,Toyota,RAV4 AWD,Véhicule utilitaire sport : petit,2.5,4,AS8,X,9.2,7.1,8.2,34,194,6,6
2020,Toyota,RAV4 AWD TRD Off-Road,Véhicule utilitaire sport : petit,2.5,4,AS8,X,9.5,7.5,8.6,33,200,6,6
2020,Toyota,RAV4 Hybrid AWD,Véhicule utilitaire sport : petit,2.5,4,AV,X,5.7,6.3,6.0,47,139,9,7
2020,Toyota,Sequoia 4WD,Véhicule utilitaire sport : ordinaire,5.7,8,AS6,X,18.5,13.9,16.4,17,385,1,5
2020,Toyota,Sienna,Fourgonnette,3.5,6,AS8,X,12.6,9.1,11.0,26,259,4,5
2020,Toyota,Sienna AWD,Fourgonnette,3.5,6,AS8,X,13.4,9.6,11.7,24,274,4,5
2020,Toyota,Tacoma,Camionnette : petite,2.7,4,AS6,X,12.1,10.1,11.2,25,263,4,5
2020,Toyota,Tacoma 4WD,Camionnette : petite,2.7,4,AS6,X,12.7,10.6,11.7,24,274,4,5
2020,Toyota,Tacoma 4WD,Camionnette : petite,3.5,6,AS6,X,13.0,10.5,11.9,24,278,4,5
2020,Toyota,Tacoma 4WD,Camionnette : petite,3.5,6,M6,X,13.8,11.4,12.7,22,299,3,5
2020,Toyota,Tacoma 4WD D-Cab TRD Off-Road/Pro,Camionnette : petite,3.5,6,M6,X,13.8,11.7,12.9,22,300,3,5
2020,Toyota,Tundra,Camionnette : ordinaire,5.7,8,AS6,X,17.7,13.6,15.9,18,371,2,5
2020,Toyota,Tundra 4WD,Camionnette : ordinaire,5.7,8,AS6,X,18.0,14.2,16.3,17,381,1,5
2020,Toyota,Yaris,Compacte,1.5,4,AS6,X,7.3,5.9,6.6,43,155,8,3
2020,Toyota,Yaris (SIL),Compacte,1.5,4,M6,X,7.8,6.1,6.9,41,165,8,3
2020,Volkswagen,Arteon 4MOTION,Grande berline,2.0,4,AS8,Z,11.5,8.2,10.0,28,234,5,3
2020,Volkswagen,Atlas Cross Sport 4MOTION,Véhicule utilitaire sport : petit,2.0,4,AS8,X,12.8,10.4,11.7,24,273,4,3
2020,Volkswagen,Atlas Cross Sport 4MOTION,Véhicule utilitaire sport : petit,3.6,6,AS8,X,14.3,10.7,12.7,22,297,3,5
2020,Volkswagen,Golf,Compacte,1.4,4,AS8,X,8.1,6.6,7.4,38,174,7,7
2020,Volkswagen,Golf,Compacte,1.4,4,M6,X,8.4,6.6,7.6,37,177,7,7
2020,Volkswagen,Golf GTI,Compacte,2.0,4,AM7,X,9.7,7.5,8.7,32,203,6,7
2020,Volkswagen,Golf GTI,Compacte,2.0,4,M6,X,9.8,7.3,8.7,32,203,6,7
2020,Volkswagen,Jetta,Compacte,1.4,4,AS8,X,7.8,5.9,7.0,40,162,8,5
2020,Volkswagen,Jetta,Compacte,1.4,4,M6,X,7.9,5.9,7.0,40,163,8,7
2020,Volkswagen,Jetta GLI,Compacte,2.0,4,AM7,X,9.3,7.2,8.4,34,196,6,7
2020,Volkswagen,Jetta GLI,Compacte,2.0,4,M6,X,9.6,7.1,8.5,33,198,6,7
2020,Volkswagen,Passat,Intermédiaire,2.0,4,AS6,X,10.2,6.9,8.7,32,205,6,7
2020,Volkswagen,Tiguan,Véhicule utilitaire sport : petit,2.0,4,AS8,X,10.5,8.1,9.4,30,221,5,7
2020,Volkswagen,Tiguan 4MOTION,Véhicule utilitaire sport : petit,2.0,4,AS8,X,11.5,8.7,10.2,28,241,5,7
2020,Volvo,S60 T5,Compacte,2.0,4,AS8,Z,10.5,7.1,8.9,32,208,6,5
2020,Volvo,S60 T6 AWD,Compacte,2.0,4,AS8,Z,11.0,7.4,9.4,30,219,5,7
2020,Volvo,S90 T6 AWD,Intermédiaire,2.0,4,AS8,Z,11.3,7.5,9.6,29,223,5,7
2020,Volvo,V60 T5,Familiale : petite,2.0,4,AS8,Z,10.5,7.1,8.9,32,208,6,5
2020,Volvo,V60 T6 AWD,Familiale : petite,2.0,4,AS8,Z,11.0,7.4,9.4,30,219,5,7
2020,Volvo,V60 CC T5 AWD,Familiale : petite,2.0,4,AS8,Z,10.8,7.7,9.4,30,220,5,5
2020,Volvo,XC40 T4,Véhicule utilitaire sport : petit,2.0,4,AS8,X,10.1,7.2,8.8,32,205,6,5
2020,Volvo,XC40 T4 AWD,Véhicule utilitaire sport : petit,2.0,4,AS8,X,10.2,7.5,9.0,31,210,5,5
2020,Volvo,XC40 T5 AWD,Véhicule utilitaire sport : petit,2.0,4,AS8,Z,10.7,7.7,9.4,30,219,5,5
2020,Volvo,XC60 T5 AWD,Véhicule utilitaire sport : petit,2.0,4,AS8,Z,11.2,8.3,9.9,29,232,5,5
2020,Volvo,XC60 T6 AWD,Véhicule utilitaire sport : petit,2.0,4,AS8,Z,11.7,8.6,10.3,27,240,5,7
2020,Volvo,XC90 T5 AWD,Véhicule utilitaire sport : ordinaire,2.0,4,AS8,Z,11.2,8.3,9.9,29,232,5,5
2020,Volvo,XC90 T6 AWD,Véhicule utilitaire sport : ordinaire,2.0,4,AS8,Z,12.2,8.7,10.7,26,248,4,7
2021,Acura,ILX,Compacte,2.4,4,AM8,Z,9.9,7.0,8.6,33,199,6,3
2021,Acura,NSX,Deux places,3.5,6,AM9,Z,11.1,10.8,11.0,26,256,4,3
2021,Acura,RDX SH-AWD,Véhicule utilitaire sport : petit,2.0,4,AS10,Z,11.0,8.6,9.9,29,232,5,6
2021,Acura,RDX SH-AWD A-SPEC,Véhicule utilitaire sport : petit,2.0,4,AS10,Z,11.3,9.1,10.3,27,242,5,6
2021,Acura,TLX SH-AWD,Compacte,2.0,4,AS10,Z,11.2,8.0,9.8,29,230,5,7
2021,Acura,TLX SH-AWD A-SPEC,Compacte,2.0,4,AS10,Z,11.3,8.1,9.8,29,231,5,7
2021,Acura,TLX Type S,Compacte,3.0,6,AS10,Z,12.3,9.4,11.0,26,256,4,5
2021,Acura,TLX Type S (Performance Tire),Compacte,3.0,6,AS10,Z,12.3,9.8,11.2,25,261,4,5
2021,Alfa Romeo,Giulia,Intermédiaire,2.0,4,A8,Z,10.0,7.2,8.7,32,205,6,3
2021,Alfa Romeo,Giulia AWD,Intermédiaire,2.0,4,A8,Z,10.5,7.7,9.2,31,217,5,3
2021,Alfa Romeo,Giulia Quadrifoglio,Intermédiaire,2.9,6,A8,Z,13.5,9.3,11.6,24,271,4,3
2021,Alfa Romeo,Stelvio,Véhicule utilitaire sport : petit,2.0,4,A8,Z,10.3,8.1,9.3,30,218,5,3
2021,Alfa Romeo,Stelvio AWD,Véhicule utilitaire sport : petit,2.0,4,A8,Z,10.8,8.3,9.6,29,226,5,3
2021,Alfa Romeo,Stelvio AWD Quadrifoglio,Véhicule utilitaire sport : petit,2.9,6,A8,Z,13.9,10.3,12.3,23,288,3,3
2021,Aston Martin,DB11 V8,Minicompacte,4.0,8,A8,Z,13.0,9.8,11.5,25,271,4,3
2021,Aston Martin,DB11 AMR,Minicompacte,5.2,12,A8,Z,15.5,10.6,13.3,21,312,3,3
2021,Aston Martin,DBS Superleggera,Minicompacte,5.2,12,A8,Z,16.4,10.7,13.8,20,324,3,3
2021,Aston Martin,DBX V8,Véhicule utilitaire sport : ordinaire,4.0,8,A9,Z,17.1,12.8,15.2,19,357,2,3
2021,Aston Martin,Vantage V8,Deux places,4.0,8,A8,Z,13.1,9.6,11.5,25,270,4,3
2021,Aston Martin,Vantage V8,Deux places,4.0,8,M7,Z,16.7,11.2,14.2,20,333,3,3
2021,Audi,A4 Sedan 40 TFSI quattro,Compacte,2.0,4,AM7,Z,9.3,7.0,8.3,34,194,6,5
2021,Audi,A4 Sedan 45 TFSI quattro,Compacte,2.0,4,AM7,Z,9.8,7.6,8.8,32,205,6,5
2021,Audi,A4 allroad 45 TFSI quattro,Familiale : petite,2.0,4,AM7,Z,9.8,7.9,8.9,32,208,6,5
2021,Audi,A5 Cabriolet 45 TFSI quattro,Sous-compacte,2.0,4,AM7,Z,10.4,7.5,9.1,31,212,5,5
2021,Audi,A5 Coupe 45 TFSI quattro,Sous-compacte,2.0,4,AM7,Z,9.8,7.6,8.8,32,205,6,5
2021,Audi,A5 Sportback 45 TFSI quattro,Intermédiaire,2.0,4,AM7,Z,9.8,7.6,8.8,32,205,6,5
2021,Audi,A6 Sedan 45 TFSI quattro,Intermédiaire,2.0,4,AM7,Z,10.3,7.8,9.2,31,214,5,5
2021,Audi,A6 Sedan 55 TFSI quattro,Intermédiaire,3.0,6,AM7,Z,10.9,8.2,9.7,29,227,5,5
2021,Audi,A6 allroad 55 TFSI quattro,Familiale : intermédiaire,3.0,6,AM7,Z,11.8,9.1,10.6,27,247,4,5
2021,Audi,A7 Sportback 55 TFSI quattro,Intermédiaire,3.0,6,AM7,Z,10.9,8.2,9.7,29,227,5,5
2021,Audi,A8 L Sedan 55 TFSI quattro,Grande berline,3.0,6,AS8,Z,13.5,8.9,11.5,25,267,4,5
2021,Audi,A8 L Sedan 60 TFSI quattro,Grande berline,4.0,8,AS8,Z,15.4,10.4,13.2,21,308,3,3
2021,Audi,Q3 40 TFSI quattro,Véhicule utilitaire sport : petit,2.0,4,AS8,X,10.6,7.7,9.3,30,218,5,7
2021,Audi,Q3 45 TFSI quattro,Véhicule utilitaire sport : petit,2.0,4,AS8,X,11.7,8.4,10.2,28,239,5,7
2021,Audi,Q5 45 TFSI quattro,Véhicule utilitaire sport : petit,2.0,4,AM7,Z,10.1,8.3,9.3,30,217,5,5
2021,Audi,Q5 Sportback 45 TFSI quattro,Véhicule utilitaire sport : petit,2.0,4,AM7,Z,10.1,8.3,9.3,30,217,5,5
2021,Audi,Q7 45 TFSI quattro,Véhicule utilitaire sport : ordinaire,2.0,4,AS8,Z,12.4,10.1,11.3,25,264,4,3
2021,Audi,Q7 55 TFSI quattro,Véhicule utilitaire sport : ordinaire,3.0,6,AS8,Z,13.4,10.4,12.0,24,281,4,5
2021,Audi,Q8 55 TFSI quattro,Véhicule utilitaire sport : ordinaire,3.0,6,AS8,Z,13.4,10.4,12.0,24,281,4,5
2021,Audi,R8 Coupe,Deux places,5.2,10,AM7,Z,17.2,10.2,14.1,20,329,3,1
2021,Audi,R8 Coupe quattro,Deux places,5.2,10,AM7,Z,17.6,12.0,15.1,19,353,2,1
2021,Audi,R8 Spyder,Deux places,5.2,10,AM7,Z,17.2,10.2,14.1,20,329,3,1
2021,Audi,R8 Spyder quattro,Deux places,5.2,10,AM7,Z,17.6,12.0,15.1,19,353,2,1
2021,Audi,RS 5 Coupe quattro,Sous-compacte,2.9,6,AS8,Z,13.1,9.5,11.5,25,269,4,5
2021,Audi,RS 5 Sportback quattro,Intermédiaire,2.9,6,AS8,Z,13.1,9.3,11.4,25,266,4,5
2021,Audi,RS 6 Avant quattro,Familiale : intermédiaire,4.0,8,AS8,Z,16.1,10.7,13.7,21,319,3,3
2021,Audi,RS 7 Sportback quattro,Intermédiaire,4.0,8,AS8,Z,16.0,10.5,13.5,21,315,3,3
2021,Audi,RS Q8 quattro,Véhicule utilitaire sport : ordinaire,4.0,8,AS8,Z,18.0,12.3,15.4,18,360,2,3
2021,Audi,S4 Sedan quattro,Compacte,3.0,6,AS8,Z,11.5,8.5,10.1,28,237,5,5
2021,Audi,S5 Cabriolet quattro,Sous-compacte,3.0,6,AS8,Z,11.7,8.9,10.5,27,244,5,5
2021,Audi,S5 Coupe quattro,Sous-compacte,3.0,6,AS8,Z,11.5,8.5,10.1,28,237,5,5
2021,Audi,S5 Sportback quattro,Intermédiaire,3.0,6,AS8,Z,11.5,8.5,10.1,28,237,5,5
2021,Audi,S6 Sedan quattro,Intermédiaire,2.9,6,AS8,Z,12.9,8.5,10.9,26,255,4,5
2021,Audi,S7 Sportback quattro,Intermédiaire,2.9,6,AS8,Z,12.9,8.5,10.9,26,255,4,5
2021,Audi,S8 Sedan quattro,Grande berline,4.0,8,AS8,Z,17.6,10.7,14.5,19,339,2,3
2021,Audi,SQ5 quattro,Véhicule utilitaire sport : petit,3.0,6,AS8,Z,13.1,9.9,11.6,24,274,4,5
2021,Audi,SQ5 Sportback quattro,Véhicule utilitaire sport : petit,3.0,6,AS8,Z,13.1,9.9,11.6,24,274,4,5
2021,Audi,SQ7 quattro,Véhicule utilitaire sport : ordinaire,4.0,8,AS8,Z,16.0,11.4,13.9,20,324,3,3
2021,Audi,SQ8 quattro,Véhicule utilitaire sport : ordinaire,4.0,8,AS8,Z,16.0,11.4,13.9,20,324,3,3
2021,Audi,TT Coupe 45 TFSI quattro,Sous-compacte,2.0,4,AM7,X,10.4,7.8,9.2,31,216,5,7
2021,Audi,TT Roadster 45 TFSI quattro,Deux places,2.0,4,AM7,X,10.4,7.8,9.2,31,216,5,7
2021,Audi,TT RS Coupe quattro,Sous-compacte,2.5,5,AM7,Z,11.6,8.0,10.0,28,232,5,3
2021,Audi,TTS Coupe quattro,Sous-compacte,2.0,4,AM7,Z,10.4,8.2,9.4,30,220,5,3
2021,Bentley,Bentayga,Véhicule utilitaire sport : ordinaire,4.0,8,AS8,Z,15.8,9.9,13.2,21,309,3,3
2021,Bentley,Bentayga,Véhicule utilitaire sport : ordinaire,6.0,12,AS8,Z,19.0,13.0,16.3,17,383,1,3
2021,Bentley,Continental GT,Sous-compacte,4.0,8,AM8,Z,15.0,9.0,12.3,23,290,3,3
2021,Bentley,Continental GT,Sous-compacte,6.0,12,AM8,Z,19.0,11.6,15.7,18,364,2,3
2021,Bentley,Continental GT Convertible,Minicompacte,4.0,8,AM8,Z,15.0,9.0,12.3,23,290,3,3
2021,Bentley,Continental GT Convertible,Minicompacte,6.0,12,AM8,Z,19.2,12.2,16.0,18,373,2,3
2021,Bentley,Flying Spur,Intermédiaire,4.0,8,AM8,Z,15.5,11.6,13.7,21,323,3,3
2021,Bentley,Flying Spur,Intermédiaire,6.0,12,AM8,Z,19.2,12.2,16.0,18,373,2,3
2021,BMW,228i xDrive Gran Coupe,Compacte,2.0,4,AS8,Z,10.2,7.2,8.8,32,206,6,7
2021,BMW,230i xDrive Cabriolet,Sous-compacte,2.0,4,AS8,Z,11.2,7.7,9.6,29,225,5,7
2021,BMW,230i xDrive Coupe,Sous-compacte,2.0,4,AS8,Z,11.2,7.7,9.6,29,225,5,7
2021,BMW,330i xDrive Sedan,Compacte,2.0,4,AS8,Z,9.5,6.9,8.3,34,195,6,7
2021,BMW,430i xDrive Coupe,Sous-compacte,2.0,4,AS8,Z,10.0,7.1,8.7,32,202,6,7
2021,BMW,530i xDrive Sedan,Intermédiaire,2.0,4,AS8,Z,10.1,7.5,8.9,32,206,6,7
2021,BMW,540i xDrive Sedan,Grande berline,3.0,6,AS8,Z,10.3,7.6,9.1,31,211,5,5
2021,BMW,750i xDrive Sedan,Grande berline,4.4,8,AS8,Z,14.0,9.7,12.0,24,281,4,3
2021,BMW,750Li xDrive Sedan,Grande berline,4.4,8,AS8,Z,14.0,9.7,12.0,24,281,4,3
2021,BMW,Alpina B7 xDrive,Grande berline,4.4,8,AS8,Z,14.0,9.7,12.0,24,281,4,3
2021,BMW,Alpina XB7,Véhicule utilitaire sport : ordinaire,4.4,8,AS8,Z,15.7,11.5,13.8,20,321,3,3
2021,BMW,M2 Competition,Sous-compacte,3.0,6,AM7,Z,14.3,10.4,12.6,22,293,3,3
2021,BMW,M2 Competition,Sous-compacte,3.0,6,M6,Z,13.4,9.6,11.7,24,273,4,3
2021,BMW,M235i xDrive Gran Coupe,Compacte,2.0,4,AS8,Z,10.4,7.7,9.2,31,213,5,7
2021,BMW,M240i xDrive Cabriolet,Sous-compacte,3.0,6,AS8,Z,11.3,7.9,9.8,29,228,5,3
2021,BMW,M240i xDrive Coupe,Sous-compacte,3.0,6,AS8,Z,11.3,7.9,9.8,29,228,5,3
2021,BMW,M340i xDrive Sedan,Compacte,3.0,6,AS8,Z,10.5,7.7,9.2,31,214,5,5
2021,BMW,M440i xDrive Coupe,Sous-compacte,3.0,6,AS8,Z,10.5,7.7,9.2,31,214,5,5
2021,BMW,M5 Sedan,Intermédiaire,4.4,8,AS8,Z,16.0,11.0,13.8,20,323,3,3
2021,BMW,M5 Competition,Intermédiaire,4.4,8,AS8,Z,16.0,11.0,13.8,20,323,3,3
2021,BMW,M550i xDrive Sedan,Intermédiaire,4.4,8,AS8,Z,13.5,9.5,11.7,24,272,4,3
2021,BMW,M760i xDrive Sedan,Grande berline,6.6,12,AS8,Z,17.8,11.9,15.1,19,354,2,3
2021,BMW,M8 Cabriolet,Sous-compacte,4.4,8,AS8,Z,16.0,11.0,13.8,20,323,3,3
2021,BMW,M8 Cabriolet Competition,Sous-compacte,4.4,8,AS8,Z,16.0,11.0,13.8,20,323,3,3
2021,BMW,M8 Coupe,Sous-compacte,4.4,8,AS8,Z,16.0,11.0,13.8,20,323,3,3
2021,BMW,M8 Coupe Competition,Sous-compacte,4.4,8,AS8,Z,16.0,11.0,13.8,20,323,3,3
2021,BMW,M8 Gran Coupe,Intermédiaire,4.4,8,AS8,Z,16.0,11.0,13.8,20,323,3,3
2021,BMW,M8 Gran Coupe Competition,Intermédiaire,4.4,8,AS8,Z,16.0,11.0,13.8,20,323,3,3
2021,BMW,M850i xDrive Cabriolet,Sous-compacte,4.4,8,AS8,Z,14.0,9.7,12.0,24,281,4,3
2021,BMW,M850i xDrive Coupe,Sous-compacte,4.4,8,AS8,Z,13.5,9.5,11.7,24,272,4,3
2021,BMW,M850i xDrive Gran Coupe,Intermédiaire,4.4,8,AS8,Z,14.0,9.7,12.0,24,281,4,3
2021,BMW,X1 xDrive28i,Véhicule utilitaire sport : petit,2.0,4,AS8,Z,10.3,7.7,9.1,31,213,5,7
2021,BMW,X2 xDrive28i,Véhicule utilitaire sport : petit,2.0,4,AS8,Z,9.8,7.5,8.8,32,205,6,7
2021,BMW,X2 M35i,Véhicule utilitaire sport : petit,2.0,4,AS8,Z,10.0,7.7,8.9,32,209,5,7
2021,BMW,X3 xDrive30i,Véhicule utilitaire sport : petit,2.0,4,AS8,Z,10.2,8.2,9.3,30,217,5,7
2021,BMW,X3 M,Véhicule utilitaire sport : petit,3.0,6,AS8,Z,16.6,12.1,14.6,19,339,2,3
2021,BMW,X3 M Competition,Véhicule utilitaire sport : petit,3.0,6,AS8,Z,16.6,12.1,14.6,19,339,2,3
2021,BMW,X3 M40i,Véhicule utilitaire sport : petit,3.0,6,AS8,Z,11.3,8.7,10.1,28,235,5,5
2021,BMW,X4 xDrive30i,Véhicule utilitaire sport : petit,2.0,4,AS8,Z,10.2,8.2,9.3,30,217,5,7
2021,BMW,X4 M,Véhicule utilitaire sport : petit,3.0,6,AS8,Z,16.6,12.1,14.6,19,339,2,3
2021,BMW,X4 M Competition,Véhicule utilitaire sport : petit,3.0,6,AS8,Z,16.6,12.1,14.6,19,339,2,3
2021,BMW,X4 M40i,Véhicule utilitaire sport : petit,3.0,6,AS8,Z,11.3,8.7,10.1,28,235,5,5
2021,BMW,X5 xDrive40i,Véhicule utilitaire sport : ordinaire,3.0,6,AS8,Z,11.4,9.2,10.4,27,242,5,3
2021,BMW,X5 M,Véhicule utilitaire sport : ordinaire,4.4,8,AS8,Z,17.9,13.0,15.7,18,364,2,3
2021,BMW,X5 M Competition,Véhicule utilitaire sport : ordinaire,4.4,8,AS8,Z,17.9,13.0,15.7,18,364,2,3
2021,BMW,X5 M50i,Véhicule utilitaire sport : ordinaire,4.4,8,AS8,Z,14.4,10.6,12.7,22,302,3,3
2021,BMW,X6 xDrive40i,Véhicule utilitaire sport : ordinaire,3.0,6,AS8,Z,11.4,9.2,10.4,27,242,5,3
2021,BMW,X6 M,Véhicule utilitaire sport : ordinaire,4.4,8,AS8,Z,17.9,13.0,15.7,18,364,2,3
2021,BMW,X6 M Competition,Véhicule utilitaire sport : ordinaire,4.4,8,AS8,Z,17.9,13.0,15.7,18,364,2,3
2021,BMW,X6 M50i,Véhicule utilitaire sport : ordinaire,4.4,8,AS8,Z,14.4,10.6,12.7,22,302,3,3
2021,BMW,X7 xDrive40i,Véhicule utilitaire sport : ordinaire,3.0,6,AS8,Z,12.1,9.8,11.1,25,256,4,3
2021,BMW,X7 M50i,Véhicule utilitaire sport : ordinaire,4.4,8,AS8,Z,15.7,11.5,13.8,20,321,3,3
2021,BMW,Z4 sDrive30i,Deux places,2.0,4,AS8,Z,9.4,7.3,8.4,34,197,6,7
2021,BMW,Z4 M40i,Deux places,3.0,6,AS8,Z,10.7,8.0,9.5,30,221,5,5
2021,Bugatti,Chiron,Deux places,8.0,16,AM7,Z,26.8,16.6,22.2,13,522,1,1
2021,Bugatti,Chiron Pur Sport,Deux places,8.0,16,AM7,Z,30.3,20.9,26.1,11,608,1,1
2021,Buick,Enclave,Véhicule utilitaire sport : ordinaire,3.6,6,A9,X,13.0,9.1,11.2,25,264,4,6
2021,Buick,Enclave AWD,Véhicule utilitaire sport : ordinaire,3.6,6,A9,X,13.6,9.6,11.8,24,277,4,6
2021,Buick,Encore,Véhicule utilitaire sport : petit,1.4,4,AS6,X,9.4,7.8,8.7,32,204,6,5
2021,Buick,Encore (SIDI),Véhicule utilitaire sport : petit,1.4,4,AS6,X,9.7,7.3,8.6,33,203,6,7
2021,Buick,Encore AWD,Véhicule utilitaire sport : petit,1.4,4,AS6,X,10.0,8.0,9.1,31,214,5,5
2021,Buick,Encore AWD (SIDI),Véhicule utilitaire sport : petit,1.4,4,AS6,X,10.2,7.7,9.1,31,214,5,7
2021,Buick,Encore GX,Véhicule utilitaire sport : petit,1.2,3,AV,X,8.4,7.5,8.0,35,188,6,7
2021,Buick,Encore GX AWD,Véhicule utilitaire sport : petit,1.3,3,A9,X,9.0,8.0,8.5,33,199,6,7
2021,Buick,Envision,Véhicule utilitaire sport : petit,2.0,4,AS9,X,10.0,7.6,8.9,32,209,5,7
2021,Buick,Envision AWD,Véhicule utilitaire sport : petit,2.0,4,AS9,X,10.5,8.2,9.5,30,222,5,7
2021,Cadillac,CT4,Compacte,2.0,4,AS8,Z,10.1,6.8,8.7,32,203,6,6
2021,Cadillac,CT4,Compacte,2.7,4,AS10,Z,11.0,7.6,9.5,30,221,5,6
2021,Cadillac,CT4 AWD,Compacte,2.0,4,AS8,Z,10.4,7.4,9.1,31,213,5,6
2021,Cadillac,CT4 AWD,Compacte,2.7,4,AS10,Z,11.4,8.2,9.9,29,232,5,6
2021,Cadillac,CT4-V,Compacte,2.7,4,AS10,Z,11.5,8.2,10.0,28,234,5,6
2021,Cadillac,CT4-V AWD,Compacte,2.7,4,AS10,Z,11.7,8.4,10.2,28,239,5,6
2021,Cadillac,CT5,Intermédiaire,2.0,4,AS10,Z,10.4,7.3,9.0,31,209,5,6
2021,Cadillac,CT5,Intermédiaire,3.0,6,AS10,Z,12.3,8.5,10.6,27,249,4,5
2021,Cadillac,CT5 AWD,Intermédiaire,2.0,4,AS10,Z,11.0,7.7,9.5,30,242,5,6
2021,Cadillac,CT5 AWD,Intermédiaire,3.0,6,AS10,Z,12.7,9.1,11.1,25,260,4,5
2021,Cadillac,CT5-V,Intermédiaire,3.0,6,AS10,Z,12.7,8.7,10.9,26,256,4,5
2021,Cadillac,CT5-V AWD,Intermédiaire,3.0,6,AS10,Z,12.7,9.1,11.1,25,260,4,5
2021,Cadillac,Escalade 4WD,Véhicule utilitaire sport : ordinaire,3.0,6,A10,D,12.0,8.9,10.6,27,277,4,3
2021,Cadillac,Escalade 4WD,Véhicule utilitaire sport : ordinaire,6.2,8,A10,Z,16.8,12.4,14.8,19,347,2,3
2021,Cadillac,Escalade 4WD (Without Stop-Start),Véhicule utilitaire sport : ordinaire,6.2,8,A10,Z,17.5,12.6,15.3,18,357,2,3
2021,Cadillac,XT4,Véhicule utilitaire sport : petit,2.0,4,AS9,Z,9.9,7.8,8.9,32,209,5,7
2021,Cadillac,XT4 AWD,Véhicule utilitaire sport : petit,2.0,4,AS9,Z,10.9,8.2,9.7,29,227,5,7
2021,Cadillac,XT5,Véhicule utilitaire sport : petit,2.0,4,AS9,Z,10.7,8.0,9.5,30,222,5,7
2021,Cadillac,XT5 AWD,Véhicule utilitaire sport : petit,2.0,4,AS9,Z,11.2,8.7,10.1,28,237,5,7
2021,Cadillac,XT5 AWD,Véhicule utilitaire sport : petit,3.6,6,AS9,X,12.9,9.2,11.2,25,263,4,6
2021,Cadillac,XT6 AWD,Véhicule utilitaire sport : petit,2.0,4,AS9,Z,11.2,9.0,10.2,28,239,5,7
2021,Cadillac,XT6 AWD,Véhicule utilitaire sport : petit,3.6,6,AS9,X,13.1,9.5,11.5,25,269,4,6
2021,Chevrolet,Blazer,Véhicule utilitaire sport : petit,2.0,4,A9,X,10.6,8.0,9.4,30,221,5,7
2021,Chevrolet,Blazer,Véhicule utilitaire sport : petit,2.5,4,A9,X,11.3,8.9,10.2,28,238,5,5
2021,Chevrolet,Blazer,Véhicule utilitaire sport : petit,3.6,6,A9,X,12.0,8.7,10.5,27,247,4,6
2021,Chevrolet,Blazer AWD,Véhicule utilitaire sport : petit,2.0,4,A9,X,10.6,8.7,9.7,29,227,5,7
2021,Chevrolet,Blazer AWD,Véhicule utilitaire sport : petit,3.6,6,A9,X,12.5,9.0,10.9,26,256,4,6
2021,Chevrolet,Camaro,Sous-compacte,2.0,4,AS8,Z,10.9,7.8,9.5,30,222,5,5
2021,Chevrolet,Camaro,Sous-compacte,2.0,4,M6,Z,12.6,8.0,10.5,27,247,4,5
2021,Chevrolet,Camaro,Sous-compacte,3.6,6,AS10,X,12.8,8.1,10.7,26,251,4,6
2021,Chevrolet,Camaro,Sous-compacte,3.6,6,M6,X,14.4,9.0,12.0,24,281,4,6
2021,Chevrolet,Camaro SS,Sous-compacte,6.2,8,AS10,Z,14.6,8.9,12.0,24,281,4,1
2021,Chevrolet,Camaro SS,Sous-compacte,6.2,8,M6,Z,14.9,9.9,12.6,22,296,3,1
2021,Chevrolet,Camaro ZL1,Sous-compacte,6.2,8,AS10,Z,18.3,11.2,15.1,19,355,2,1
2021,Chevrolet,Camaro ZL1,Sous-compacte,6.2,8,M6,Z,17.2,12.0,14.8,19,349,2,1
2021,Chevrolet,Colorado,Camionnette : petite,2.5,4,A6,X,12.2,9.4,10.9,26,257,4,6
2021,Chevrolet,Colorado,Camionnette : petite,2.8,4,A6,D,11.8,7.9,10.1,28,294,3,3
2021,Chevrolet,Colorado,Camionnette : petite,3.6,6,A8,X,12.9,9.3,11.3,25,263,4,6
2021,Chevrolet,Colorado 4WD,Camionnette : petite,2.5,4,A6,X,12.7,9.9,11.4,25,268,4,6
2021,Chevrolet,Colorado 4WD,Camionnette : petite,2.8,4,A6,D,12.2,8.4,10.5,27,294,3,3
2021,Chevrolet,Colorado 4WD,Camionnette : petite,3.6,6,A8,X,14.0,9.9,12.1,23,284,3,6
2021,Chevrolet,Colorado ZR2 4WD,Camionnette : petite,2.8,4,A6,D,13.3,10.6,12.1,23,326,3,3
2021,Chevrolet,Colorado ZR2 4WD,Camionnette : petite,3.6,6,A8,X,15.0,13.0,14.1,20,329,3,6
2021,Chevrolet,Corvette,Deux places,6.2,8,AS8,Z,15.4,8.7,12.4,23,290,3,3
2021,Chevrolet,Equinox,Véhicule utilitaire sport : petit,1.5,4,A6,X,8.9,7.7,8.4,34,198,6,7
2021,Chevrolet,Equinox AWD,Véhicule utilitaire sport : petit,1.5,4,A6,X,9.4,8.0,8.8,32,207,6,7
2021,Chevrolet,Malibu,Intermédiaire,1.5,4,AV,X,8.2,6.6,7.5,38,175,7,7
2021,Chevrolet,Malibu,Intermédiaire,2.0,4,A9,Z,10.7,7.1,9.1,31,213,5,5
2021,Chevrolet,Silverado,Camionnette : ordinaire,2.7,4,A8,X,11.9,10.3,11.2,25,263,4,6
2021,Chevrolet,Silverado Custom/WT,Camionnette : ordinaire,2.7,4,A8,X,11.9,10.3,11.2,25,263,4,6
2021,Chevrolet,Silverado,Camionnette : ordinaire,3.0,6,A10,D,10.2,7.2,8.8,32,238,5,3
2021,Chevrolet,Silverado,Camionnette : ordinaire,4.3,6,A6,X,15.1,11.5,13.5,21,318,3,6
2021,Chevrolet,Silverado,Camionnette : ordinaire,5.3,8,A6,X,15.8,11.4,13.8,20,325,3,5
2021,Chevrolet,Silverado (Without AFM),Camionnette : ordinaire,5.3,8,A6,X,16.7,11.4,14.3,20,336,2,5
2021,Chevrolet,Silverado FFV,Camionnette : ordinaire,5.3,8,A6,X,16.2,12.3,14.5,19,340,2,3
2021,Chevrolet,Silverado FFV,Camionnette : ordinaire,5.3,8,A6,E,21.5,16.0,19.0,15,315,3,3
2021,Chevrolet,Silverado,Camionnette : ordinaire,5.3,8,A8,X,13.9,10.1,12.2,23,286,3,5
2021,Chevrolet,Silverado (Without DFM),Camionnette : ordinaire,5.3,8,A8,X,15.9,10.8,13.6,21,319,3,5
2021,Chevrolet,Silverado 4WD,Camionnette : ordinaire,2.7,4,A8,X,12.5,10.8,11.7,24,275,4,6
2021,Chevrolet,Silverado 4WD Custom/WT,Camionnette : ordinaire,2.7,4,A8,X,12.5,10.8,11.7,24,275,4,6
2021,Chevrolet,Silverado 4WD,Camionnette : ordinaire,3.0,6,A10,D,10.6,9.2,10.0,28,268,4,3
2021,Chevrolet,Silverado 4WD,Camionnette : ordinaire,4.3,6,A6,X,15.8,11.9,14.0,20,329,3,6
2021,Chevrolet,Silverado 4WD Trail Boss,Camionnette : ordinaire,4.3,6,A6,X,16.3,13.0,14.8,19,347,2,6
2021,Chevrolet,Silverado 4WD,Camionnette : ordinaire,5.3,8,A6,X,16.0,11.8,14.1,20,331,3,5
2021,Chevrolet,Silverado 4WD (Without AFM),Camionnette : ordinaire,5.3,8,A6,X,17.3,11.8,14.8,19,348,2,5
2021,Chevrolet,Silverado 4WD FFV,Camionnette : ordinaire,5.3,8,A6,X,16.5,12.8,14.8,19,347,2,3
2021,Chevrolet,Silverado 4WD FFV,Camionnette : ordinaire,5.3,8,A6,E,22.0,16.4,19.5,14,326,3,3
2021,Chevrolet,Silverado 4WD Trail Boss,Camionnette : ordinaire,5.3,8,A6,X,16.5,13.1,15.0,19,350,2,5
2021,Chevrolet,Silverado 4WD Trail Boss (Without AFM),Camionnette : ordinaire,5.3,8,A6,X,17.8,13.2,15.7,18,368,2,5
2021,Chevrolet,Silverado 4WD,Camionnette : ordinaire,5.3,8,A8,X,14.4,10.6,12.7,22,299,3,5
2021,Chevrolet,Silverado 4WD (Without DFM),Camionnette : ordinaire,5.3,8,A8,X,16.8,11.4,14.4,20,339,2,5
2021,Chevrolet,Silverado 4WD,Camionnette : ordinaire,5.3,8,A10,X,14.3,10.7,12.7,22,298,3,5
2021,Chevrolet,Silverado 4WD (Without Stop-Start),Camionnette : ordinaire,5.3,8,A10,X,15.3,11.0,13.3,21,313,3,5
2021,Chevrolet,Silverado 4WD Trail Boss,Camionnette : ordinaire,5.3,8,A10,X,14.7,11.2,13.1,22,307,3,5
2021,Chevrolet,Silverado 4WD Trail Boss (Without Stop-Start),Camionnette : ordinaire,5.3,8,A10,X,15.6,11.4,13.7,21,321,3,5
2021,Chevrolet,Silverado 4WD,Camionnette : ordinaire,6.2,8,A10,Z,14.7,11.0,13.1,22,306,3,3
2021,Chevrolet,Silverado 4WD (Without Stop-Start),Camionnette : ordinaire,6.2,8,A10,Z,15.6,11.6,13.8,20,324,3,3
2021,Chevrolet,Silverado 4WD Trail Boss,Camionnette : ordinaire,6.2,8,A10,Z,15.7,12.4,14.2,20,332,3,3
2021,Chevrolet,Silverado 4WD Trail Boss (Without Stop-Start),Camionnette : ordinaire,6.2,8,A10,Z,16.8,12.7,15.0,19,352,2,3
2021,Chevrolet,Spark,Sous-compacte,1.4,4,AV,X,7.7,6.2,7.0,40,165,7,5
2021,Chevrolet,Spark,Sous-compacte,1.4,4,M5,X,8.0,6.2,7.2,39,170,7,5
2021,Chevrolet,Suburban,Véhicule utilitaire sport : ordinaire,3.0,6,A10,D,11.3,8.6,10.1,28,272,4,3
2021,Chevrolet,Suburban,Véhicule utilitaire sport : ordinaire,5.3,8,A10,X,14.3,11.8,13.2,21,309,3,5
2021,Chevrolet,Suburban (Without Stop-Start),Véhicule utilitaire sport : ordinaire,5.3,8,A10,X,15.3,12.0,13.8,20,325,3,5
2021,Chevrolet,Suburban 4WD,Véhicule utilitaire sport : ordinaire,3.0,6,A10,D,12.0,8.9,10.6,27,277,4,3
2021,Chevrolet,Suburban 4WD,Véhicule utilitaire sport : ordinaire,5.3,8,A10,X,15.3,12.4,14.0,20,328,3,5
2021,Chevrolet,Suburban 4WD (Without Stop-Start),Véhicule utilitaire sport : ordinaire,5.3,8,A10,X,16.0,12.6,14.5,19,341,2,5
2021,Chevrolet,Suburban 4WD,Véhicule utilitaire sport : ordinaire,6.2,8,A10,Z,16.8,12.4,14.8,19,347,2,3
2021,Chevrolet,Suburban 4WD (Without Stop-Start),Véhicule utilitaire sport : ordinaire,6.2,8,A10,Z,17.5,12.6,15.3,18,357,2,3
2021,Chevrolet,Tahoe,Véhicule utilitaire sport : ordinaire,3.0,6,A10,D,11.0,8.4,9.8,29,263,4,3
2021,Chevrolet,Tahoe,Véhicule utilitaire sport : ordinaire,5.3,8,A10,X,14.3,11.8,13.2,21,309,3,5
2021,Chevrolet,Tahoe (Without Stop-Start),Véhicule utilitaire sport : ordinaire,5.3,8,A10,X,15.3,12.0,13.8,20,325,3,5
2021,Chevrolet,Tahoe 4WD,Véhicule utilitaire sport : ordinaire,3.0,6,A10,D,12.0,8.9,10.6,27,277,4,3
2021,Chevrolet,Tahoe 4WD,Véhicule utilitaire sport : ordinaire,5.3,8,A10,X,14.8,11.8,13.5,21,317,3,5
2021,Chevrolet,Tahoe 4WD (Without Stop-Start),Véhicule utilitaire sport : ordinaire,5.3,8,A10,X,15.5,12.0,13.9,20,327,3,5
2021,Chevrolet,Tahoe 4WD,Véhicule utilitaire sport : ordinaire,6.2,8,A10,Z,16.8,12.4,14.8,19,347,2,3
2021,Chevrolet,Tahoe 4WD (Without Stop-Start),Véhicule utilitaire sport : ordinaire,6.2,8,A10,Z,17.5,12.6,15.3,18,357,2,3
2021,Chevrolet,Trailblazer,Véhicule utilitaire sport : petit,1.2,3,AV,X,8.4,7.5,8.0,35,188,6,7
2021,Chevrolet,Trailblazer,Véhicule utilitaire sport : petit,1.3,3,AV,X,8.0,7.2,7.6,37,179,7,7
2021,Chevrolet,Trailblazer AWD,Véhicule utilitaire sport : petit,1.3,3,A9,X,8.9,7.8,8.4,34,196,6,7
2021,Chevrolet,Traverse,Véhicule utilitaire sport : ordinaire,3.6,6,A9,X,13.0,8.8,11.1,25,261,4,6
2021,Chevrolet,Traverse AWD,Véhicule utilitaire sport : ordinaire,3.6,6,A9,X,13.6,9.6,11.8,24,277,4,6
2021,Chevrolet,Trax,Véhicule utilitaire sport : petit,1.4,4,AS6,X,9.1,7.6,8.4,34,196,6,5
2021,Chevrolet,Trax (SIDI),Véhicule utilitaire sport : petit,1.4,4,AS6,X,9.7,7.3,8.6,33,203,6,7
2021,Chevrolet,Trax 4WD,Véhicule utilitaire sport : petit,1.4,4,AS6,X,10.0,8.0,9.1,31,214,5,5
2021,Chevrolet,Trax 4WD (SIDI),Véhicule utilitaire sport : petit,1.4,4,AS6,X,10.2,7.7,9.1,31,214,5,7
2021,Chrysler,300,Grande berline,3.6,6,A8,X,12.4,7.8,10.3,27,242,5,3
2021,Chrysler,300,Grande berline,5.7,8,A8,X,14.7,9.4,12.3,23,289,3,3
2021,Chrysler,300 AWD,Grande berline,3.6,6,A8,X,12.8,8.7,11.0,26,258,4,3
2021,Chrysler,Grand Caravan,Fourgonnette,3.6,6,A9,X,12.4,8.4,10.6,27,249,4,7
2021,Chrysler,Pacifica,Fourgonnette,3.6,6,A9,X,12.4,8.4,10.6,27,249,4,7
2021,Chrysler,Pacifica AWD,Fourgonnette,3.6,6,A9,X,14.1,9.4,12.0,24,279,4,7
2021,Dodge,Challenger,Intermédiaire,3.6,6,A8,X,12.4,7.8,10.3,27,242,5,3
2021,Dodge,Challenger (MDS),Intermédiaire,5.7,8,A8,X,14.7,9.4,12.3,23,289,3,3
2021,Dodge,Challenger,Intermédiaire,5.7,8,M6,Z,15.6,10.1,13.1,22,307,3,1
2021,Dodge,Challenger (MDS),Intermédiaire,6.4,8,A8,Z,15.9,9.6,13.1,22,306,3,1
2021,Dodge,Challenger,Intermédiaire,6.4,8,M6,Z,16.7,10.4,13.9,20,325,3,1
2021,Dodge,Challenger AWD,Intermédiaire,3.6,6,A8,X,12.8,8.7,11.0,26,258,4,3
2021,Dodge,Challenger Widebody (MDS),Intermédiaire,6.4,8,A8,Z,15.9,9.6,13.1,22,306,3,1
2021,Dodge,Challenger Widebody,Intermédiaire,6.4,8,M6,Z,16.7,10.4,13.9,20,325,3,1
2021,Dodge,Challenger SRT Hellcat,Intermédiaire,6.2,8,A8,Z,17.6,10.7,14.5,19,339,2,1
2021,Dodge,Challenger SRT Hellcat,Intermédiaire,6.2,8,M6,Z,18.1,11.4,15.1,19,352,2,1
2021,Dodge,Challenger SRT Hellcat Widebody,Intermédiaire,6.2,8,A8,Z,18.6,11.3,15.3,18,359,2,1
2021,Dodge,Challenger SRT Hellcat Widebody,Intermédiaire,6.2,8,M6,Z,18.1,11.4,15.1,19,352,2,1
2021,Dodge,Charger,Grande berline,3.6,6,A8,X,12.4,7.8,10.3,27,242,5,3
2021,Dodge,Charger (MDS),Grande berline,5.7,8,A8,X,14.7,9.4,12.3,23,289,3,3
2021,Dodge,Charger (MDS),Grande berline,6.4,8,A8,Z,15.9,9.6,13.1,22,306,3,1
2021,Dodge,Charger AWD,Grande berline,3.6,6,A8,X,12.8,8.7,11.0,26,258,4,3
2021,Dodge,Charger Widebody (MDS),Grande berline,6.4,8,A8,Z,15.9,9.6,13.1,22,306,3,1
2021,Dodge,Charger SRT Hellcat Widebody,Grande berline,6.2,8,A8,Z,19.0,11.5,15.6,18,368,2,1
2021,Dodge,Durango AWD,Véhicule utilitaire sport : ordinaire,3.6,6,A8,X,12.7,9.6,11.3,25,265,4,7
2021,Dodge,Durango AWD,Véhicule utilitaire sport : ordinaire,5.7,8,A8,X,16.7,10.9,14.1,20,331,3,5
2021,Dodge,Durango AWD SRT,Véhicule utilitaire sport : ordinaire,6.4,8,A8,Z,18.3,12.2,15.6,18,363,2,1
2021,Dodge,Durango AWD SRT Hellcat,Véhicule utilitaire sport : ordinaire,6.2,8,A8,Z,20.5,13.8,17.4,16,410,1,1
2021,FIAT,500X AWD,Véhicule utilitaire sport : petit,1.3,4,A9,X,10.0,7.9,9.1,31,221,5,6
2021,Ford,Bronco 4WD,Véhicule utilitaire sport : petit,2.3,4,AS10,X,11.7,10.7,11.2,25,264,4,5
2021,Ford,Bronco 4WD,Véhicule utilitaire sport : petit,2.3,4,M7,X,11.6,10.9,11.3,25,265,4,5
2021,Ford,Bronco 4WD,Véhicule utilitaire sport : petit,2.7,6,AS10,X,12.8,11.6,12.2,23,287,3,6
2021,Ford,Bronco Badlands 4WD,Véhicule utilitaire sport : petit,2.3,4,AS10,X,13.5,13.7,13.6,21,318,3,5
2021,Ford,Bronco Badlands 4WD,Véhicule utilitaire sport : petit,2.3,4,M7,X,14.7,13.3,14.1,20,330,3,5
2021,Ford,Bronco Badlands 4WD,Véhicule utilitaire sport : petit,2.7,6,AS10,X,13.7,13.1,13.4,21,315,3,6
2021,Ford,Bronco Black Diamond 4WD,Véhicule utilitaire sport : petit,2.3,4,AS10,X,13.1,13.1,13.1,22,308,3,5
2021,Ford,Bronco Black Diamond 4WD,Véhicule utilitaire sport : petit,2.3,4,M7,X,13.8,12.4,13.2,21,310,3,5
2021,Ford,Bronco Sasquatch 4WD,Véhicule utilitaire sport : petit,2.3,4,AS10,X,13.1,13.1,13.1,22,308,3,5
2021,Ford,Bronco Sasquatch 4WD,Véhicule utilitaire sport : petit,2.7,6,AS10,X,14.0,13.9,13.9,20,327,3,6
2021,Ford,Bronco Sport 4WD,Véhicule utilitaire sport : petit,1.5,3,A8,X,9.3,8.3,8.9,32,209,5,7
2021,Ford,Bronco Sport 4WD,Véhicule utilitaire sport : petit,2.0,4,AS8,X,11.1,8.9,10.1,28,238,5,5
2021,Ford,EcoSport,Véhicule utilitaire sport : petit,1.0,3,AS6,X,8.6,8.1,8.4,34,197,6,5
2021,Ford,EcoSport AWD,Véhicule utilitaire sport : petit,2.0,4,AS6,X,10.2,8.0,9.2,31,217,5,5
2021,Ford,Edge,Véhicule utilitaire sport : petit,2.0,4,A8,X,11.2,8.1,9.8,29,229,5,5
2021,Ford,Edge AWD,Véhicule utilitaire sport : petit,2.0,4,A8,X,11.5,8.3,10.0,28,236,5,5
2021,Ford,Edge AWD,Véhicule utilitaire sport : petit,2.0,4,AS8,X,11.5,8.3,10.1,28,237,5,5
2021,Ford,Edge AWD,Véhicule utilitaire sport : petit,2.7,6,AS8,X,12.6,9.3,11.1,25,262,4,5
2021,Ford,Escape,Véhicule utilitaire sport : petit,1.5,3,A8,X,8.5,6.8,7.8,36,182,6,7
2021,Ford,Escape AWD,Véhicule utilitaire sport : petit,1.5,3,A8,X,9.0,7.6,8.4,34,198,6,7
2021,Ford,Escape AWD,Véhicule utilitaire sport : petit,2.0,4,A8,X,10.4,7.5,9.1,31,213,5,5
2021,Ford,Escape Hybrid,Véhicule utilitaire sport : petit,2.5,4,AV,X,5.4,6.3,5.8,49,136,8,7
2021,Ford,Escape Hybrid AWD,Véhicule utilitaire sport : petit,2.5,4,AV,X,5.5,6.4,5.9,48,139,8,7
2021,Ford,Expedition 4X4,Véhicule utilitaire sport : ordinaire,3.5,6,AS10,X,14.1,10.7,12.6,22,295,3,5
2021,Ford,Expedition MAX 4X4,Véhicule utilitaire sport : ordinaire,3.5,6,AS10,X,14.7,11.2,13.1,22,308,3,5
2021,Ford,Explorer AWD,Véhicule utilitaire sport : ordinaire,2.3,4,A10,X,11.7,8.6,10.3,27,242,5,5
2021,Ford,Explorer AWD,Véhicule utilitaire sport : ordinaire,2.3,4,AS10,X,11.7,8.6,10.3,27,242,5,5
2021,Ford,Explorer AWD,Véhicule utilitaire sport : ordinaire,3.0,6,AS10,X,13.4,9.8,11.8,24,277,4,5
2021,Ford,Explorer Timberline AWD,Véhicule utilitaire sport : ordinaire,2.3,4,AS10,X,12.2,10.4,11.4,25,268,4,5
2021,Ford,Explorer Hybrid AWD,Véhicule utilitaire sport : ordinaire,3.3,6,AS10,X,10.1,9.0,9.6,29,225,5,5
2021,Ford,F-150,Camionnette : ordinaire,2.7,6,AS10,X,12.0,9.3,10.8,26,253,4,6
2021,Ford,F-150 FFV,Camionnette : ordinaire,3.3,6,AS10,X,12.0,9.8,11.0,26,259,4,6
2021,Ford,F-150 FFV,Camionnette : ordinaire,3.3,6,AS10,E,16.6,12.6,14.8,19,242,5,6
2021,Ford,F-150,Camionnette : ordinaire,3.5,6,AS10,X,13.1,10.0,11.7,24,274,4,6
2021,Ford,F-150 FFV,Camionnette : ordinaire,5.0,8,AS10,X,14.0,10.0,12.2,23,287,3,5
2021,Ford,F-150 FFV,Camionnette : ordinaire,5.0,8,AS10,E,20.9,13.6,17.6,16,291,3,5
2021,Ford,F-150 FFV (Without Stop-Start),Camionnette : ordinaire,5.0,8,AS10,X,14.5,10.3,12.6,22,296,3,5
2021,Ford,F-150 FFV (Without Stop-Start),Camionnette : ordinaire,5.0,8,AS10,E,19.8,13.7,17.1,17,284,3,5
2021,Ford,F-150 4X4,Camionnette : ordinaire,2.7,6,AS10,X,12.8,10.0,11.5,25,271,4,6
2021,Ford,F-150 4X4 (Without Stop-Start),Camionnette : ordinaire,2.7,6,AS10,X,13.5,10.0,11.9,24,280,4,6
2021,Ford,F-150 4X4,Camionnette : ordinaire,3.0,6,AS10,D,11.9,9.1,10.7,26,287,3,1
2021,Ford,F-150 FFV 4X4,Camionnette : ordinaire,3.3,6,AS10,X,12.5,10.7,11.7,24,275,4,6
2021,Ford,F-150 FFV 4X4,Camionnette : ordinaire,3.3,6,AS10,E,17.2,13.1,15.4,18,252,4,6
2021,Ford,F-150 4X4,Camionnette : ordinaire,3.5,6,AS10,X,13.5,10.2,12.0,24,282,4,6
2021,Ford,F-150 FFV 4X4,Camionnette : ordinaire,5.0,8,AS10,X,14.8,10.9,13.1,22,307,3,5
2021,Ford,F-150 FFV 4X4,Camionnette : ordinaire,5.0,8,AS10,E,21.5,14.5,18.3,15,303,3,5
2021,Ford,F-150 FFV 4X4 (Without Stop-Start),Camionnette : ordinaire,5.0,8,AS10,X,15.4,11.0,13.4,21,315,3,5
2021,Ford,F-150 FFV 4X4 (Without Stop-Start),Camionnette : ordinaire,5.0,8,AS10,E,21.0,14.7,18.1,16,301,3,5
2021,Ford,F-150 Raptor 4X4,Camionnette : ordinaire,3.5,6,AS10,X,15.8,13.2,14.6,19,344,2,6
2021,Ford,F-150 Raptor 4X4 (Without Stop-Start),Camionnette : ordinaire,3.5,6,AS10,X,16.8,13.2,15.2,19,357,2,6
2021,Ford,F-150 Raptor 37 4X4,Camionnette : ordinaire,3.5,6,AS10,X,16.0,14.4,15.3,18,359,2,6
2021,Ford,F-150 Raptor 37 4X4 (Without Stop-Start),Camionnette : ordinaire,3.5,6,AS10,X,16.6,14.8,15.8,18,370,2,6
2021,Ford,F-150 Tremor 4X4,Camionnette : ordinaire,3.5,6,AS10,X,14.3,11.8,13.2,21,310,3,6
2021,Ford,F-150 Tremor 4X4 (Without Stop-Start),Camionnette : ordinaire,3.5,6,AS10,X,14.7,11.7,13.3,21,313,3,6
2021,Ford,F-150 Hybrid,Camionnette : ordinaire,3.5,6,AS10,X,9.5,9.1,9.3,30,217,5,5
2021,Ford,F-150 Hybrid 4X4,Camionnette : ordinaire,3.5,6,AS10,X,9.8,9.7,9.8,29,229,5,5
2021,Ford,GT,Deux places,3.5,6,AM7,Z,19.8,12.8,16.6,17,393,1,3
2021,Ford,Mustang,Sous-compacte,2.3,4,A10,X,11.0,7.5,9.4,30,221,5,5
2021,Ford,Mustang,Sous-compacte,2.3,4,AS10,X,11.0,7.5,9.4,30,222,5,5
2021,Ford,Mustang (High Performance),Sous-compacte,2.3,4,AS10,X,11.7,8.6,10.3,27,242,5,5
2021,Ford,Mustang,Sous-compacte,2.3,4,M6,X,11.4,8.1,9.9,29,233,5,5
2021,Ford,Mustang (High Performance),Sous-compacte,2.3,4,M6,X,11.9,8.7,10.5,27,246,4,5
2021,Ford,Mustang,Sous-compacte,5.0,8,AS10,X,15.3,9.8,12.8,22,300,3,3
2021,Ford,Mustang,Sous-compacte,5.0,8,M6,X,16.2,10.0,13.4,21,314,3,3
2021,Ford,Mustang Convertible,Sous-compacte,2.3,4,A10,X,12.0,8.5,10.4,27,244,5,5
2021,Ford,Mustang Convertible,Sous-compacte,2.3,4,AS10,X,11.9,8.4,10.3,27,241,5,5
2021,Ford,Mustang Convertible (High Performance),Sous-compacte,2.3,4,AS10,X,12.1,8.9,10.7,26,251,4,5
2021,Ford,Mustang Convertible,Sous-compacte,2.3,4,M6,X,11.8,8.6,10.4,27,244,5,5
2021,Ford,Mustang Convertible (High Performance),Sous-compacte,2.3,4,M6,X,12.4,9.3,11.0,26,258,4,5
2021,Ford,Mustang Convertible,Sous-compacte,5.0,8,AS10,X,15.8,10.4,13.3,21,312,3,3
2021,Ford,Mustang Mach 1,Sous-compacte,5.0,8,AS10,X,15.3,10.1,12.9,22,303,3,3
2021,Ford,Mustang Mach 1,Sous-compacte,5.0,8,M6,X,16.6,10.5,13.9,20,325,3,3
2021,Ford,Ranger 4WD,Camionnette : ordinaire,2.3,4,AS10,X,11.8,9.8,10.9,26,256,4,5
2021,Ford,Ranger 4WD Tremor,Camionnette : ordinaire,2.3,4,AS10,X,12.1,12.3,12.2,23,287,3,3
2021,Ford,Shelby GT500 Mustang,Sous-compacte,5.2,8,AM7,Z,19.9,12.8,16.7,17,393,1,3
2021,Ford,T-150 Wagon FFV,Fourgon : passager,3.5,6,AS10,X,16.2,12.4,14.5,19,341,2,1
2021,Ford,T-150 Wagon FFV,Fourgon : passager,3.5,6,AS10,E,21.6,16.4,19.3,15,321,3,1
2021,Ford,T-150 Wagon FFV 4WD,Fourgon : passager,3.5,6,AS10,X,16.8,13.0,15.1,19,354,2,1
2021,Ford,T-150 Wagon FFV 4WD,Fourgon : passager,3.5,6,AS10,E,22.3,17.0,19.9,14,331,3,1
2021,Ford,Transit Connect Van,Véhicule à usage spécial ,2.0,4,AS8,X,9.8,8.8,9.3,30,217,5,6
2021,Ford,Transit Connect Van FFV,Véhicule à usage spécial ,2.0,4,AS8,X,9.8,8.8,9.3,30,217,5,5
2021,Ford,Transit Connect Van FFV,Véhicule à usage spécial ,2.0,4,AS8,E,13.3,11.8,12.6,22,209,5,5
2021,Ford,Transit Connect Van,Véhicule à usage spécial ,2.5,4,AS6,X,12.0,8.8,10.6,27,247,4,5
2021,Ford,Transit Connect Wagon LWB,Véhicule à usage spécial ,2.0,4,AS8,X,9.9,8.2,9.2,31,214,5,6
2021,Ford,Transit Connect Wagon LWB FFV,Véhicule à usage spécial ,2.0,4,AS8,X,9.9,8.2,9.2,31,214,5,5
2021,Ford,Transit Connect Wagon LWB FFV,Véhicule à usage spécial ,2.0,4,AS8,E,13.7,11.1,12.5,23,208,6,5
2021,Ford,Transit Connect Wagon LWB,Véhicule à usage spécial ,2.5,4,AS6,X,12.1,9.0,10.7,26,251,4,5
2021,Genesis,G70,Compacte,2.0,4,M6,Z,12.8,8.5,10.9,26,255,4,3
2021,Genesis,G70 AWD,Compacte,2.0,4,AS8,Z,11.4,8.5,10.1,28,236,5,3
2021,Genesis,G70 AWD,Compacte,3.3,6,AS8,Z,14.1,9.5,12.0,24,284,3,3
2021,Genesis,G80 AWD,Grande berline,2.5,4,AS8,Z,10.8,7.9,9.5,30,225,5,5
2021,Genesis,G80 AWD,Grande berline,3.5,6,AS8,Z,12.9,9.0,11.2,25,262,4,5
2021,Genesis,G90 AWD,Grande berline,5.0,8,AS8,Z,15.0,10.1,12.8,22,303,3,5
2021,Genesis,GV80 AWD,Véhicule utilitaire sport : ordinaire,2.5,4,AS8,Z,11.3,9.5,10.5,27,248,4,5
2021,Genesis,GV80 AWD,Véhicule utilitaire sport : ordinaire,3.5,6,AS8,Z,12.9,10.4,11.8,24,279,4,5
2021,GMC,Acadia,Véhicule utilitaire sport : ordinaire,2.0,4,A9,X,10.6,8.0,9.4,30,221,5,7
2021,GMC,Acadia,Véhicule utilitaire sport : ordinaire,2.5,4,A9,X,11.3,8.9,10.2,28,238,5,5
2021,GMC,Acadia,Véhicule utilitaire sport : ordinaire,3.6,6,A9,X,12.2,8.8,10.7,26,250,4,6
2021,GMC,Acadia AWD,Véhicule utilitaire sport : ordinaire,2.0,4,A9,X,10.6,8.7,9.7,29,227,5,7
2021,GMC,Acadia AWD,Véhicule utilitaire sport : ordinaire,3.6,6,A9,X,12.5,9.0,10.9,26,256,4,6
2021,GMC,Canyon,Camionnette : petite,2.5,4,A6,X,12.2,9.4,10.9,26,257,4,6
2021,GMC,Canyon,Camionnette : petite,2.8,4,A6,D,11.8,7.9,10.1,28,294,3,3
2021,GMC,Canyon,Camionnette : petite,3.6,6,A8,X,12.9,9.3,11.3,25,263,4,6
2021,GMC,Canyon 4WD,Camionnette : petite,2.5,4,A6,X,12.7,9.9,11.4,25,268,4,6
2021,GMC,Canyon 4WD,Camionnette : petite,2.8,4,A6,D,12.2,8.4,10.5,27,294,3,3
2021,GMC,Canyon 4WD,Camionnette : petite,3.6,6,A8,X,14.9,10.9,13.1,22,306,3,6
2021,GMC,Sierra,Camionnette : ordinaire,2.7,4,A8,X,11.9,10.3,11.2,25,263,4,6
2021,GMC,Sierra WT,Camionnette : ordinaire,2.7,4,A8,X,11.9,10.3,11.2,25,263,4,6
2021,GMC,Sierra,Camionnette : ordinaire,3.0,6,A10,D,10.2,7.8,9.1,31,245,5,3
2021,GMC,Sierra,Camionnette : ordinaire,4.3,6,A6,X,15.1,11.5,13.5,21,318,3,6
2021,GMC,Sierra,Camionnette : ordinaire,5.3,8,A6,X,15.8,11.4,13.8,20,325,3,5
2021,GMC,Sierra (Without AFM),Camionnette : ordinaire,5.3,8,A6,X,16.7,11.4,14.3,20,336,2,5
2021,GMC,Sierra FFV,Camionnette : ordinaire,5.3,8,A6,X,16.2,12.3,14.5,19,340,2,3
2021,GMC,Sierra FFV,Camionnette : ordinaire,5.3,8,A6,E,21.5,16.0,19.0,15,315,3,3
2021,GMC,Sierra,Camionnette : ordinaire,5.3,8,A8,X,14.0,10.1,12.3,23,288,3,5
2021,GMC,Sierra (Without DFM),Camionnette : ordinaire,5.3,8,A8,X,16.0,10.9,13.7,21,321,3,5
2021,GMC,Sierra 4WD,Camionnette : ordinaire,2.7,4,A8,X,13.0,11.4,12.3,23,288,3,6
2021,GMC,Sierra 4WD WT,Camionnette : ordinaire,2.7,4,A8,X,13.3,11.8,12.6,22,295,3,6
2021,GMC,Sierra 4WD,Camionnette : ordinaire,3.0,6,A10,D,10.6,9.2,10.0,28,268,4,3
2021,GMC,Sierra 4WD AT4,Camionnette : ordinaire,3.0,6,A10,D,10.6,9.2,10.0,28,268,4,3
2021,GMC,Sierra 4WD,Camionnette : ordinaire,4.3,6,A6,X,15.8,11.9,14.0,20,329,3,6
2021,GMC,Sierra 4WD,Camionnette : ordinaire,5.3,8,A6,X,16.0,11.8,14.1,20,331,3,5
2021,GMC,Sierra 4WD (Without AFM),Camionnette : ordinaire,5.3,8,A6,X,17.3,11.8,14.8,19,348,2,5
2021,GMC,Sierra 4WD FFV,Camionnette : ordinaire,5.3,8,A6,X,16.5,12.8,14.8,19,347,2,3
2021,GMC,Sierra 4WD FFV,Camionnette : ordinaire,5.3,8,A6,E,22.0,16.4,19.5,14,326,3,3
2021,GMC,Sierra 4WD AT4,Camionnette : ordinaire,5.3,8,A6,X,16.7,13.1,15.1,19,355,2,5
2021,GMC,Sierra 4WD,Camionnette : ordinaire,5.3,8,A8,X,15.2,11.1,13.3,21,313,3,5
2021,GMC,Sierra 4WD (Without DFM),Camionnette : ordinaire,5.3,8,A8,X,17.4,11.7,14.8,19,349,2,5
2021,GMC,Sierra 4WD AT4,Camionnette : ordinaire,5.3,8,A8,X,15.2,11.1,13.3,21,312,3,5
2021,GMC,Sierra 4WD AT4 (Without DFM),Camionnette : ordinaire,5.3,8,A8,X,17.4,11.7,14.8,19,348,2,5
2021,GMC,Sierra 4WD,Camionnette : ordinaire,5.3,8,A10,X,14.3,10.7,12.7,22,298,3,5
2021,GMC,Sierra 4WD (Without Stop-Start),Camionnette : ordinaire,5.3,8,A10,X,15.3,11.0,13.3,21,313,3,5
2021,GMC,Sierra 4WD AT4,Camionnette : ordinaire,5.3,8,A10,X,14.7,11.2,13.1,22,307,3,5
2021,GMC,Sierra 4WD AT4 (Without Stop-Start),Camionnette : ordinaire,5.3,8,A10,X,15.6,11.4,13.7,21,321,3,5
2021,GMC,Sierra 4WD,Camionnette : ordinaire,6.2,8,A10,Z,15.1,11.5,13.5,21,316,3,3
2021,GMC,Sierra 4WD (Without Stop-Start),Camionnette : ordinaire,6.2,8,A10,Z,16.2,12.0,14.3,20,335,3,3
2021,GMC,Sierra 4WD AT4,Camionnette : ordinaire,6.2,8,A10,Z,15.7,12.4,14.2,20,332,3,3
2021,GMC,Sierra 4WD AT4 (Without Stop-Start),Camionnette : ordinaire,6.2,8,A10,Z,16.8,12.7,15.0,19,352,2,3
2021,GMC,Terrain,Véhicule utilitaire sport : petit,1.5,4,A9,X,9.2,7.8,8.6,33,201,6,7
2021,GMC,Terrain AWD,Véhicule utilitaire sport : petit,1.5,4,A9,X,9.6,8.3,9.0,31,211,5,7
2021,GMC,Yukon,Véhicule utilitaire sport : ordinaire,3.0,6,A10,D,11.3,8.6,10.1,28,272,4,3
2021,GMC,Yukon,Véhicule utilitaire sport : ordinaire,5.3,8,A10,X,14.3,11.8,13.2,21,309,3,5
2021,GMC,Yukon (Without Stop-Start),Véhicule utilitaire sport : ordinaire,5.3,8,A10,X,15.3,12.0,13.8,20,325,3,5
2021,GMC,Yukon 4WD,Véhicule utilitaire sport : ordinaire,3.0,6,A10,D,12.0,8.9,10.6,27,277,4,3
2021,GMC,Yukon 4WD,Véhicule utilitaire sport : ordinaire,5.3,8,A10,X,14.8,11.8,13.5,21,317,3,5
2021,GMC,Yukon 4WD (Without Stop-Start),Véhicule utilitaire sport : ordinaire,5.3,8,A10,X,15.5,12.0,13.9,20,327,3,5
2021,GMC,Yukon 4WD,Véhicule utilitaire sport : ordinaire,6.2,8,A10,Z,16.8,12.4,14.8,19,347,2,3
2021,GMC,Yukon 4WD (Without Stop-Start),Véhicule utilitaire sport : ordinaire,6.2,8,A10,Z,17.5,12.6,15.3,18,357,2,3
2021,GMC,Yukon XL,Véhicule utilitaire sport : ordinaire,3.0,6,A10,D,11.3,8.6,10.1,28,272,4,3
2021,GMC,Yukon XL,Véhicule utilitaire sport : ordinaire,5.3,8,A10,X,14.3,11.8,13.2,21,309,3,5
2021,GMC,Yukon XL (Without Stop-Start),Véhicule utilitaire sport : ordinaire,5.3,8,A10,X,15.3,12.0,13.8,20,325,3,5
2021,GMC,Yukon XL 4WD,Véhicule utilitaire sport : ordinaire,3.0,6,A10,D,12.0,8.9,10.6,27,277,4,3
2021,GMC,Yukon XL 4WD,Véhicule utilitaire sport : ordinaire,5.3,8,A10,X,15.3,12.4,14.0,20,328,3,5
2021,GMC,Yukon XL 4WD (Without Stop-Start),Véhicule utilitaire sport : ordinaire,5.3,8,A10,X,16.0,12.6,14.5,19,341,2,5
2021,GMC,Yukon XL 4WD,Véhicule utilitaire sport : ordinaire,6.2,8,A10,Z,16.8,12.4,14.8,19,347,2,3
2021,GMC,Yukon XL 4WD (Without Stop-Start),Véhicule utilitaire sport : ordinaire,6.2,8,A10,Z,17.5,12.6,15.3,18,357,2,3
2021,Honda,Accord,Grande berline,1.5,4,AV,X,7.8,6.5,7.2,39,168,7,7
2021,Honda,Accord Sport/Touring,Grande berline,1.5,4,AV7,X,8.1,6.8,7.5,38,176,7,7
2021,Honda,Accord Sport/Touring,Grande berline,2.0,4,AS10,X,10.4,7.4,9.1,31,211,5,7
2021,Honda,Accord Hybrid,Grande berline,2.0,4,AV,X,5.0,5.0,5.0,56,117,9,7
2021,Honda,Accord Hybrid Sport/Touring,Grande berline,2.0,4,AV,X,5.3,5.7,5.5,51,129,9,7
2021,Honda,Civic Hatchback,Grande berline,1.5,4,M6,X,8.1,6.4,7.3,39,171,7,3
2021,Honda,Civic Hatchback Sport,Grande berline,1.5,4,AV7,Z,8.0,6.6,7.4,38,172,7,3
2021,Honda,Civic Hatchback Sport,Grande berline,1.5,4,M6,Z,8.1,6.4,7.3,39,171,7,3
2021,Honda,Civic Sedan,Intermédiaire,1.5,4,AV7,X,7.8,6.2,7.1,40,165,7,3
2021,Honda,Civic Sedan,Intermédiaire,2.0,4,AV,X,7.9,6.1,7.1,40,167,7,3
2021,Honda,Civic Sedan,Intermédiaire,2.0,4,AV7,X,8.2,6.5,7.4,38,172,7,3
2021,Honda,Civic Type R,Grande berline,2.0,4,M6,Z,10.5,8.4,9.6,29,223,5,3
2021,Honda,CR-V,Véhicule utilitaire sport : petit,1.5,4,AV,X,8.3,7.0,7.7,37,180,7,6
2021,Honda,CR-V AWD,Véhicule utilitaire sport : petit,1.5,4,AV,X,8.7,7.4,8.1,35,189,6,6
2021,Honda,HR-V,Familiale : petite,1.8,4,AV,X,8.4,7.0,7.8,36,181,6,5
2021,Honda,HR-V AWD,Familiale : petite,1.8,4,AV,X,8.8,7.5,8.2,34,193,6,5
2021,Honda,HR-V AWD,Familiale : petite,1.8,4,AV7,X,9.1,7.7,8.5,33,200,6,5
2021,Honda,Insight EX,Intermédiaire,1.5,4,AV,X,4.6,5.3,4.9,58,115,9,7
2021,Honda,Insight Touring,Compacte,1.5,4,AV,X,4.6,5.3,4.9,58,115,9,7
2021,Honda,Odyssey,Fourgonnette,3.5,6,AS10,X,12.2,8.5,10.6,27,248,4,5
2021,Honda,Passport AWD,Véhicule utilitaire sport : petit,3.5,6,AS9,X,12.5,9.8,11.3,25,265,4,3
2021,Honda,Pilot AWD,Véhicule utilitaire sport : petit,3.5,6,AS9,X,12.4,9.3,11.0,26,256,4,3
2021,Honda,Ridgeline AWD,Camionnette : ordinaire,3.5,6,AS9,X,12.8,9.9,11.5,25,271,4,3
2021,Hyundai,Elantra,Intermédiaire,1.6,4,AM7,X,8.4,6.6,7.6,37,179,7,5
2021,Hyundai,Elantra,Intermédiaire,2.0,4,AV1,X,7.5,5.7,6.7,42,157,7,5
2021,Hyundai,Elantra (ISG),Intermédiaire,2.0,4,AV1,X,7.1,5.5,6.4,44,152,8,5
2021,Hyundai,Elantra,Intermédiaire,2.0,4,M6,X,9.1,6.3,7.8,36,185,6,5
2021,Hyundai,Elantra Hybrid Blue,Intermédiaire,1.6,4,AM6,X,4.5,4.2,4.4,64,103,10,7
2021,Hyundai,IONIQ,Grande berline,1.6,4,AM6,X,4.3,4.1,4.2,67,99,10,7
2021,Hyundai,IONIQ Blue,Grande berline,1.6,4,AM6,X,4.0,3.9,4.0,71,94,10,7
2021,Hyundai,Kona,Véhicule utilitaire sport : petit,2.0,4,AS6,X,8.6,7.0,7.9,36,187,6,5
2021,Hyundai,Kona AWD,Véhicule utilitaire sport : petit,1.6,4,AM7,X,9.0,8.0,8.6,33,201,6,5
2021,Hyundai,Kona AWD,Véhicule utilitaire sport : petit,2.0,4,AS6,X,9.2,7.8,8.6,33,202,6,5
2021,Hyundai,Palisade,Véhicule utilitaire sport : ordinaire,3.8,6,AS8,X,11.9,8.8,10.5,27,250,4,5
2021,Hyundai,Palisade AWD,Véhicule utilitaire sport : ordinaire,3.8,6,AS8,X,12.3,9.6,11.1,25,265,4,5
2021,Hyundai,Santa Fe,Véhicule utilitaire sport : petit,2.5,4,AS8,X,9.6,8.5,9.1,31,214,5,7
2021,Hyundai,Santa Fe AWD,Véhicule utilitaire sport : petit,2.5,4,AM8,X,11.0,8.5,9.9,29,233,5,5
2021,Hyundai,Santa Fe AWD,Véhicule utilitaire sport : petit,2.5,4,AS8,X,10.6,9.3,10.0,28,235,5,7
2021,Hyundai,Santa Fe Hybrid,Véhicule utilitaire sport : petit,1.6,4,AM6,X,7.1,7.9,7.4,38,176,7,7
2021,Hyundai,Sonata,Grande berline,1.6,4,AS8,X,8.8,6.4,7.7,37,182,6,5
2021,Hyundai,Sonata,Grande berline,2.5,4,AM8,X,10.1,7.2,8.8,32,208,6,5
2021,Hyundai,Sonata,Grande berline,2.5,4,AS8,X,8.8,6.4,7.7,37,182,6,7
2021,Hyundai,Sonata Hybrid,Grande berline,2.0,4,AM6,X,5.3,4.6,5.0,56,117,9,7
2021,Hyundai,Tucson,Véhicule utilitaire sport : petit,2.0,4,AS6,X,10.0,7.9,9.1,31,216,5,5
2021,Hyundai,Tucson AWD,Véhicule utilitaire sport : petit,2.0,4,AS6,X,10.8,9.2,10.1,28,239,5,5
2021,Hyundai,Tucson AWD,Véhicule utilitaire sport : petit,2.4,4,AS6,X,11.0,9.1,10.1,28,241,5,5
2021,Hyundai,Veloster N,Compacte,2.0,4,AM8,Z,12.0,8.6,10.5,27,248,4,3
2021,Hyundai,Veloster N,Compacte,2.0,4,M6,Z,10.6,8.3,9.5,30,226,5,3
2021,Hyundai,Venue,Intermédiaire,1.6,4,AV1,X,7.9,7.0,7.5,38,178,7,5
2021,Hyundai,Venue,Intermédiaire,1.6,4,M6,X,8.6,6.8,7.8,36,184,6,5
2021,Infiniti,Q50 AWD,Intermédiaire,3.0,6,AS7,Z,12.5,8.7,10.8,26,254,4,3
2021,Infiniti,Q50 AWD Red Sport,Intermédiaire,3.0,6,AS7,Z,12.5,9.3,11.1,25,261,4,3
2021,Infiniti,Q60 AWD,Sous-compacte,3.0,6,AS7,Z,12.3,8.7,10.7,26,252,4,3
2021,Infiniti,Q60 AWD Red Sport,Sous-compacte,3.0,6,AS7,Z,12.5,9.2,11.0,26,259,4,3
2021,Infiniti,QX50 AWD,Véhicule utilitaire sport : petit,2.0,4,AV8,Z,10.8,8.3,9.7,29,229,5,6
2021,Infiniti,QX80 4WD,Véhicule utilitaire sport : ordinaire,5.6,8,AS7,Z,17.6,12.2,15.1,19,356,2,3
2021,Jaguar,E-PACE P250,Véhicule utilitaire sport : petit,2.0,4,AS9,Z,11.5,9.2,10.4,27,247,4,7
2021,Jaguar,E-PACE P300,Véhicule utilitaire sport : petit,2.0,4,AS9,Z,11.3,9.2,10.3,27,245,5,7
2021,Jaguar,F-PACE P250,Véhicule utilitaire sport : petit,2.0,4,AS8,Z,10.7,8.8,9.9,29,227,5,7
2021,Jaguar,F-PACE P340,Véhicule utilitaire sport : petit,3.0,6,AS8,Z,12.0,8.8,10.6,27,250,4,7
2021,Jaguar,F-PACE P400,Véhicule utilitaire sport : petit,3.0,6,AS8,Z,12.1,9.0,10.7,26,252,4,7
2021,Jaguar,F-PACE SVR,Véhicule utilitaire sport : petit,5.0,8,AS8,Z,15.4,10.9,13.4,21,316,3,3
2021,Jaguar,F-TYPE P300 Convertible,Deux places,2.0,4,AS8,Z,10.2,7.8,9.2,31,215,5,7
2021,Jaguar,F-TYPE P300 Coupe,Deux places,2.0,4,AS8,Z,10.2,7.8,9.2,31,215,5,7
2021,Jaguar,F-TYPE P380 Convertible AWD,Deux places,3.0,6,AS8,Z,13.0,9.2,11.3,25,265,4,7
2021,Jaguar,F-TYPE P380 Coupe AWD,Deux places,3.0,6,AS8,Z,13.0,9.2,11.3,25,265,4,7
2021,Jaguar,F-TYPE R Convertible AWD,Deux places,5.0,8,AS8,Z,15.2,9.8,12.7,22,299,3,3
2021,Jaguar,F-TYPE R Coupe AWD,Deux places,5.0,8,AS8,Z,15.2,9.8,12.7,22,299,3,3
2021,Jaguar,XF P250,Intermédiaire,2.0,4,AS8,Z,9.4,7.1,8.4,34,197,6,7
2021,Jaguar,XF P300 AWD,Intermédiaire,2.0,4,AS8,Z,10.6,7.7,9.3,30,219,5,7
2021,Jeep,Cherokee,Véhicule utilitaire sport : petit,2.0,4,A9,X,10.4,7.6,9.1,31,214,5,5
2021,Jeep,Cherokee,Véhicule utilitaire sport : petit,2.4,4,A9,X,10.8,7.5,9.3,30,219,5,6
2021,Jeep,Cherokee,Véhicule utilitaire sport : petit,3.2,6,A9,X,11.9,8.2,10.2,28,240,5,5
2021,Jeep,Cherokee 4X4 Active Drive I,Véhicule utilitaire sport : petit,2.0,4,A9,X,11.2,8.0,9.8,29,229,5,5
2021,Jeep,Cherokee 4X4 Active Drive I,Véhicule utilitaire sport : petit,2.4,4,A9,X,11.2,8.0,9.8,29,230,5,6
2021,Jeep,Cherokee 4X4 Active Drive I,Véhicule utilitaire sport : petit,3.2,6,A9,X,12.2,8.6,10.6,27,249,4,5
2021,Jeep,Cherokee 4X4 Active Drive II,Véhicule utilitaire sport : petit,2.0,4,A9,X,11.5,8.6,10.2,28,240,5,5
2021,Jeep,Cherokee 4X4 Active Drive II,Véhicule utilitaire sport : petit,3.2,6,A9,X,12.8,9.0,11.1,25,259,4,5
2021,Jeep,Cherokee 4X4 Active Drive Lock,Véhicule utilitaire sport : petit,3.2,6,A9,X,12.9,9.7,11.5,25,268,4,5
2021,Jeep,Compass,Véhicule utilitaire sport : petit,2.4,4,A6,X,10.6,7.6,9.3,30,218,5,6
2021,Jeep,Compass 4X4,Véhicule utilitaire sport : petit,2.4,4,A9,X,10.8,7.8,9.5,30,222,5,6
2021,Jeep,Gladiator 4X4 EcoDiesel,Camionnette : ordinaire,3.0,6,A8,D,10.8,8.5,9.8,29,263,4,1
2021,Jeep,Gladiator 4X4 Rubicon EcoDiesel,Camionnette : ordinaire,3.0,6,A8,D,11.0,8.7,10.0,28,271,4,1
2021,Jeep,Gladiator 4X4,Camionnette : ordinaire,3.6,6,A8,X,13.7,10.7,12.3,23,290,3,7
2021,Jeep,Gladiator 4X4,Camionnette : ordinaire,3.6,6,M6,X,14.3,10.4,12.6,22,296,3,7
2021,Jeep,Grand Cherokee 4X4,Véhicule utilitaire sport : ordinaire,3.6,6,A8,X,12.7,9.6,11.3,25,265,4,7
2021,Jeep,Grand Cherokee 4X4,Véhicule utilitaire sport : ordinaire,5.7,8,A8,X,16.7,10.9,14.1,20,331,3,3
2021,Jeep,Grand Cherokee 4X4 SRT,Véhicule utilitaire sport : ordinaire,6.4,8,A8,Z,18.3,12.6,15.7,18,368,2,1
2021,Jeep,Grand Cherokee 4X4 Trackhawk,Véhicule utilitaire sport : ordinaire,6.2,8,A8,Z,20.9,13.8,17.7,16,413,1,1
2021,Jeep,Grand Cherokee L 4X4,Véhicule utilitaire sport : ordinaire,3.6,6,A8,X,13.0,9.4,11.3,25,266,4,7
2021,Jeep,Grand Cherokee L 4X4,Véhicule utilitaire sport : ordinaire,5.7,8,A8,X,16.7,10.9,14.1,20,331,3,5
2021,Jeep,Renegade,Véhicule utilitaire sport : petit,1.3,4,A9,X,9.8,7.4,8.7,32,204,6,6
2021,Jeep,Renegade,Véhicule utilitaire sport : petit,2.4,4,A9,X,10.8,7.8,9.5,30,222,5,6
2021,Jeep,Renegade 4X4,Véhicule utilitaire sport : petit,1.3,4,A9,X,10.1,8.1,9.2,31,222,5,6
2021,Jeep,Renegade 4X4 Trailhawk,Véhicule utilitaire sport : petit,1.3,4,A9,X,10.8,8.7,9.9,29,231,5,6
2021,Jeep,Renegade 4X4,Véhicule utilitaire sport : petit,2.4,4,A9,X,11.2,8.2,9.8,29,230,5,6
2021,Jeep,Wrangler JL 4X4,Véhicule utilitaire sport : petit,2.0,4,A8,X,10.7,9.8,10.3,27,241,5,5
2021,Jeep,Wrangler JL 4X4,Véhicule utilitaire sport : petit,3.6,6,A8,X,12.8,10.4,11.8,24,274,4,7
2021,Jeep,Wrangler JL 4X4 eTorque,Véhicule utilitaire sport : petit,3.6,6,A8,X,12.0,9.8,11.0,26,258,4,5
2021,Jeep,Wrangler JL 4X4,Véhicule utilitaire sport : petit,3.6,6,M6,X,13.7,9.6,11.8,24,277,4,7
2021,Jeep,Wrangler JL Unlimited 4X4,Véhicule utilitaire sport : petit,2.0,4,A8,X,11.5,9.9,10.8,26,251,4,5
2021,Jeep,Wrangler JL Unlimited 4X4 EcoDiesel,Véhicule utilitaire sport : petit,3.0,6,A8,D,10.6,8.1,9.5,30,255,4,1
2021,Jeep,Wrangler JL Unlimited 4X4 Rubicon EcoDiesel,Véhicule utilitaire sport : petit,3.0,6,A8,D,11.2,9.0,10.2,28,275,4,1
2021,Jeep,Wrangler JL Unlimited 4X4,Véhicule utilitaire sport : petit,3.6,6,A8,X,12.9,10.7,11.9,24,280,4,7
2021,Jeep,Wrangler JL Unlimited 4X4 eTorque,Véhicule utilitaire sport : petit,3.6,6,A8,X,12.3,9.9,11.2,25,262,4,5
2021,Jeep,Wrangler JL Unlimited 4X4,Véhicule utilitaire sport : petit,3.6,6,M6,X,13.8,10.1,12.2,23,285,3,7
2021,Kia,Forte,Intermédiaire,1.6,4,AM7,X,8.7,6.6,7.8,36,184,6,5
2021,Kia,Forte,Intermédiaire,2.0,4,AV,X,7.8,5.9,6.9,41,164,7,5
2021,Kia,Forte,Intermédiaire,2.0,4,M6,X,8.6,6.4,7.6,37,180,7,5
2021,Kia,Forte 5,Grande berline,1.6,4,AM7,X,8.9,6.9,8.0,35,190,6,5
2021,Kia,Forte 5,Grande berline,1.6,4,M6,X,9.9,7.6,8.8,32,209,5,5
2021,Kia,Forte 5,Grande berline,2.0,4,AV,X,8.0,6.0,7.1,40,169,7,5
2021,Kia,K5,Grande berline,2.5,4,AM8,X,9.9,7.3,8.7,32,207,6,5
2021,Kia,K5 AWD,Grande berline,1.6,4,AS8,X,9.2,6.9,8.2,34,193,6,5
2021,Kia,Niro,Familiale : petite,1.6,4,AM6,X,4.4,4.9,4.6,61,110,9,7
2021,Kia,Niro FE,Familiale : petite,1.6,4,AM6,X,4.4,4.9,4.6,61,110,9,7
2021,Kia,Niro Touring,Familiale : petite,1.6,4,AM6,X,5.0,5.6,5.3,53,124,9,7
2021,Kia,Rio,Compacte,1.6,4,AV1,X,7.2,6.0,6.7,42,159,7,3
2021,Kia,Rio,Compacte,1.6,4,M6,X,7.7,6.1,7.0,40,166,7,3
2021,Kia,Sedona,Fourgonnette,3.3,6,AS8,X,12.7,10.0,11.5,25,272,4,5
2021,Kia,Seltos,Véhicule utilitaire sport : petit,2.0,4,AV8,X,8.2,7.1,7.7,37,182,6,5
2021,Kia,Seltos AWD,Véhicule utilitaire sport : petit,1.6,4,AM7,X,9.4,7.9,8.7,32,205,6,5
2021,Kia,Seltos AWD,Véhicule utilitaire sport : petit,2.0,4,AV8,X,8.8,7.6,8.2,34,195,6,5
2021,Kia,Sorento AWD,Véhicule utilitaire sport : petit,2.5,4,AM8,X,11.1,8.4,9.9,29,233,5,5
2021,Kia,Sorento AWD,Véhicule utilitaire sport : petit,2.5,4,AS8,X,10.1,9.2,9.7,29,227,5,5
2021,Kia,Soul,Familiale : petite,2.0,4,AV,X,8.5,7.0,7.9,36,187,6,7
2021,Kia,Sportage,Véhicule utilitaire sport : petit,2.4,4,AS6,X,10.1,7.6,9.0,31,214,5,5
2021,Kia,Sportage AWD,Véhicule utilitaire sport : petit,2.0,4,AS6,X,12.1,9.6,11.0,26,261,4,5
2021,Kia,Sportage AWD,Véhicule utilitaire sport : petit,2.4,4,AS6,X,10.7,9.0,10.0,28,237,5,5
2021,Kia,Stinger AWD,Intermédiaire,3.3,6,AS8,Z,13.6,9.6,11.8,24,279,4,3
2021,Kia,Telluride AWD,Véhicule utilitaire sport : petit,3.8,6,AS8,X,12.6,9.7,11.3,25,265,4,5
2021,Lamborghini,Aventador Coupe S,Deux places,6.5,12,AM7,Z,27.9,15.7,22.4,13,520,1,1
2021,Lamborghini,Aventador Coupe SVJ,Deux places,6.5,12,AM7,Z,27.9,15.7,22.4,13,520,1,1
2021,Lamborghini,Aventador Roadster S,Deux places,6.5,12,AM7,Z,27.3,15.9,22.2,13,515,1,1
2021,Lamborghini,Aventador Roadster SVJ,Deux places,6.5,12,AM7,Z,27.3,15.9,22.2,13,515,1,1
2021,Lamborghini,Aventador Sian Coupe,Deux places,6.5,12,AM7,Z,28.3,16.8,23.1,12,539,1,1
2021,Lamborghini,Aventador Sian Roadster,Deux places,6.5,12,AM7,Z,28.3,16.8,23.1,12,539,1,1
2021,Lamborghini,Huracan,Deux places,5.2,10,AM7,Z,18.0,12.9,15.7,18,370,2,1
2021,Lamborghini,Huracan AWD,Deux places,5.2,10,AM7,Z,18.0,12.9,15.7,18,371,2,1
2021,Lamborghini,Huracan Spyder,Deux places,5.2,10,AM7,Z,18.0,12.9,15.7,18,370,2,1
2021,Lamborghini,Huracan Spyder AWD,Deux places,5.2,10,AM7,Z,18.0,12.9,15.7,18,371,2,1
2021,Lamborghini,Huracan STO,Deux places,5.2,10,AM7,Z,18.0,12.9,15.7,18,370,2,1
2021,Lamborghini,Urus,Véhicule utilitaire sport : ordinaire,4.0,8,AS8,Z,19.2,14.1,16.9,17,384,1,3
2021,Land Rover,Defender 90 P300,Véhicule utilitaire sport : ordinaire,2.0,4,AS8,Z,13.2,11.3,12.3,23,289,3,7
2021,Land Rover,Defender 90 P400,Véhicule utilitaire sport : ordinaire,3.0,6,AS8,Z,13.5,10.8,12.3,23,287,3,7
2021,Land Rover,Defender 110 P300,Véhicule utilitaire sport : ordinaire,2.0,4,AS8,Z,14.2,11.7,13.0,22,306,3,7
2021,Land Rover,Defender 110 P400,Véhicule utilitaire sport : ordinaire,3.0,6,AS8,Z,13.5,10.8,12.3,23,287,3,7
2021,Land Rover,Discovery P300,Véhicule utilitaire sport : ordinaire,2.0,4,AS8,Z,12.2,10.6,11.5,25,271,4,7
2021,Land Rover,Discovery P360,Véhicule utilitaire sport : ordinaire,3.0,6,AS8,Z,12.8,9.8,11.4,25,270,4,7
2021,Land Rover,Discovery Sport P250,Véhicule utilitaire sport : petit,2.0,4,AS9,Z,12.7,10.0,11.5,25,271,4,7
2021,Land Rover,Range Rover P360/P400,Véhicule utilitaire sport : ordinaire,3.0,6,AS8,Z,13.3,10.2,11.9,24,279,4,7
2021,Land Rover,Range Rover Td6 Diesel,Véhicule utilitaire sport : ordinaire,3.0,6,AS8,D,10.6,8.2,9.5,30,256,4,1
2021,Land Rover,Range Rover P525 Supercharged,Véhicule utilitaire sport : ordinaire,5.0,8,AS8,Z,14.4,11.3,13.0,22,305,3,3
2021,Land Rover,Range Rover P525 Supercharged LWB,Véhicule utilitaire sport : ordinaire,5.0,8,AS8,Z,14.4,11.3,13.0,22,305,3,3
2021,Land Rover,Range Rover SVAutobiography,Véhicule utilitaire sport : ordinaire,5.0,8,AS8,Z,17.1,12.6,15.1,19,354,2,3
2021,Land Rover,Range Rover SVAutobiography LWB,Véhicule utilitaire sport : ordinaire,5.0,8,AS8,Z,17.9,12.7,15.6,18,365,2,3
2021,Land Rover,Range Rover Sport P360/P400,Véhicule utilitaire sport : ordinaire,3.0,6,AS8,Z,12.7,9.9,11.4,25,269,4,7
2021,Land Rover,Range Rover Sport Td6 Diesel,Véhicule utilitaire sport : ordinaire,3.0,6,AS8,D,10.6,8.2,9.5,30,256,4,1
2021,Land Rover,Range Rover Sport P525 Supercharged,Véhicule utilitaire sport : ordinaire,5.0,8,AS8,Z,14.0,10.6,12.5,23,293,3,3
2021,Land Rover,Range Rover Sport SVR,Véhicule utilitaire sport : ordinaire,5.0,8,AS8,Z,16.2,12.0,14.3,20,336,2,3
2021,Land Rover,Range Rover Evoque P250,Véhicule utilitaire sport : petit,2.0,4,AS9,Z,11.9,8.8,10.5,27,247,4,7
2021,Land Rover,Range Rover Velar P250,Véhicule utilitaire sport : petit,2.0,4,AS8,Z,11.5,9.0,10.4,27,244,5,7
2021,Land Rover,Range Rover Velar P340,Véhicule utilitaire sport : petit,3.0,6,AS8,Z,11.8,9.0,10.5,27,248,4,7
2021,Land Rover,Range Rover Velar P400,Véhicule utilitaire sport : petit,3.0,6,AS8,Z,12.6,9.6,11.3,25,265,4,7
2021,Lexus,ES 250 AWD,Intermédiaire,2.5,4,AS8,X,9.5,7.0,8.4,34,197,6,6
2021,Lexus,ES 300h,Intermédiaire,2.5,4,AV6,X,5.5,5.2,5.3,53,124,9,7
2021,Lexus,ES 350,Intermédiaire,3.5,6,AS8,X,10.7,7.2,9.1,31,213,5,5
2021,Lexus,ES 350 F SPORT,Intermédiaire,3.5,6,AS8,X,10.9,7.5,9.4,30,219,5,5
2021,Lexus,GX 460,Véhicule utilitaire sport : ordinaire,4.6,8,AS6,Z,16.2,12.3,14.5,19,337,2,3
2021,Lexus,IS 300,Compacte,2.0,4,AS8,Z,11.0,7.6,9.5,30,221,5,5
2021,Lexus,IS 300 AWD,Compacte,3.5,6,AS6,Z,12.2,9.0,10.8,26,253,4,5
2021,Lexus,IS 350 AWD,Compacte,3.5,6,AS6,Z,12.2,9.0,10.8,26,253,4,5
2021,Lexus,LC 500,Sous-compacte,5.0,8,AS10,Z,15.1,9.6,12.6,22,294,3,5
2021,Lexus,LC 500 Convertible,Minicompacte,5.0,8,AS10,Z,16.0,9.5,13.0,22,304,3,5
2021,Lexus,LC 500h,Sous-compacte,3.5,6,AV10,Z,9.0,7.1,8.1,35,189,6,7
2021,Lexus,LS 500 AWD,Intermédiaire,3.5,6,AS10,Z,13.8,8.7,11.1,25,269,4,5
2021,Lexus,LS 500h AWD,Intermédiaire,3.5,6,AV10,Z,10.1,8.1,9.2,31,213,5,7
2021,Lexus,LX 570,Véhicule utilitaire sport : ordinaire,5.7,8,AS8,Z,19.2,14.3,16.9,17,395,1,3
2021,Lexus,NX 300 AWD,Véhicule utilitaire sport : petit,2.0,4,AS6,Z,10.7,8.5,9.7,29,226,5,3
2021,Lexus,NX 300 AWD F SPORT,Véhicule utilitaire sport : petit,2.0,4,AS6,Z,10.8,8.9,9.9,29,232,5,3
2021,Lexus,NX 300h AWD,Véhicule utilitaire sport : petit,2.5,4,AV6,X,7.2,7.9,7.5,38,175,7,7
2021,Lexus,RC 300 AWD,Sous-compacte,3.5,6,AS6,Z,12.2,9.0,10.8,26,253,4,5
2021,Lexus,RC 350 AWD,Sous-compacte,3.5,6,AS6,Z,12.2,9.0,10.8,26,253,4,5
2021,Lexus,RC F,Sous-compacte,5.0,8,AS8,Z,14.4,9.6,12.2,23,285,3,5
2021,Lexus,RX 350 AWD,Véhicule utilitaire sport : petit,3.5,6,AS8,X,12.2,9.0,10.8,26,252,4,5
2021,Lexus,RX 350 L AWD,Véhicule utilitaire sport : petit,3.5,6,AS8,X,13.1,9.4,11.1,25,268,4,5
2021,Lexus,RX 450h AWD,Véhicule utilitaire sport : ordinaire,3.5,6,AV6,Z,7.5,8.4,7.9,36,185,6,7
2021,Lexus,RX 450h L AWD,Véhicule utilitaire sport : ordinaire,3.5,6,AV6,Z,8.1,8.4,8.1,35,190,6,7
2021,Lexus,UX 200,Intermédiaire,2.0,4,AS10,X,8.0,6.3,7.2,39,168,7,6
2021,Lexus,UX 250h,Compacte,2.0,4,AV6,X,5.5,5.7,5.6,50,130,9,7
2021,Lexus,UX 250h AWD,Compacte,2.0,4,AV6,X,5.7,6.2,6.0,47,140,8,7
2021,Lincoln,Aviator AWD,Véhicule utilitaire sport : ordinaire,3.0,6,AS10,X,13.7,9.7,11.9,24,280,4,5
2021,Lincoln,Corsair AWD,Véhicule utilitaire sport : petit,2.0,4,AS8,X,11.1,8.1,9.8,29,229,5,5
2021,Lincoln,Corsair AWD,Véhicule utilitaire sport : petit,2.3,4,AS8,X,11.1,8.3,9.9,29,232,5,5
2021,Lincoln,Nautilus AWD,Véhicule utilitaire sport : petit,2.0,4,A8,X,12.0,9.6,10.7,26,252,4,5
2021,Lincoln,Nautilus AWD,Véhicule utilitaire sport : petit,2.0,4,AS8,X,12.0,9.6,10.7,26,252,4,5
2021,Lincoln,Nautilus AWD,Véhicule utilitaire sport : petit,2.7,6,AS8,X,12.6,9.3,11.1,25,262,4,5
2021,Lincoln,Navigator 4X4,Véhicule utilitaire sport : ordinaire,3.5,6,AS10,X,15.0,11.5,13.5,21,316,3,5
2021,Maserati,Ghibli,Intermédiaire,3.0,6,A8,Z,13.8,9.5,11.9,24,277,4,3
2021,Maserati,Ghibli S,Intermédiaire,3.0,6,A8,Z,13.8,9.5,11.9,24,277,4,3
2021,Maserati,Ghibli S Q4,Intermédiaire,3.0,6,A8,Z,14.8,9.8,12.6,22,293,3,3
2021,Maserati,Ghibli Trofeo,Intermédiaire,3.8,8,A8,Z,17.4,11.9,14.9,19,348,2,1
2021,Maserati,Levante,Véhicule utilitaire sport : ordinaire,3.0,6,A8,Z,15.1,10.9,13.2,21,308,3,3
2021,Maserati,Levante S,Véhicule utilitaire sport : ordinaire,3.0,6,A8,Z,15.1,10.9,13.2,21,308,3,3
2021,Maserati,Levante GTS,Véhicule utilitaire sport : ordinaire,3.8,8,A8,Z,17.4,12.0,15.0,19,349,2,1
2021,Maserati,Levante Trofeo,Véhicule utilitaire sport : ordinaire,3.8,8,A8,Z,17.4,12.0,15.0,19,349,2,1
2021,Maserati,Quattroporte S,Grande berline,3.0,6,A8,Z,14.6,9.9,12.5,23,291,3,3
2021,Maserati,Quattroporte S Q4,Grande berline,3.0,6,A8,Z,14.8,9.8,12.6,22,293,3,3
2021,Maserati,Quattroporte Trofeo,Grande berline,3.8,8,A8,Z,17.4,11.9,14.9,19,348,2,1
2021,Mazda,CX-3,Compacte,2.0,4,AS6,X,8.3,6.9,7.7,37,179,7,3
2021,Mazda,CX-3 (SIL),Compacte,2.0,4,M6,X,8.8,7.0,8.0,35,186,6,3
2021,Mazda,CX-3 4WD,Compacte,2.0,4,AS6,X,8.6,7.4,8.1,35,189,6,3
2021,Mazda,CX-30,Véhicule utilitaire sport : petit,2.0,4,AS6,X,8.9,7.1,8.1,35,189,6,7
2021,Mazda,CX-30,Véhicule utilitaire sport : petit,2.5,4,AS6,X,9.3,7.1,8.3,34,194,6,7
2021,Mazda,CX-30 4WD,Véhicule utilitaire sport : petit,2.0,4,AS6,X,9.4,7.7,8.6,33,202,6,7
2021,Mazda,CX-30 4WD,Véhicule utilitaire sport : petit,2.5,4,AS6,X,9.9,7.7,8.9,32,208,6,7
2021,Mazda,CX-30 Turbo 4WD,Véhicule utilitaire sport : petit,2.5,4,AS6,X,10.5,7.9,9.3,30,220,5,3
2021,Mazda,CX-5,Véhicule utilitaire sport : petit,2.5,4,AS6,X,9.7,7.8,8.8,32,206,6,7
2021,Mazda,CX-5 (Cylinder Deactivation),Véhicule utilitaire sport : petit,2.5,4,AS6,X,9.3,7.6,8.5,33,201,6,7
2021,Mazda,CX-5 4WD,Véhicule utilitaire sport : petit,2.5,4,AS6,X,10.2,8.2,9.3,30,217,5,7
2021,Mazda,CX-5 4WD (Cylinder Deactivation),Véhicule utilitaire sport : petit,2.5,4,AS6,X,9.8,7.9,9.0,31,209,5,7
2021,Mazda,CX-5 Turbo 4WD,Véhicule utilitaire sport : petit,2.5,4,AS6,X,10.8,8.7,9.8,29,230,5,5
2021,Mazda,CX-9 4WD,Véhicule utilitaire sport : petit,2.5,4,AS6,X,11.6,9.1,10.5,27,244,5,5
2021,Mazda,Mazda3 4-Door,Compacte,2.0,4,AS6,X,8.4,6.6,7.6,37,178,7,7
2021,Mazda,Mazda3 4-Door (SIL),Compacte,2.0,4,M6,X,8.7,6.4,7.7,37,180,7,7
2021,Mazda,Mazda3 4-Door,Compacte,2.5,4,AS6,X,8.9,6.5,7.8,36,184,6,7
2021,Mazda,Mazda3 4-Door 4WD,Compacte,2.5,4,AS6,X,9.3,7.0,8.2,34,193,6,7
2021,Mazda,Mazda3 4-Door Turbo 4WD,Compacte,2.5,4,AS6,X,10.1,7.3,8.8,32,207,6,3
2021,Mazda,Mazda3 5-Door,Intermédiaire,2.0,4,AS6,X,8.6,6.7,7.7,37,181,7,7
2021,Mazda,Mazda3 5-Door (SIL),Intermédiaire,2.0,4,M6,X,8.7,6.6,7.8,36,181,6,7
2021,Mazda,Mazda3 5-Door,Intermédiaire,2.5,4,AS6,X,9.2,6.9,8.1,35,190,6,7
2021,Mazda,Mazda3 5-Door (SIL),Intermédiaire,2.5,4,M6,X,9.5,7.0,8.4,34,197,6,7
2021,Mazda,Mazda3 5-Door 4WD,Intermédiaire,2.5,4,AS6,X,9.5,7.4,8.5,33,200,6,7
2021,Mazda,Mazda3 5-Door Turbo 4WD,Intermédiaire,2.5,4,AS6,X,10.1,7.5,8.9,32,209,5,3
2021,Mazda,Mazda6,Intermédiaire,2.5,4,AS6,X,9.1,6.7,8.0,35,187,6,7
2021,Mazda,Mazda6 Turbo,Intermédiaire,2.5,4,AS6,X,10.0,7.5,8.9,32,208,6,3
2021,Mazda,MX-5,Deux places,2.0,4,AS6,Z,9.0,6.6,7.9,36,186,6,3
2021,Mazda,MX-5 (SIL),Deux places,2.0,4,M6,Z,9.0,7.0,8.1,35,189,6,3
2021,Mercedes-Benz,A 220 4MATIC Sedan,Sous-compacte,2.0,4,AM7,Z,9.6,6.9,8.4,34,197,6,5
2021,Mercedes-Benz,A 250 4MATIC Hatch,Familiale : petite,2.0,4,AM7,Z,9.4,6.8,8.2,34,193,6,5
2021,Mercedes-Benz,AMG A 35 4MATIC Sedan,Sous-compacte,2.0,4,AM7,Z,10.7,8.2,9.5,30,224,5,5
2021,Mercedes-Benz,AMG A 35 4MATIC Hatch,Familiale : petite,2.0,4,AM7,Z,10.6,8.2,9.5,30,224,5,5
2021,Mercedes-Benz,AMG C 43 4MATIC Sedan,Compacte,3.0,6,A9,Z,13.4,8.7,11.3,25,266,4,5
2021,Mercedes-Benz,AMG C 43 4MATIC Cabriolet,Sous-compacte,3.0,6,A9,Z,12.3,8.7,10.7,26,251,4,5
2021,Mercedes-Benz,AMG C 43 4MATIC Coupe,Sous-compacte,3.0,6,A9,Z,12.5,8.8,10.8,26,254,4,5
2021,Mercedes-Benz,AMG C 43 4MATIC Wagon,Familiale : petite,3.0,6,A9,Z,12.3,8.5,10.6,27,249,4,5
2021,Mercedes-Benz,AMG C 63 Sedan,Compacte,4.0,8,A9,Z,13.5,8.9,11.4,25,269,4,3
2021,Mercedes-Benz,AMG C 63 S Sedan,Compacte,4.0,8,A9,Z,13.5,8.9,11.4,25,269,4,3
2021,Mercedes-Benz,AMG C 63 S Cabriolet,Sous-compacte,4.0,8,A9,Z,13.9,9.6,12.0,24,281,4,3
2021,Mercedes-Benz,AMG C 63 S Coupe,Sous-compacte,4.0,8,A9,Z,13.7,9.1,11.6,24,273,4,3
2021,Mercedes-Benz,AMG CLA 35 4MATIC Coupe,Compacte,2.0,4,AM7,Z,10.7,8.2,9.5,30,224,5,5
2021,Mercedes-Benz,AMG CLA 45 4MATIC Coupe,Compacte,2.0,4,AM8,Z,12.0,8.2,10.3,27,242,5,3
2021,Mercedes-Benz,AMG CLS 53 4MATIC+ Coupe,Compacte,3.0,6,A9,Z,11.3,9.0,10.3,27,242,5,6
2021,Mercedes-Benz,AMG E 53 4MATIC+ Sedan,Intermédiaire,3.0,6,A9,Z,10.7,8.2,9.5,30,225,5,6
2021,Mercedes-Benz,AMG E 53 4MATIC+ Cabriolet,Sous-compacte,3.0,6,A9,Z,11.3,8.8,10.2,28,239,5,6
2021,Mercedes-Benz,AMG E 53 4MATIC+ Coupe,Sous-compacte,3.0,6,A9,Z,11.2,8.5,10.0,28,235,5,6
2021,Mercedes-Benz,AMG E 53 4MATIC+ Wagon,Familiale : intermédiaire,3.0,6,A9,Z,11.3,8.7,10.1,28,238,5,6
2021,Mercedes-Benz,AMG E 63 S 4MATIC+ Sedan,Intermédiaire,4.0,8,A9,Z,15.0,10.1,12.8,22,301,3,3
2021,Mercedes-Benz,AMG E 63 S 4MATIC+ Wagon,Familiale : intermédiaire,4.0,8,A9,Z,14.7,10.4,12.8,22,300,3,3
2021,Mercedes-Benz,AMG G 63 SUV,Véhicule utilitaire sport : ordinaire,4.0,8,A9,Z,18.6,15.5,17.2,16,396,1,3
2021,Mercedes-Benz,AMG GLA 35 4MATIC SUV,Véhicule utilitaire sport : petit,2.0,4,AM8,Z,10.4,8.1,9.4,30,219,5,5
2021,Mercedes-Benz,AMG GLA 45 4MATIC SUV,Véhicule utilitaire sport : petit,2.0,4,AM8,Z,11.6,8.8,10.4,27,243,5,3
2021,Mercedes-Benz,AMG GLB 35 SUV,Véhicule utilitaire sport : petit,2.0,4,AM8,Z,11.1,8.9,10.1,28,237,5,5
2021,Mercedes-Benz,AMG GLC 43 4MATIC SUV,Véhicule utilitaire sport : petit,3.0,6,A9,Z,13.1,9.6,11.6,24,272,4,5
2021,Mercedes-Benz,AMG GLC 43 4MATIC Coupe,Véhicule utilitaire sport : petit,3.0,6,A9,Z,13.5,9.6,11.7,24,277,4,5
2021,Mercedes-Benz,AMG GLC 63 S 4MATIC+ SUV,Véhicule utilitaire sport : petit,4.0,8,A9,Z,15.7,10.9,13.5,21,319,3,5
2021,Mercedes-Benz,AMG GLC 63 S 4MATIC+ Coupe,Véhicule utilitaire sport : petit,4.0,8,A9,Z,15.2,10.8,13.2,21,311,3,5
2021,Mercedes-Benz,AMG GLE 53 4MATIC+ SUV,Véhicule utilitaire sport : ordinaire,3.0,6,A9,Z,13.2,10.8,12.1,23,285,3,6
2021,Mercedes-Benz,AMG GLE 53 4MATIC+ Coupe,Véhicule utilitaire sport : ordinaire,3.0,6,A9,Z,12.7,10.4,11.7,24,273,4,6
2021,Mercedes-Benz,AMG GLE 63 S 4MATIC+ SUV,Véhicule utilitaire sport : ordinaire,4.0,8,A9,Z,16.2,12.5,14.5,19,340,2,3
2021,Mercedes-Benz,AMG GLE 63 S 4MATIC+ Coupe,Véhicule utilitaire sport : ordinaire,4.0,8,A9,Z,16.3,12.8,14.7,19,347,2,3
2021,Mercedes-Benz,AMG GLS 63 4MATIC+ SUV,Véhicule utilitaire sport : ordinaire,4.0,8,A9,Z,16.3,12.9,14.8,19,347,2,3
2021,Mercedes-Benz,AMG GT 53 4MATIC+ Coupe,Compacte,3.0,6,A9,Z,11.9,9.6,10.9,26,255,4,6
2021,Mercedes-Benz,AMG GT 63 4MATIC+ Coupe,Compacte,4.0,8,A9,Z,15.6,11.5,13.7,21,322,3,5
2021,Mercedes-Benz,AMG GT 63 S 4MATIC+ Coupe,Compacte,4.0,8,A9,Z,15.1,11.1,13.3,21,312,3,5
2021,Mercedes-Benz,AMG GT Black Series Coupe,Deux places,4.0,8,AM7,Z,15.6,12.0,13.9,20,328,3,3
2021,Mercedes-Benz,AMG GT C Coupe,Deux places,4.0,8,AM7,Z,15.9,12.1,14.2,20,332,3,3
2021,Mercedes-Benz,AMG GT C Roadster,Deux places,4.0,8,AM7,Z,15.8,12.0,14.1,20,330,3,3
2021,Mercedes-Benz,AMG GT R Coupe,Deux places,4.0,8,AM7,Z,16.4,12.0,14.4,20,339,2,3
2021,Mercedes-Benz,AMG S 63 4MATIC+ Cabriolet,Sous-compacte,4.0,8,A9,Z,16.3,10.0,13.5,21,317,3,5
2021,Mercedes-Benz,AMG S 63 4MATIC+ Coupe,Compacte,4.0,8,A9,Z,15.1,9.2,12.4,23,293,3,5
2021,Mercedes-Benz,C 300 4MATIC Sedan,Compacte,2.0,4,A9,Z,10.1,7.1,8.7,32,204,6,6
2021,Mercedes-Benz,C 300 4MATIC Cabriolet,Sous-compacte,2.0,4,A9,Z,10.8,7.9,9.5,30,223,5,6
2021,Mercedes-Benz,C 300 4MATIC Coupe,Sous-compacte,2.0,4,A9,Z,10.2,7.4,9.0,31,210,5,6
2021,Mercedes-Benz,C 300 4MATIC Wagon,Familiale : petite,2.0,4,A9,Z,10.5,7.5,9.1,31,214,5,6
2021,Mercedes-Benz,CLA 250 4MATIC Coupe,Compacte,2.0,4,AM7,Z,9.8,7.1,8.6,33,201,6,5
2021,Mercedes-Benz,CLS 450 4MATIC Coupe,Compacte,3.0,6,A9,Z,10.5,8.1,9.4,30,222,5,6
2021,Mercedes-Benz,E 350 4MATIC Sedan,Intermédiaire,2.0,4,A9,Z,10.7,7.8,9.4,30,221,5,6
2021,Mercedes-Benz,E 450 4MATIC Sedan,Intermédiaire,3.0,6,A9,Z,10.4,7.8,9.2,31,217,5,6
2021,Mercedes-Benz,E 450 4MATIC Cabriolet,Sous-compacte,3.0,6,A9,Z,10.4,8.0,9.3,30,219,5,6
2021,Mercedes-Benz,E 450 4MATIC Coupe,Sous-compacte,3.0,6,A9,Z,10.3,7.9,9.3,30,218,5,6
2021,Mercedes-Benz,E 450 4MATIC All-Terrain Wagon,Familiale : intermédiaire,3.0,6,A9,Z,10.6,8.4,9.6,29,226,5,6
2021,Mercedes-Benz,G 550 SUV,Véhicule utilitaire sport : ordinaire,4.0,8,A9,Z,13.6,12.4,13.1,22,307,3,3
2021,Mercedes-Benz,GLA 250 4MATIC SUV,Véhicule utilitaire sport : petit,2.0,4,AM8,Z,9.8,7.2,8.7,32,203,6,5
2021,Mercedes-Benz,GLB 250 4MATIC SUV,Véhicule utilitaire sport : petit,2.0,4,AM8,Z,10.3,7.8,9.2,31,216,5,5
2021,Mercedes-Benz,GLC 300 4MATIC SUV,Véhicule utilitaire sport : petit,2.0,4,A9,Z,11.3,8.5,10.0,28,235,5,6
2021,Mercedes-Benz,GLC 300 4MATIC Coupe,Véhicule utilitaire sport : petit,2.0,4,A9,Z,10.6,8.4,9.6,29,226,5,6
2021,Mercedes-Benz,GLE 350 4MATIC SUV,Véhicule utilitaire sport : ordinaire,2.0,4,A9,Z,12.4,9.0,10.8,26,254,4,5
2021,Mercedes-Benz,GLE 450 4MATIC SUV,Véhicule utilitaire sport : ordinaire,3.0,6,A9,Z,11.4,9.2,10.4,27,244,5,6
2021,Mercedes-Benz,GLS 450 4MATIC SUV,Véhicule utilitaire sport : ordinaire,3.0,6,A9,Z,12.0,9.8,11.0,26,257,4,6
2021,Mercedes-Benz,GLS 580 4MATIC SUV,Véhicule utilitaire sport : ordinaire,4.0,8,A9,Z,14.5,11.2,13.0,22,305,3,5
2021,Mercedes-Benz,Maybach GLS 600 4MATIC SUV,Véhicule utilitaire sport : ordinaire,4.0,8,A9,Z,16.6,12.5,14.8,19,346,2,3
2021,Mercedes-Benz,Maybach S 580 4MATIC Sedan,Grande berline,4.0,8,A9,Z,15.5,9.8,12.9,22,301,3,5
2021,Mercedes-Benz,Metris Cargo Van,Véhicule à usage spécial ,2.0,4,A9,Z,12.6,10.0,11.5,25,268,4,5
2021,Mercedes-Benz,Metris Cargo Van LWB,Véhicule à usage spécial ,2.0,4,A9,Z,12.6,10.0,11.5,25,268,4,5
2021,Mercedes-Benz,Metris Passenger Van,Véhicule à usage spécial ,2.0,4,A9,Z,13.3,10.8,12.2,23,284,3,5
2021,Mercedes-Benz,S 500 4MATIC SWB Sedan,Grande berline,3.0,6,A9,Z,11.3,8.0,9.8,29,230,5,6
2021,Mercedes-Benz,S 560 Cabriolet,Sous-compacte,4.0,8,A9,Z,14.5,9.0,12.0,24,282,4,5
2021,Mercedes-Benz,S 560 4MATIC Coupe,Compacte,4.0,8,A9,Z,14.5,9.0,12.0,24,282,4,5
2021,Mercedes-Benz,S 580 4MATIC LWB Sedan,Grande berline,4.0,8,A9,Z,14.4,9.4,12.2,23,285,3,5
2021,MINI,Cooper 3 Door,Sous-compacte,1.5,3,AM7,Z,8.4,6.5,7.5,38,176,7,7
2021,MINI,Cooper 3 Door,Sous-compacte,1.5,3,M6,Z,8.8,6.4,7.7,37,180,7,7
2021,MINI,Cooper 5 Door,Sous-compacte,1.5,3,AM7,Z,8.4,6.5,7.5,38,176,7,7
2021,MINI,Cooper 5 Door,Sous-compacte,1.5,3,M6,Z,8.8,6.4,7.7,37,180,7,7
2021,MINI,Cooper Clubman ALL4,Intermédiaire,1.5,3,AS8,Z,9.7,7.0,8.5,33,198,6,7
2021,MINI,Cooper Convertible,Minicompacte,1.5,3,AM7,Z,8.4,6.5,7.5,38,176,7,7
2021,MINI,Cooper Convertible,Minicompacte,1.5,3,M6,Z,8.8,6.4,7.7,37,180,7,7
2021,MINI,Cooper Countryman ALL4,Intermédiaire,1.5,3,AS8,Z,10.0,7.4,8.8,32,206,6,7
2021,MINI,Cooper S 3 Door,Sous-compacte,2.0,4,AM7,Z,8.9,6.6,7.9,36,184,6,7
2021,MINI,Cooper S 3 Door,Sous-compacte,2.0,4,M6,Z,10.2,7.1,8.8,32,206,6,7
2021,MINI,Cooper S 5 Door,Sous-compacte,2.0,4,AM7,Z,8.9,6.6,7.9,36,184,6,7
2021,MINI,Cooper S 5 Door,Sous-compacte,2.0,4,M6,Z,10.2,7.1,8.8,32,206,6,7
2021,MINI,Cooper S Clubman ALL4,Intermédiaire,2.0,4,AS8,Z,10.1,7.4,8.9,32,207,6,7
2021,MINI,Cooper S Convertible,Minicompacte,2.0,4,AM7,Z,9.1,6.9,8.1,35,191,6,7
2021,MINI,Cooper S Convertible,Minicompacte,2.0,4,M6,Z,10.3,7.3,9.0,31,209,5,7
2021,MINI,Cooper S Countryman ALL4,Intermédiaire,2.0,4,AS8,Z,10.4,7.5,9.1,31,212,5,7
2021,MINI,John Cooper Works 3 Door,Sous-compacte,2.0,4,AS8,Z,9.2,6.9,8.1,35,190,6,7
2021,MINI,John Cooper Works 3 Door,Sous-compacte,2.0,4,M6,Z,10.2,7.1,8.8,32,206,6,7
2021,MINI,John Cooper Works Clubman ALL4,Intermédiaire,2.0,4,AS8,Z,10.1,7.6,9.0,31,210,5,3
2021,MINI,John Cooper Works Convertible,Minicompacte,2.0,4,AS8,Z,9.4,7.1,8.3,34,194,6,7
2021,MINI,John Cooper Works Countryman ALL4,Intermédiaire,2.0,4,AS8,Z,10.0,7.8,9.0,31,210,5,3
2021,MINI,John Cooper Works GP,Sous-compacte,2.0,4,AS8,Z,9.9,7.8,8.9,32,208,6,3
2021,Mitsubishi,Mirage,Compacte,1.2,3,AV,X,6.6,5.6,6.2,46,143,8,5
2021,Mitsubishi,Mirage,Compacte,1.2,3,M5,X,7.1,5.8,6.5,43,151,8,5
2021,Mitsubishi,RVR,Véhicule utilitaire sport : petit,2.0,4,AV6,X,9.7,7.8,8.8,32,206,6,5
2021,Mitsubishi,RVR 4WD,Véhicule utilitaire sport : petit,2.0,4,AV6,X,10.1,8.2,9.2,31,213,5,5
2021,Mitsubishi,RVR 4WD,Véhicule utilitaire sport : petit,2.4,4,AV6,X,10.3,8.3,9.4,30,218,5,5
2021,Nissan,Altima AWD,Intermédiaire,2.5,4,AV,X,9.0,6.7,8.0,35,188,6,7
2021,Nissan,Altima AWD SR/Platinum,Intermédiaire,2.5,4,AV,X,9.3,6.9,8.2,34,194,6,7
2021,Nissan,Armada 4WD,Véhicule utilitaire sport : ordinaire,5.6,8,AS7,Z,17.5,12.9,15.4,18,362,2,3
2021,Nissan,GT-R,Sous-compacte,3.8,6,AM6,Z,14.4,10.9,12.8,22,300,3,3
2021,Nissan,Kicks,Intermédiaire,1.6,4,AV,X,7.7,6.6,7.2,39,169,7,7
2021,Nissan,Maxima,Intermédiaire,3.5,6,AV7,Z,11.6,7.9,9.9,29,233,5,3
2021,Nissan,Murano,Familiale : intermédiaire,3.5,6,AV7,X,11.7,8.3,10.2,28,240,5,5
2021,Nissan,Murano AWD,Familiale : intermédiaire,3.5,6,AV7,X,12.1,8.6,10.5,27,248,4,5
2021,Nissan,NV200 Cargo Van,Véhicule à usage spécial ,2.0,4,AV,X,9.9,9.1,9.5,30,223,5,3
2021,Nissan,Qashqai,Familiale : petite,2.0,4,AV8,X,8.9,7.7,8.3,34,196,6,5
2021,Nissan,Qashqai,Familiale : petite,2.0,4,M6,X,9.9,8.0,9.0,31,212,5,5
2021,Nissan,Qashqai AWD,Familiale : petite,2.0,4,AV8,X,9.2,7.9,8.6,33,202,6,5
2021,Nissan,Rogue,Véhicule utilitaire sport : petit,2.5,4,AV8,X,9.1,7.2,8.3,34,194,6,7
2021,Nissan,Rogue AWD,Véhicule utilitaire sport : petit,2.5,4,AV8,X,9.2,7.2,8.3,34,195,6,7
2021,Nissan,Sentra,Intermédiaire,2.0,4,AV,X,8.0,6.0,7.1,40,167,7,7
2021,Nissan,Sentra SR,Intermédiaire,2.0,4,AV,X,8.2,6.2,7.3,39,171,7,7
2021,Nissan,Sentra,Intermédiaire,2.0,4,M6,X,9.3,6.3,8.0,35,187,6,7
2021,Nissan,Sentra SR,Intermédiaire,2.0,4,M6,X,9.4,6.5,8.1,35,190,6,7
2021,Nissan,Titan 4WD,Camionnette : ordinaire,5.6,8,AS9,Z,15.2,11.1,13.4,21,314,3,5
2021,Nissan,Titan 4WD PRO-4X,Camionnette : ordinaire,5.6,8,AS9,Z,15.4,11.4,13.6,21,321,3,5
2021,Nissan,Versa,Compacte,1.6,4,AV,X,7.4,5.9,6.7,42,158,7,7
2021,Nissan,Versa,Compacte,1.6,4,M5,X,8.6,6.7,7.7,37,181,7,7
2021,Porsche,718 Boxster,Deux places,2.0,4,AM7,Z,11.0,8.7,10.0,28,233,5,1
2021,Porsche,718 Boxster,Deux places,2.0,4,M6,Z,11.7,8.9,10.5,27,245,5,1
2021,Porsche,718 Boxster T,Deux places,2.0,4,AM7,Z,11.2,8.7,10.1,28,236,5,1
2021,Porsche,718 Boxster T,Deux places,2.0,4,M6,Z,11.7,8.9,10.5,27,245,5,1
2021,Porsche,718 Boxster S,Deux places,2.5,4,AM7,Z,12.2,9.2,10.9,26,255,4,1
2021,Porsche,718 Boxster S,Deux places,2.5,4,M6,Z,12.5,9.6,11.2,25,263,4,1
2021,Porsche,718 Boxster GTS 4.0,Deux places,4.0,6,AM7,Z,12.3,9.8,11.1,25,260,4,5
2021,Porsche,718 Boxster GTS 4.0,Deux places,4.0,6,M6,Z,14.0,10.0,12.2,23,284,3,5
2021,Porsche,718 Cayman,Deux places,2.0,4,AM7,Z,11.0,8.7,10.0,28,233,5,1
2021,Porsche,718 Cayman,Deux places,2.0,4,M6,Z,11.7,8.9,10.5,27,245,5,1
2021,Porsche,718 Cayman T,Deux places,2.0,4,AM7,Z,11.2,8.7,10.1,28,236,5,1
2021,Porsche,718 Cayman T,Deux places,2.0,4,M6,Z,11.7,8.9,10.5,27,245,5,1
2021,Porsche,718 Cayman S,Deux places,2.5,4,AM7,Z,12.2,9.2,10.9,26,255,4,1
2021,Porsche,718 Cayman S,Deux places,2.5,4,M6,Z,12.5,9.6,11.2,25,263,4,1
2021,Porsche,718 Cayman GTS 4.0,Deux places,4.0,6,AM7,Z,12.3,9.8,11.1,25,260,4,5
2021,Porsche,718 Cayman GTS 4.0,Deux places,4.0,6,M6,Z,14.0,10.0,12.2,23,284,3,5
2021,Porsche,718 Cayman GT4,Deux places,4.0,6,AM7,Z,13.0,9.9,11.6,24,271,4,5
2021,Porsche,718 Cayman GT4,Deux places,4.0,6,M6,Z,14.0,10.1,12.2,23,286,3,5
2021,Porsche,718 Spyder,Deux places,4.0,6,AM7,Z,13.0,9.9,11.6,24,271,4,5
2021,Porsche,718 Spyder,Deux places,4.0,6,M6,Z,14.0,10.1,12.2,23,286,3,5
2021,Porsche,911 Carrera,Minicompacte,3.0,6,AM8,Z,13.1,9.8,11.6,24,275,4,5
2021,Porsche,911 Carrera 4,Minicompacte,3.0,6,AM8,Z,13.1,9.8,11.6,24,275,4,5
2021,Porsche,911 Carrera Cabriolet,Minicompacte,3.0,6,AM8,Z,13.1,9.8,11.6,24,275,4,5
2021,Porsche,911 Carrera 4 Cabriolet,Minicompacte,3.0,6,AM8,Z,13.1,9.7,11.6,24,275,4,5
2021,Porsche,911 Carrera S,Minicompacte,3.0,6,AM8,Z,12.9,10.2,11.7,24,274,4,5
2021,Porsche,911 Carrera S,Minicompacte,3.0,6,M7,Z,12.8,9.4,11.3,25,264,4,5
2021,Porsche,911 Carrera 4S,Minicompacte,3.0,6,AM8,Z,13.0,10.2,11.8,24,275,4,5
2021,Porsche,911 Carrera 4S,Minicompacte,3.0,6,M7,Z,13.8,9.3,11.8,24,275,4,5
2021,Porsche,911 Carrera S Cabriolet,Minicompacte,3.0,6,AM8,Z,12.9,10.2,11.7,24,273,4,5
2021,Porsche,911 Carrera S Cabriolet,Minicompacte,3.0,6,M7,Z,13.8,9.4,11.8,24,275,4,5
2021,Porsche,911 Carrera 4S Cabriolet,Minicompacte,3.0,6,AM8,Z,12.8,10.2,11.7,24,273,4,5
2021,Porsche,911 Carrera 4S Cabriolet,Minicompacte,3.0,6,M7,Z,13.8,9.8,12.0,24,281,4,5
2021,Porsche,911 Targa 4,Minicompacte,3.0,6,AM8,Z,13.1,9.8,11.6,24,275,4,5
2021,Porsche,911 Targa 4S,Minicompacte,3.0,6,AM8,Z,13.1,10.2,11.8,24,274,4,5
2021,Porsche,911 Targa 4S,Minicompacte,3.0,6,M7,Z,13.7,9.8,11.9,24,278,4,5
2021,Porsche,911 Turbo,Minicompacte,3.7,6,AM8,Z,15.2,11.9,13.7,21,321,3,5
2021,Porsche,911 Turbo Cabriolet,Minicompacte,3.7,6,AM8,Z,15.6,11.8,13.9,20,324,3,5
2021,Porsche,911 Turbo S,Minicompacte,3.7,6,AM8,Z,15.3,11.8,13.7,21,321,3,5
2021,Porsche,911 Turbo S Cabriolet,Minicompacte,3.7,6,AM8,Z,16.0,11.8,14.1,20,328,3,5
2021,Porsche,Cayenne,Véhicule utilitaire sport : ordinaire,3.0,6,AS8,Z,12.5,10.3,11.5,25,269,4,5
2021,Porsche,Cayenne Coupe,Véhicule utilitaire sport : ordinaire,3.0,6,AS8,Z,12.7,10.3,11.6,24,271,4,5
2021,Porsche,Cayenne S,Véhicule utilitaire sport : ordinaire,2.9,6,AS8,Z,13.1,10.5,11.9,24,278,4,5
2021,Porsche,Cayenne S Coupe,Véhicule utilitaire sport : ordinaire,2.9,6,AS8,Z,13.4,10.9,12.3,23,286,3,5
2021,Porsche,Cayenne GTS,Véhicule utilitaire sport : ordinaire,4.0,8,AS8,Z,15.8,12.3,14.2,20,331,3,3
2021,Porsche,Cayenne GTS Coupe,Véhicule utilitaire sport : ordinaire,4.0,8,AS8,Z,15.2,12.4,14.0,20,326,3,3
2021,Porsche,Cayenne Turbo,Véhicule utilitaire sport : ordinaire,4.0,8,AS8,Z,15.6,12.4,14.1,20,329,3,3
2021,Porsche,Cayenne Turbo Coupe,Véhicule utilitaire sport : ordinaire,4.0,8,AS8,Z,15.8,12.2,14.2,20,332,3,3
2021,Porsche,Macan,Véhicule utilitaire sport : petit,2.0,4,AM7,Z,12.2,10.2,11.3,25,264,4,5
2021,Porsche,Macan S,Véhicule utilitaire sport : petit,2.9,6,AM7,Z,13.1,9.6,11.5,25,274,4,5
2021,Porsche,Macan GTS,Véhicule utilitaire sport : petit,2.9,6,AM7,Z,13.5,10.5,12.2,23,285,3,5
2021,Porsche,Macan Turbo,Véhicule utilitaire sport : petit,2.9,6,AM7,Z,13.5,11.2,12.5,23,293,3,5
2021,Porsche,Panamera,Grande berline,2.9,6,AM8,Z,13.1,9.8,11.6,24,274,4,5
2021,Porsche,Panamera 4,Grande berline,2.9,6,AM8,Z,12.8,9.8,11.5,25,274,4,5
2021,Porsche,Panamera 4 Executive,Grande berline,2.9,6,AM8,Z,13.8,10.2,12.2,23,289,3,5
2021,Porsche,Panamera 4 ST,Grande berline,2.9,6,AM8,Z,12.8,10.2,11.7,24,274,4,5
2021,Porsche,Panamera 4S,Grande berline,2.9,6,AM8,Z,12.8,9.8,11.4,25,276,4,5
2021,Porsche,Panamera 4S Executive,Grande berline,2.9,6,AM8,Z,13.8,10.2,12.2,23,292,3,5
2021,Porsche,Panamera 4S ST,Grande berline,2.9,6,AM8,Z,13.8,10.2,12.2,23,292,3,5
2021,Porsche,Panamera GTS,Grande berline,4.0,8,AM8,Z,15.7,11.2,13.7,21,323,3,3
2021,Porsche,Panamera GTS ST,Grande berline,4.0,8,AM8,Z,15.7,11.8,13.9,20,323,3,3
2021,Porsche,Panamera Turbo S,Grande berline,4.0,8,AM8,Z,15.3,11.2,13.5,21,326,3,3
2021,Porsche,Panamera Turbo S Executive,Grande berline,4.0,8,AM8,Z,15.3,11.2,13.5,21,326,3,3
2021,Porsche,Panamera Turbo S ST,Grande berline,4.0,8,AM8,Z,15.3,11.2,13.5,21,326,3,3
2021,Ram,1500 EcoDiesel,Camionnette : ordinaire,3.0,6,A8,D,10.5,7.3,9.0,31,243,5,1
2021,Ram,1500 HFE EcoDiesel,Camionnette : ordinaire,3.0,6,A8,D,10.4,7.1,8.9,32,238,5,1
2021,Ram,1500 eTorque,Camionnette : ordinaire,3.6,6,A8,X,11.9,9.4,10.8,26,253,4,5
2021,Ram,1500 HFE eTorque,Camionnette : ordinaire,3.6,6,A8,X,11.6,9.0,10.4,27,245,5,5
2021,Ram,1500,Camionnette : ordinaire,5.7,8,A8,X,16.2,10.5,13.6,21,320,3,5
2021,Ram,1500 eTorque,Camionnette : ordinaire,5.7,8,A8,X,14.1,10.3,12.4,23,290,3,5
2021,Ram,1500 4X4 EcoDiesel,Camionnette : ordinaire,3.0,6,A8,D,11.1,8.0,9.7,29,260,4,1
2021,Ram,1500 4X4 eTorque,Camionnette : ordinaire,3.6,6,A8,X,12.1,9.7,11.0,26,259,4,5
2021,Ram,1500 4X4,Camionnette : ordinaire,5.7,8,A8,X,16.1,11.0,13.8,20,325,3,5
2021,Ram,1500 4X4 eTorque,Camionnette : ordinaire,5.7,8,A8,X,14.0,10.7,12.5,23,294,3,5
2021,Ram,1500 4X4 TRX,Camionnette : ordinaire,6.2,8,A8,Z,22.4,16.5,19.8,14,465,1,1
2021,Ram,1500 Classic,Camionnette : ordinaire,3.6,6,A8,X,13.9,9.6,11.9,24,280,4,3
2021,Ram,1500 Classic,Camionnette : ordinaire,5.7,8,A8,X,15.7,11.0,13.6,21,319,3,3
2021,Ram,1500 Classic 4X4,Camionnette : ordinaire,3.6,6,A8,X,14.5,10.2,12.6,22,294,3,3
2021,Ram,1500 Classic 4X4,Camionnette : ordinaire,5.7,8,A8,X,16.2,11.6,14.1,20,330,3,3
2021,Ram,ProMaster City,Véhicule à usage spécial ,2.4,4,A9,X,11.2,8.3,9.9,29,232,5,6
2021,Rolls-Royce,Cullinan,Familiale : intermédiaire,6.7,12,AS8,Z,20.1,12.1,16.5,17,386,1,3
2021,Rolls-Royce,Cullinan Black Badge,Familiale : intermédiaire,6.7,12,AS8,Z,20.1,12.1,16.5,17,386,1,3
2021,Rolls-Royce,Dawn,Compacte,6.6,12,AS8,Z,20.7,13.4,17.4,16,408,1,3
2021,Rolls-Royce,Dawn Black Badge,Compacte,6.6,12,AS8,Z,20.7,13.4,17.4,16,408,1,3
2021,Rolls-Royce,Ghost,Grande berline,6.7,12,AS8,Z,19.9,12.7,16.7,17,387,1,3
2021,Rolls-Royce,Ghost EWB,Grande berline,6.7,12,AS8,Z,19.9,12.7,16.7,17,387,1,3
2021,Rolls-Royce,Phantom,Grande berline,6.7,12,AS8,Z,20.0,11.8,16.3,17,382,1,3
2021,Rolls-Royce,Phantom EWB,Grande berline,6.7,12,AS8,Z,20.0,11.8,16.3,17,382,1,3
2021,Rolls-Royce,Wraith,Intermédiaire,6.6,12,AS8,Z,19.6,12.8,16.5,17,387,1,3
2021,Rolls-Royce,Wraith Black Badge,Intermédiaire,6.6,12,AS8,Z,19.6,12.8,16.5,17,387,1,3
2021,Subaru,Ascent AWD,Véhicule utilitaire sport : ordinaire,2.4,4,AV8,X,11.6,9.0,10.4,27,244,5,3
2021,Subaru,Crosstrek AWD,Véhicule utilitaire sport : petit,2.0,4,AV8,X,8.5,7.0,7.9,36,185,6,6
2021,Subaru,Crosstrek AWD,Véhicule utilitaire sport : petit,2.0,4,M6,X,10.5,8.1,9.4,30,220,5,6
2021,Subaru,Crosstrek AWD,Véhicule utilitaire sport : petit,2.5,4,AV8,X,8.8,7.0,8.0,35,188,6,6
2021,Subaru,Forester AWD,Véhicule utilitaire sport : petit,2.5,4,AV7,X,9.0,7.2,8.2,34,192,6,6
2021,Subaru,Impreza 4-Door AWD,Intermédiaire,2.0,4,AV7,X,8.3,6.4,7.5,38,174,7,6
2021,Subaru,Impreza 4-Door AWD,Intermédiaire,2.0,4,M5,X,10.1,7.6,9.0,31,210,5,6
2021,Subaru,Impreza 5-Door AWD,Familiale : petite,2.0,4,AV7,X,8.4,6.6,7.6,37,178,7,6
2021,Subaru,Impreza 5-Door AWD,Familiale : petite,2.0,4,M5,X,10.1,7.7,9.0,31,211,5,6
2021,Subaru,Legacy AWD,Grande berline,2.4,4,AV8,X,9.9,7.3,8.7,32,205,6,3
2021,Subaru,Legacy AWD,Grande berline,2.5,4,AV8,X,8.9,6.7,7.9,36,184,6,6
2021,Subaru,Outback AWD,Véhicule utilitaire sport : petit,2.4,4,AV8,X,10.1,7.9,9.1,31,213,5,3
2021,Subaru,Outback AWD,Véhicule utilitaire sport : petit,2.5,4,AV8,X,9.0,7.1,8.2,34,192,6,6
2021,Subaru,WRX AWD,Compacte,2.0,4,AV8,Z,12.9,9.7,11.5,25,269,4,1
2021,Subaru,WRX AWD,Compacte,2.0,4,M6,Z,11.7,8.7,10.4,27,243,5,1
2021,Subaru,WRX STI AWD,Compacte,2.5,4,M6,Z,14.4,10.8,12.8,22,301,3,1
2021,Toyota,4Runner 4WD,Véhicule utilitaire sport : ordinaire,4.0,6,AS5,X,14.8,12.5,13.8,20,321,3,5
2021,Toyota,4Runner 4WD (Part-Time 4WD),Véhicule utilitaire sport : ordinaire,4.0,6,AS5,X,14.8,12.5,13.8,20,321,3,5
2021,Toyota,Avalon,Intermédiaire,3.5,6,AS8,X,10.9,7.7,9.5,30,221,5,5
2021,Toyota,Avalon AWD,Intermédiaire,2.5,4,AS8,X,9.5,7.0,8.4,34,197,6,6
2021,Toyota,C-HR,Compacte,2.0,4,AS7,X,8.7,7.5,8.2,34,189,6,3
2021,Toyota,Camry LE/SE,Intermédiaire,2.5,4,AS8,X,8.5,6.1,7.4,38,173,7,7
2021,Toyota,Camry XLE/XSE,Intermédiaire,2.5,4,AS8,X,8.6,6.3,7.6,37,177,7,7
2021,Toyota,Camry,Intermédiaire,3.5,6,AS8,X,10.5,7.1,9.0,31,210,5,5
2021,Toyota,Camry XSE,Intermédiaire,3.5,6,AS8,X,10.7,7.4,9.2,31,215,5,5
2021,Toyota,Camry TRD,Intermédiaire,3.5,6,AS8,X,10.8,7.6,9.4,30,220,5,5
2021,Toyota,Camry AWD LE/SE,Intermédiaire,2.5,4,AS8,X,9.3,6.8,8.2,34,190,6,6
2021,Toyota,Camry AWD XLE/XSE,Intermédiaire,2.5,4,AS8,X,9.5,7.0,8.4,34,197,6,6
2021,Toyota,Camry Hybrid LE,Intermédiaire,2.5,4,AV,X,4.9,4.8,4.9,58,113,9,7
2021,Toyota,Camry Hybrid SE/XLE/XSE,Intermédiaire,2.5,4,AV,X,5.3,5.0,5.1,55,121,9,7
2021,Toyota,Corolla,Compacte,1.8,4,AV,X,7.9,6.1,7.1,40,165,7,5
2021,Toyota,Corolla XLE,Compacte,1.8,4,AV,X,8.1,6.3,7.3,39,170,7,5
2021,Toyota,Corolla,Compacte,1.8,4,M6,X,8.0,6.0,7.1,40,165,7,5
2021,Toyota,Corolla,Compacte,2.0,4,AV10,X,7.6,5.9,6.8,42,159,7,7
2021,Toyota,Corolla XSE,Compacte,2.0,4,AV10,X,7.7,6.1,7.0,40,164,7,7
2021,Toyota,Corolla,Compacte,2.0,4,M6,X,8.2,6.5,7.4,38,173,7,7
2021,Toyota,Corolla Apex Edition,Compacte,2.0,4,AV10,X,7.7,6.2,7.0,40,164,7,7
2021,Toyota,Corolla Apex Edition,Compacte,2.0,4,M6,X,8.4,6.6,7.5,38,178,7,7
2021,Toyota,Corolla Hatchback,Compacte,2.0,4,AV10,X,7.5,5.8,6.7,42,158,7,7
2021,Toyota,Corolla Hatchback,Compacte,2.0,4,M6,X,8.4,6.7,7.6,37,179,7,7
2021,Toyota,Corolla Hybrid,Compacte,1.8,4,AV,X,4.4,4.5,4.5,63,106,9,7
2021,Toyota,GR Supra 2.0,Deux places,2.0,4,AS8,Z,9.4,7.3,8.4,34,197,6,7
2021,Toyota,GR Supra 3.0,Deux places,3.0,6,AS8,Z,10.6,8.0,9.4,30,218,5,5
2021,Toyota,Highlander,Véhicule utilitaire sport : petit,3.5,6,AS8,X,11.9,8.3,10.3,27,240,5,5
2021,Toyota,Highlander AWD,Véhicule utilitaire sport : petit,3.5,6,AS8,X,11.8,8.6,10.3,27,241,5,5
2021,Toyota,Highlander Hybrid AWD,Véhicule utilitaire sport : ordinaire,2.5,4,AV,X,6.7,6.8,6.7,42,158,7,7
2021,Toyota,Highlander Hybrid AWD Limited/Platinum,Véhicule utilitaire sport : ordinaire,2.5,4,AV,X,6.6,6.8,6.7,42,156,7,7
2021,Toyota,Prius,Intermédiaire,1.8,4,AV,X,4.4,4.7,4.5,63,106,9,7
2021,Toyota,Prius AWD,Intermédiaire,1.8,4,AV,X,4.6,5.0,4.8,59,111,9,7
2021,Toyota,RAV4,Véhicule utilitaire sport : petit,2.5,4,AS8,X,8.8,6.8,7.9,36,184,6,6
2021,Toyota,RAV4 (Stop/Start),Véhicule utilitaire sport : petit,2.5,4,AS8,X,8.5,6.8,7.7,37,180,7,6
2021,Toyota,RAV4 AWD,Véhicule utilitaire sport : petit,2.5,4,AS8,X,9.4,7.1,8.4,34,195,6,6
2021,Toyota,RAV4 AWD (Stop/Start),Véhicule utilitaire sport : petit,2.5,4,AS8,X,8.8,7.1,8.0,35,187,6,6
2021,Toyota,RAV4 AWD LE,Véhicule utilitaire sport : petit,2.5,4,AS8,X,8.7,6.9,7.9,36,184,6,6
2021,Toyota,RAV4 AWD TRD Off-Road,Véhicule utilitaire sport : petit,2.5,4,AS8,X,9.5,7.4,8.5,33,200,6,6
2021,Toyota,RAV4 Hybrid AWD,Véhicule utilitaire sport : petit,2.5,4,AV,X,5.8,6.3,6.0,47,140,8,7
2021,Toyota,Sequoia 4WD,Véhicule utilitaire sport : ordinaire,5.7,8,AS6,X,18.5,13.9,16.4,17,384,1,5
2021,Toyota,Sienna,Fourgonnette,2.5,4,AV,X,6.6,6.5,6.5,43,153,8,7
2021,Toyota,Sienna AWD,Fourgonnette,2.5,4,AV,X,6.8,6.6,6.7,42,157,7,7
2021,Toyota,Tacoma 4WD,Camionnette : petite,3.5,6,AS6,X,13.0,10.5,11.8,24,278,4,5
2021,Toyota,Tacoma 4WD,Camionnette : petite,3.5,6,M6,X,13.8,11.4,12.7,22,299,3,5
2021,Toyota,Tacoma 4WD D-Cab TRD Off-Road/PRO,Camionnette : petite,3.5,6,M6,X,13.8,11.7,12.9,22,300,3,5
2021,Toyota,Tundra,Camionnette : ordinaire,5.7,8,AS6,X,17.7,13.6,15.9,18,371,2,5
2021,Toyota,Tundra 4WD,Camionnette : ordinaire,5.7,8,AS6,X,18.0,14.2,16.3,17,382,1,5
2021,Toyota,Venza AWD,Véhicule utilitaire sport : petit,2.5,4,AV,X,5.9,6.4,6.1,46,141,8,7
2021,Volkswagen,Arteon 4MOTION,Grande berline,2.0,4,AS8,Z,11.6,7.7,9.8,29,230,5,3
2021,Volkswagen,Atlas 4MOTION,Véhicule utilitaire sport : petit,2.0,4,AS8,X,11.7,9.9,10.9,26,256,4,3
2021,Volkswagen,Atlas 4MOTION,Véhicule utilitaire sport : ordinaire,3.6,6,AS8,X,14.6,10.9,12.9,22,301,3,5
2021,Volkswagen,Atlas Cross Sport 4MOTION,Véhicule utilitaire sport : petit,2.0,4,AS8,X,11.7,10.0,10.9,26,257,4,3
2021,Volkswagen,Atlas Cross Sport 4MOTION,Véhicule utilitaire sport : petit,3.6,6,AS8,X,13.8,10.4,12.3,23,289,3,5
2021,Volkswagen,Golf,Compacte,1.4,4,AS8,X,8.2,6.5,7.5,38,174,7,7
2021,Volkswagen,Golf,Compacte,1.4,4,M6,X,8.0,6.1,7.1,40,166,7,7
2021,Volkswagen,Golf GTI,Compacte,2.0,4,AM7,X,9.7,7.3,8.6,33,201,6,7
2021,Volkswagen,Golf GTI,Compacte,2.0,4,M6,X,10.1,7.9,9.1,31,213,5,7
2021,Volkswagen,Jetta,Compacte,1.4,4,AS8,X,8.0,6.0,7.1,40,165,7,7
2021,Volkswagen,Jetta,Compacte,1.4,4,M6,X,7.9,5.8,6.9,41,162,7,7
2021,Volkswagen,Jetta GLI,Compacte,2.0,4,AM7,X,9.7,6.8,8.4,34,195,6,7
2021,Volkswagen,Jetta GLI,Compacte,2.0,4,M6,X,9.7,7.0,8.5,33,198,6,7
2021,Volkswagen,Passat,Intermédiaire,2.0,4,AS6,X,9.8,6.6,8.3,34,195,6,7
2021,Volkswagen,Tiguan,Véhicule utilitaire sport : petit,2.0,4,AS8,X,10.4,8.1,9.4,30,219,5,7
2021,Volkswagen,Tiguan 4MOTION,Véhicule utilitaire sport : petit,2.0,4,AS8,X,11.0,8.6,9.9,29,232,5,7
2021,Volvo,S60 T5,Compacte,2.0,4,AS8,Z,10.0,6.8,8.6,33,200,6,5
2021,Volvo,S60 T5 AWD,Compacte,2.0,4,AS8,Z,10.8,7.2,9.2,31,215,5,5
2021,Volvo,S60 T6 AWD,Compacte,2.0,4,AS8,Z,11.0,7.4,9.4,30,219,5,7
2021,Volvo,S90 T6 AWD,Intermédiaire,2.0,4,AS8,Z,11.3,7.5,9.6,29,224,5,7
2021,Volvo,V60 T5,Familiale : petite,2.0,4,AS8,Z,10.0,6.8,8.6,33,200,6,5
2021,Volvo,V60 T6 AWD,Familiale : petite,2.0,4,AS8,Z,11.3,7.5,9.6,29,224,5,7
2021,Volvo,V60 CC T5 AWD,Familiale : petite,2.0,4,AS8,Z,10.8,7.7,9.4,30,220,5,5
2021,Volvo,XC40 T4 AWD,Véhicule utilitaire sport : petit,2.0,4,AS8,X,10.7,7.6,9.3,30,217,5,5
2021,Volvo,XC40 T5 AWD,Véhicule utilitaire sport : petit,2.0,4,AS8,Z,10.7,7.7,9.4,30,219,5,5
2021,Volvo,XC60 T5 AWD,Véhicule utilitaire sport : petit,2.0,4,AS8,Z,11.1,8.3,9.9,29,230,5,5
2021,Volvo,XC60 T6 AWD,Véhicule utilitaire sport : petit,2.0,4,AS8,Z,11.7,8.6,10.3,27,240,5,7
2021,Volvo,XC90 T5 AWD,Véhicule utilitaire sport : ordinaire,2.0,4,AS8,Z,11.5,8.4,10.1,28,236,5,5
2021,Volvo,XC90 T6 AWD,Véhicule utilitaire sport : ordinaire,2.0,4,AS8,Z,12.1,8.5,10.5,27,245,5,7
2022,Acura,ILX,Compacte,2.4,4,AM8,Z,9.9,7.0,8.6,33,200,6,3
2022,Acura,MDX SH-AWD,Véhicule utilitaire sport : petit,3.5,6,AS10,Z,12.6,9.4,11.2,25,263,4,5
2022,Acura,MDX Type S,Véhicule utilitaire sport : ordinaire,3.0,6,AS10,Z,13.8,11.2,12.4,23,291,4,5
2022,Acura,NSX,Deux places,3.5,6,AM9,Z,11.1,10.8,11.0,26,256,5,3
2022,Acura,RDX SH-AWD,Véhicule utilitaire sport : petit,2.0,4,AS10,Z,11.0,8.6,9.9,29,232,5,6
2022,Acura,RDX SH-AWD A-SPEC,Véhicule utilitaire sport : petit,2.0,4,AS10,Z,11.3,9.1,10.3,27,242,5,6
2022,Acura,TLX SH-AWD,Compacte,2.0,4,AS10,Z,11.2,8.0,9.8,29,230,5,7
2022,Acura,TLX SH-AWD A-SPEC,Compacte,2.0,4,AS10,Z,11.3,8.1,9.8,29,231,5,7
2022,Acura,TLX Type S,Compacte,3.0,6,AS10,Z,12.3,9.4,11.0,26,256,5,5
2022,Acura,TLX Type S (Performance Tire),Compacte,3.0,6,AS10,Z,12.3,9.8,11.2,25,261,4,5
2022,Alfa Romeo,Giulia,Intermédiaire,2.0,4,A8,Z,10.0,7.2,8.7,32,205,6,3
2022,Alfa Romeo,Giulia AWD,Intermédiaire,2.0,4,A8,Z,10.5,7.7,9.2,31,217,5,3
2022,Alfa Romeo,Giulia Quadrifoglio,Intermédiaire,2.9,6,A8,Z,13.5,9.3,11.6,24,271,4,3
2022,Alfa Romeo,Stelvio,Véhicule utilitaire sport : petit,2.0,4,A8,Z,10.3,8.1,9.3,30,218,5,3
2022,Alfa Romeo,Stelvio AWD,Véhicule utilitaire sport : petit,2.0,4,A8,Z,10.8,8.3,9.6,29,226,5,3
2022,Alfa Romeo,Stelvio AWD Quadrifoglio,Véhicule utilitaire sport : petit,2.9,6,A8,Z,13.9,10.3,12.3,23,288,4,3
2022,Aston Martin,DB11 V8,Minicompacte,4.0,8,A8,Z,13.0,9.8,11.5,25,271,4,5
2022,Aston Martin,DB11 V12,Minicompacte,5.2,12,A8,Z,16.4,10.7,13.8,20,324,3,3
2022,Aston Martin,DBS V12,Minicompacte,5.2,12,A8,Z,16.4,10.7,13.8,20,324,3,3
2022,Aston Martin,DBX V8,Véhicule utilitaire sport : ordinaire,4.0,8,A9,Z,16.8,11.9,14.6,19,343,3,5
2022,Aston Martin,Vantage V8,Deux places,4.0,8,A8,Z,13.1,9.6,11.5,25,270,4,5
2022,Audi,A3 Sedan 40 TFSI quattro,Sous-compacte,2.0,4,AM7,X,8.5,6.6,7.6,37,178,7,7
2022,Audi,A4 Sedan 40 TFSI quattro,Compacte,2.0,4,AM7,Z,9.1,7.0,8.2,34,190,6,5
2022,Audi,A4 Sedan 45 TFSI quattro,Compacte,2.0,4,AM7,Z,9.8,7.6,8.8,32,205,6,5
2022,Audi,A4 allroad 45 TFSI quattro,Familiale : petite,2.0,4,AM7,Z,9.8,7.9,8.9,32,208,6,5
2022,Audi,A5 Cabriolet 45 TFSI quattro,Sous-compacte,2.0,4,AM7,Z,10.4,7.5,9.1,31,214,5,5
2022,Audi,A5 Coupe 45 TFSI quattro,Sous-compacte,2.0,4,AM7,Z,9.8,7.6,8.8,32,205,6,5
2022,Audi,A5 Sportback 45 TFSI quattro,Intermédiaire,2.0,4,AM7,Z,9.8,7.6,8.8,32,205,6,5
2022,Audi,A6 Sedan 45 TFSI quattro,Intermédiaire,2.0,4,AM7,Z,10.2,7.4,8.9,32,208,6,5
2022,Audi,A6 Sedan 55 TFSI quattro,Intermédiaire,3.0,6,AM7,Z,11.1,7.8,9.6,29,224,5,5
2022,Audi,A6 allroad 55 TFSI quattro,Familiale : intermédiaire,3.0,6,AM7,Z,11.5,8.3,10.0,28,234,5,5
2022,Audi,A7 Sportback 55 TFSI quattro,Intermédiaire,3.0,6,AM7,Z,11.1,7.8,9.6,29,224,5,5
2022,Audi,A8 L Sedan 55 TFSI quattro,Grande berline,3.0,6,AS8,Z,12.6,8.3,10.6,27,248,5,5
2022,Audi,Q3 40 TFSI quattro,Véhicule utilitaire sport : petit,2.0,4,AS8,X,10.4,7.7,9.2,31,215,5,7
2022,Audi,Q3 45 TFSI quattro,Véhicule utilitaire sport : petit,2.0,4,AS8,X,11.4,8.3,10.0,28,233,5,7
2022,Audi,Q5 40 TFSI quattro,Véhicule utilitaire sport : petit,2.0,4,AM7,Z,10.3,8.1,9.3,30,217,5,5
2022,Audi,Q5 45 TFSI quattro,Véhicule utilitaire sport : petit,2.0,4,AM7,Z,10.3,8.4,9.4,30,220,5,5
2022,Audi,Q5 Sportback 45 TFSI quattro,Véhicule utilitaire sport : petit,2.0,4,AM7,Z,10.3,8.4,9.4,30,220,5,5
2022,Audi,Q7 45 TFSI quattro,Véhicule utilitaire sport : ordinaire,2.0,4,AS8,Z,12.0,9.4,10.8,26,252,5,3
2022,Audi,Q7 55 TFSI quattro,Véhicule utilitaire sport : ordinaire,3.0,6,AS8,Z,12.8,10.5,11.7,24,273,4,5
2022,Audi,Q8 55 TFSI quattro,Véhicule utilitaire sport : ordinaire,3.0,6,AS8,Z,12.8,10.5,11.7,24,273,4,5
2022,Audi,R8 Coupe Performance,Deux places,5.2,10,AM7,Z,16.7,10.3,13.8,20,322,3,1
2022,Audi,R8 Coupe Performance quattro,Deux places,5.2,10,AM7,Z,17.9,12.1,15.3,18,356,3,1
2022,Audi,R8 Spyder Performance,Deux places,5.2,10,AM7,Z,16.7,10.3,13.8,20,322,3,1
2022,Audi,R8 Spyder Performance quattro,Deux places,5.2,10,AM7,Z,17.9,12.1,15.3,18,356,3,1
2022,Audi,RS 5 Coupe quattro,Sous-compacte,2.9,6,AS8,Z,13.0,9.4,11.4,25,267,4,5
2022,Audi,RS 5 Sportback quattro,Intermédiaire,2.9,6,AS8,Z,13.1,9.4,11.4,25,268,4,5
2022,Audi,RS 6 Avant quattro,Familiale : intermédiaire,4.0,8,AS8,Z,16.1,10.7,13.7,21,319,3,3
2022,Audi,RS 7 Sportback quattro,Intermédiaire,4.0,8,AS8,Z,16.0,10.5,13.5,21,315,3,3
2022,Audi,RS Q8 quattro,Véhicule utilitaire sport : ordinaire,4.0,8,AS8,Z,18.0,12.3,15.4,18,360,2,3
2022,Audi,S3 Sedan quattro,Sous-compacte,2.0,4,AM7,Z,10.0,7.2,8.8,32,206,6,5
2022,Audi,S4 Sedan quattro,Compacte,3.0,6,AS8,Z,11.1,8.0,9.7,29,227,5,5
2022,Audi,S5 Cabriolet quattro,Sous-compacte,3.0,6,AS8,Z,11.3,8.4,10.0,28,233,5,5
2022,Audi,S5 Coupe quattro,Sous-compacte,3.0,6,AS8,Z,11.1,8.0,9.7,29,227,5,5
2022,Audi,S5 Sportback quattro,Intermédiaire,3.0,6,AS8,Z,11.1,8.0,9.7,29,227,5,5
2022,Audi,S6 Sedan quattro,Intermédiaire,2.9,6,AS8,Z,12.8,8.5,10.9,26,254,5,5
2022,Audi,S7 Sportback quattro,Intermédiaire,2.9,6,AS8,Z,12.8,8.5,10.9,26,254,5,5
2022,Audi,S8 Sedan quattro,Grande berline,4.0,8,AS8,Z,16.9,10.2,13.8,20,323,3,3
2022,Audi,SQ5 quattro,Véhicule utilitaire sport : petit,3.0,6,AS8,Z,12.5,9.7,11.2,25,262,4,5
2022,Audi,SQ5 Sportback quattro,Véhicule utilitaire sport : petit,3.0,6,AS8,Z,12.5,9.7,11.2,25,262,4,5
2022,Audi,SQ7 quattro,Véhicule utilitaire sport : ordinaire,4.0,8,AS8,Z,16.0,11.4,13.9,20,325,3,3
2022,Audi,SQ8 quattro,Véhicule utilitaire sport : ordinaire,4.0,8,AS8,Z,16.0,11.4,13.9,20,325,3,3
2022,Audi,TT Coupe 45 TFSI quattro,Sous-compacte,2.0,4,AM7,X,10.5,7.9,9.4,30,218,5,7
2022,Audi,TT Roadster 45 TFSI quattro,Deux places,2.0,4,AM7,X,10.5,7.9,9.4,30,218,5,7
2022,Audi,TTS Coupe quattro,Sous-compacte,2.0,4,AM7,Z,10.0,7.7,9.0,31,209,5,3
2022,Bentley,Bentayga,Véhicule utilitaire sport : ordinaire,4.0,8,AS8,Z,15.8,9.9,13.2,21,309,3,3
2022,Bentley,Bentayga Speed,Véhicule utilitaire sport : ordinaire,6.0,12,AS8,Z,19.0,13.0,16.3,17,383,2,3
2022,Bentley,Continental GT,Sous-compacte,4.0,8,AM8,Z,14.9,9.0,12.2,23,287,4,3
2022,Bentley,Continental GT Convertible,Minicompacte,4.0,8,AM8,Z,15.2,9.2,12.5,23,294,4,3
2022,Bentley,Continental GT Speed,Sous-compacte,6.0,12,AM8,Z,19.6,12.0,16.2,17,379,2,3
2022,Bentley,Continental GT Convertible Speed,Minicompacte,6.0,12,AM8,Z,20.3,12.9,17.0,17,395,2,3
2022,Bentley,Flying Spur,Intermédiaire,4.0,8,AM8,Z,15.5,11.6,13.7,21,323,3,3
2022,Bentley,Flying Spur,Intermédiaire,6.0,12,AM8,Z,19.2,12.2,16.0,18,373,2,3
2022,BMW,330i xDrive Sedan,Compacte,2.0,4,AS8,Z,9.5,6.9,8.3,34,195,6,7
2022,BMW,430i xDrive Cabriolet,Sous-compacte,2.0,4,AS8,Z,10.0,7.1,8.7,32,202,6,7
2022,BMW,430i xDrive Coupe,Sous-compacte,2.0,4,AS8,Z,10.0,7.1,8.7,32,202,6,7
2022,BMW,530i xDrive Sedan,Intermédiaire,2.0,4,AS8,Z,10.1,7.4,8.9,32,206,6,7
2022,BMW,540i xDrive Sedan,Grande berline,3.0,6,AS8,Z,10.5,8.1,9.4,30,219,5,5
2022,BMW,750i xDrive Sedan,Grande berline,4.4,8,AS8,Z,13.9,9.6,12.0,24,279,4,3
2022,BMW,750Li xDrive Sedan,Grande berline,4.4,8,AS8,Z,13.9,9.6,12.0,24,279,4,3
2022,BMW,Alpina B7,Grande berline,4.4,8,AS8,Z,13.9,9.6,12.0,24,279,4,3
2022,BMW,Alpina B8 Gran Coupe,Intermédiaire,4.4,8,AS8,Z,13.9,9.6,12.0,24,279,4,3
2022,BMW,Alpina XB7,Véhicule utilitaire sport : ordinaire,4.4,8,AS8,Z,15.7,11.5,13.8,20,321,3,3
2022,BMW,M235i xDrive Gran Coupe,Compacte,2.0,4,AS8,Z,10.4,7.8,9.2,31,214,5,3
2022,BMW,M240i xDrive Coupe,Sous-compacte,3.0,6,AS8,Z,10.4,7.5,9.1,31,212,5,5
2022,BMW,M3 Sedan,Compacte,3.0,6,M6,Z,14.7,10.1,12.6,22,293,4,5
2022,BMW,M3 Competition Sedan,Compacte,3.0,6,AS8,Z,14.5,10.2,12.6,22,292,4,5
2022,BMW,M3 Competition Sedan M xDrive,Compacte,3.0,6,AS8,Z,14.6,10.5,12.7,22,296,4,5
2022,BMW,M340i xDrive Sedan,Compacte,3.0,6,AS8,Z,10.4,7.7,9.2,31,214,5,5
2022,BMW,M4 Competition Cabriolet M xDrive,Sous-compacte,3.0,6,AS8,Z,15.1,10.4,12.9,22,301,3,5
2022,BMW,M4 Coupe,Sous-compacte,3.0,6,M6,Z,14.7,10.1,12.6,22,293,4,5
2022,BMW,M4 Competition Coupe,Sous-compacte,3.0,6,AS8,Z,14.5,10.2,12.6,22,292,4,5
2022,BMW,M4 Competition Coupe M xDrive,Sous-compacte,3.0,6,AS8,Z,14.6,10.5,12.7,22,296,4,5
2022,BMW,M440i xDrive Cabriolet,Sous-compacte,3.0,6,AS8,Z,10.4,7.4,9.1,31,211,5,5
2022,BMW,M440i xDrive Coupe,Sous-compacte,3.0,6,AS8,Z,10.4,7.7,9.2,31,214,5,5
2022,BMW,M440i xDrive Gran Coupe,Compacte,3.0,6,AS8,Z,10.9,8.0,9.6,29,224,5,5
2022,BMW,M5 Sedan,Intermédiaire,4.4,8,AS8,Z,16.1,11.0,13.8,20,322,3,3
2022,BMW,M5 Competition,Intermédiaire,4.4,8,AS8,Z,16.1,11.0,13.8,20,322,3,3
2022,BMW,M5 CS,Intermédiaire,4.4,8,AS8,Z,16.1,11.0,13.8,20,322,3,3
2022,BMW,M550i xDrive Sedan,Intermédiaire,4.4,8,AS8,Z,13.5,9.3,11.6,24,271,4,3
2022,BMW,M760i xDrive Sedan,Grande berline,6.6,12,AS8,Z,17.8,11.9,15.1,19,354,3,3
2022,BMW,M8 Cabriolet,Sous-compacte,4.4,8,AS8,Z,16.1,11.0,13.8,20,322,3,3
2022,BMW,M8 Cabriolet Competition,Sous-compacte,4.4,8,AS8,Z,16.1,11.0,13.8,20,322,3,3
2022,BMW,M8 Coupe,Sous-compacte,4.4,8,AS8,Z,16.1,11.0,13.8,20,322,3,3
2022,BMW,M8 Coupe Competition,Sous-compacte,4.4,8,AS8,Z,16.1,11.0,13.8,20,322,3,3
2022,BMW,M8 Gran Coupe,Intermédiaire,4.4,8,AS8,Z,16.1,11.0,13.8,20,322,3,3
2022,BMW,M8 Gran Coupe Competition,Intermédiaire,4.4,8,AS8,Z,16.1,11.0,13.8,20,322,3,3
2022,BMW,M850i xDrive Cabriolet,Sous-compacte,4.4,8,AS8,Z,13.9,9.6,12.0,24,279,4,3
2022,BMW,M850i xDrive Coupe,Sous-compacte,4.4,8,AS8,Z,13.5,9.3,11.6,24,271,4,3
2022,BMW,M850i xDrive Gran Coupe,Intermédiaire,4.4,8,AS8,Z,13.9,9.6,12.0,24,279,4,3
2022,BMW,X1 xDrive28i,Véhicule utilitaire sport : petit,2.0,4,AS8,Z,10.3,7.7,9.1,31,213,5,7
2022,BMW,X2 xDrive28i,Véhicule utilitaire sport : petit,2.0,4,AS8,Z,9.9,7.6,8.8,32,207,6,7
2022,BMW,X2 M35i,Véhicule utilitaire sport : petit,2.0,4,AS8,Z,9.9,7.6,8.9,32,207,6,3
2022,BMW,X3 xDrive30i,Véhicule utilitaire sport : petit,2.0,4,AS8,Z,11.0,8.5,9.9,29,230,5,7
2022,BMW,X3 M,Véhicule utilitaire sport : petit,3.0,6,AS8,Z,15.7,11.7,13.9,20,323,3,3
2022,BMW,X3 M Competition,Véhicule utilitaire sport : petit,3.0,6,AS8,Z,15.7,11.7,13.9,20,323,3,3
2022,BMW,X3 M40i,Véhicule utilitaire sport : petit,3.0,6,AS8,Z,11.2,9.1,10.3,27,241,5,5
2022,BMW,X4 xDrive30i,Véhicule utilitaire sport : petit,2.0,4,AS8,Z,11.0,8.5,9.9,29,230,5,7
2022,BMW,X4 M,Véhicule utilitaire sport : petit,3.0,6,AS8,Z,15.7,11.7,13.9,20,323,3,3
2022,BMW,X4 M Competition,Véhicule utilitaire sport : petit,3.0,6,AS8,Z,15.7,11.7,13.9,20,323,3,3
2022,BMW,X4 M40i,Véhicule utilitaire sport : petit,3.0,6,AS8,Z,11.2,9.1,10.3,27,241,5,5
2022,BMW,X5 xDrive40i,Véhicule utilitaire sport : ordinaire,3.0,6,AS8,Z,11.3,9.2,10.4,27,241,5,3
2022,BMW,X5 M,Véhicule utilitaire sport : ordinaire,4.4,8,AS8,Z,17.9,13.0,15.7,18,364,2,3
2022,BMW,X5 M Competition,Véhicule utilitaire sport : ordinaire,4.4,8,AS8,Z,17.9,13.0,15.7,18,364,2,3
2022,BMW,X5 M50i,Véhicule utilitaire sport : ordinaire,4.4,8,AS8,Z,14.4,10.6,12.7,22,302,3,3
2022,BMW,X6 xDrive40i,Véhicule utilitaire sport : ordinaire,3.0,6,AS8,Z,11.3,9.2,10.4,27,241,5,3
2022,BMW,X6 M,Véhicule utilitaire sport : ordinaire,4.4,8,AS8,Z,17.9,13.0,15.7,18,364,2,3
2022,BMW,X6 M Competition,Véhicule utilitaire sport : ordinaire,4.4,8,AS8,Z,17.9,13.0,15.7,18,364,2,3
2022,BMW,X6 M50i,Véhicule utilitaire sport : ordinaire,4.4,8,AS8,Z,14.4,10.6,12.7,22,302,3,3
2022,BMW,X7 xDrive40i,Véhicule utilitaire sport : ordinaire,3.0,6,AS8,Z,12.1,9.8,11.1,25,256,5,3
2022,BMW,X7 M50i,Véhicule utilitaire sport : ordinaire,4.4,8,AS8,Z,15.7,11.5,13.8,20,321,3,3
2022,BMW,Z4 sDrive30i,Deux places,2.0,4,AS8,Z,9.4,7.4,8.5,33,199,6,7
2022,BMW,Z4 M40i,Deux places,3.0,6,AS8,Z,10.8,8.1,9.6,29,223,5,5
2022,Bugatti,Chiron,Deux places,8.0,16,AM7,Z,26.8,16.6,22.2,13,522,1,1
2022,Bugatti,Chiron Pur Sport,Deux places,8.0,16,AM7,Z,30.3,20.9,26.1,11,608,1,1
2022,Bugatti,Chiron Super Sport,Deux places,8.0,16,AM7,Z,30.3,20.9,26.1,11,608,1,1
2022,Buick,Enclave,Véhicule utilitaire sport : ordinaire,3.6,6,A9,X,13.0,9.1,11.2,25,263,4,6
2022,Buick,Enclave AWD,Véhicule utilitaire sport : ordinaire,3.6,6,A9,X,13.6,9.6,11.8,24,277,4,6
2022,Buick,Encore,Véhicule utilitaire sport : petit,1.4,4,AS6,X,9.7,7.3,8.6,33,201,6,7
2022,Buick,Encore AWD,Véhicule utilitaire sport : petit,1.4,4,AS6,X,10.2,7.7,9.1,31,214,5,7
2022,Buick,Encore GX,Véhicule utilitaire sport : petit,1.2,3,AV,X,8.0,7.6,7.8,36,184,6,7
2022,Buick,Encore GX,Véhicule utilitaire sport : petit,1.3,3,AV,X,8.2,7.4,7.9,36,185,6,7
2022,Buick,Encore GX AWD,Véhicule utilitaire sport : petit,1.3,3,A9,X,9.0,8.3,8.6,33,202,6,7
2022,Buick,Envision,Véhicule utilitaire sport : petit,2.0,4,AS9,X,10.0,7.6,8.9,32,209,5,7
2022,Buick,Envision AWD,Véhicule utilitaire sport : petit,2.0,4,AS9,X,10.5,8.2,9.5,30,220,5,7
2022,Cadillac,CT4,Compacte,2.0,4,AS8,Z,10.2,7.0,8.8,32,206,6,7
2022,Cadillac,CT4,Compacte,2.7,4,AS10,Z,11.0,7.6,9.5,30,221,5,6
2022,Cadillac,CT4 AWD,Compacte,2.0,4,AS8,Z,10.5,7.6,9.2,31,216,5,7
2022,Cadillac,CT4 AWD,Compacte,2.7,4,AS10,Z,11.4,8.2,10.0,28,233,5,6
2022,Cadillac,CT4-V,Compacte,2.7,4,AS10,Z,11.9,8.2,10.2,28,239,5,6
2022,Cadillac,CT4-V AWD,Compacte,2.7,4,AS10,Z,12.0,8.4,10.4,27,244,5,6
2022,Cadillac,CT4-V Blackwing,Compacte,3.6,6,AS10,Z,15.0,9.7,12.6,22,297,4,5
2022,Cadillac,CT4-V Blackwing,Compacte,3.6,6,M6,Z,15.2,10.2,13.0,22,303,3,5
2022,Cadillac,CT5,Intermédiaire,2.0,4,AS10,Z,10.3,7.1,8.8,32,207,6,7
2022,Cadillac,CT5,Intermédiaire,3.0,6,AS10,Z,12.4,8.7,10.7,26,252,5,5
2022,Cadillac,CT5 AWD,Intermédiaire,2.0,4,AS10,Z,10.9,7.8,9.5,30,222,5,7
2022,Cadillac,CT5 AWD,Intermédiaire,3.0,6,AS10,Z,12.8,9.1,11.1,25,260,4,5
2022,Cadillac,CT5-V,Intermédiaire,3.0,6,AS10,Z,12.8,8.7,11.0,26,258,4,5
2022,Cadillac,CT5-V AWD,Intermédiaire,3.0,6,AS10,Z,12.8,9.1,11.1,25,260,4,5
2022,Cadillac,CT5-V Blackwing,Intermédiaire,6.2,8,AS10,Z,18.1,10.7,14.8,19,346,3,3
2022,Cadillac,CT5-V Blackwing,Intermédiaire,6.2,8,M6,Z,18.3,11.4,15.2,19,356,3,3
2022,Cadillac,Escalade 4WD,Véhicule utilitaire sport : ordinaire,3.0,6,A10,D,11.7,9.0,10.5,27,281,4,3
2022,Cadillac,Escalade 4WD,Véhicule utilitaire sport : ordinaire,6.2,8,A10,Z,16.3,12.7,14.7,19,345,3,6
2022,Cadillac,Escalade 4WD (No Stop-Start),Véhicule utilitaire sport : ordinaire,6.2,8,A10,Z,17.0,12.7,15.1,19,353,3,6
2022,Cadillac,XT4,Véhicule utilitaire sport : petit,2.0,4,AS9,Z,10.0,7.8,9.0,31,211,5,7
2022,Cadillac,XT4 AWD,Véhicule utilitaire sport : petit,2.0,4,AS9,Z,10.9,8.2,9.7,29,225,5,7
2022,Cadillac,XT5,Véhicule utilitaire sport : petit,2.0,4,AS9,Z,10.8,8.2,9.6,29,225,5,7
2022,Cadillac,XT5 AWD,Véhicule utilitaire sport : petit,2.0,4,AS9,Z,11.2,8.7,10.1,28,237,5,7
2022,Cadillac,XT5 AWD,Véhicule utilitaire sport : petit,3.6,6,AS9,X,12.9,9.2,11.2,25,263,4,6
2022,Cadillac,XT6 AWD,Véhicule utilitaire sport : petit,2.0,4,AS9,Z,11.2,9.0,10.2,28,239,5,7
2022,Cadillac,XT6 AWD,Véhicule utilitaire sport : petit,3.6,6,AS9,X,13.1,9.5,11.5,25,269,4,6
2022,Chevrolet,Blazer,Véhicule utilitaire sport : petit,2.0,4,A9,X,10.6,8.0,9.4,30,221,5,7
2022,Chevrolet,Blazer,Véhicule utilitaire sport : petit,3.6,6,A9,X,12.3,8.8,10.7,26,252,5,6
2022,Chevrolet,Blazer AWD,Véhicule utilitaire sport : petit,2.0,4,A9,X,10.8,8.7,9.9,29,232,5,7
2022,Chevrolet,Blazer AWD,Véhicule utilitaire sport : petit,3.6,6,A9,X,12.6,9.2,11.0,26,259,4,6
2022,Chevrolet,Camaro,Sous-compacte,2.0,4,AS8,Z,10.9,7.8,9.5,30,222,5,5
2022,Chevrolet,Camaro,Sous-compacte,2.0,4,M6,Z,12.6,8.0,10.5,27,239,5,5
2022,Chevrolet,Camaro,Sous-compacte,3.6,6,AS10,X,12.8,8.1,10.7,26,251,5,6
2022,Chevrolet,Camaro,Sous-compacte,3.6,6,M6,X,14.4,9.1,12.0,24,281,4,6
2022,Chevrolet,Camaro SS,Sous-compacte,6.2,8,AS10,Z,14.6,8.9,12.0,24,281,4,1
2022,Chevrolet,Camaro SS,Sous-compacte,6.2,8,M6,Z,14.9,9.9,12.6,22,296,4,1
2022,Chevrolet,Camaro ZL1,Sous-compacte,6.2,8,AS10,Z,18.3,11.2,15.1,19,355,3,1
2022,Chevrolet,Camaro ZL1,Sous-compacte,6.2,8,M6,Z,17.2,12.0,14.9,19,349,3,1
2022,Chevrolet,Colorado,Camionnette : petite,2.5,4,A6,X,12.2,9.4,10.9,26,257,5,6
2022,Chevrolet,Colorado,Camionnette : petite,2.8,4,A6,D,11.8,7.9,10.1,28,270,4,3
2022,Chevrolet,Colorado,Camionnette : petite,3.6,6,A8,X,12.9,9.3,11.3,25,263,4,6
2022,Chevrolet,Colorado 4WD,Camionnette : petite,2.5,4,A6,X,12.6,9.9,11.4,25,267,4,6
2022,Chevrolet,Colorado 4WD,Camionnette : petite,2.8,4,A6,D,12.2,8.4,10.5,27,283,4,3
2022,Chevrolet,Colorado 4WD,Camionnette : petite,3.6,6,A8,X,14.0,9.9,12.1,23,283,4,6
2022,Chevrolet,Colorado ZR2 4WD,Camionnette : petite,2.8,4,A6,D,13.3,10.6,12.1,23,326,3,3
2022,Chevrolet,Colorado ZR2 4WD,Camionnette : petite,3.6,6,A8,X,15.0,13.0,14.1,20,329,3,6
2022,Chevrolet,Corvette,Deux places,6.2,8,AS8,Z,15.1,9.6,12.6,22,297,4,5
2022,Chevrolet,Equinox,Véhicule utilitaire sport : petit,1.5,4,A6,X,8.9,7.7,8.4,34,198,6,7
2022,Chevrolet,Equinox AWD,Véhicule utilitaire sport : petit,1.5,4,A6,X,9.4,8.0,8.8,32,208,6,7
2022,Chevrolet,Malibu,Intermédiaire,1.5,4,AV,X,8.2,6.6,7.5,38,175,7,7
2022,Chevrolet,Malibu,Intermédiaire,2.0,4,A9,Z,10.7,7.1,9.1,31,213,5,5
2022,Chevrolet,Silverado,Camionnette : ordinaire,2.7,4,A8,X,12.5,10.6,11.6,24,274,4,6
2022,Chevrolet,Silverado,Camionnette : ordinaire,3.0,6,A10,D,10.2,7.5,8.9,32,240,5,3
2022,Chevrolet,Silverado FFV,Camionnette : ordinaire,5.3,8,A6,X,16.2,12.3,14.5,19,341,3,3
2022,Chevrolet,Silverado FFV,Camionnette : ordinaire,5.3,8,A6,E,21.5,16.0,19.1,15,321,3,3
2022,Chevrolet,Silverado,Camionnette : ordinaire,5.3,8,A8,X,15.1,11.3,13.4,21,314,3,6
2022,Chevrolet,Silverado,Camionnette : ordinaire,5.3,8,A10,X,14.4,11.3,13.0,22,304,3,6
2022,Chevrolet,Silverado 4WD,Camionnette : ordinaire,2.7,4,A8,X,13.9,12.0,13.1,22,306,3,6
2022,Chevrolet,Silverado 4WD Mud Terrain Tire,Camionnette : ordinaire,2.7,4,A8,X,14.7,13.1,14.0,20,328,3,6
2022,Chevrolet,Silverado 4WD,Camionnette : ordinaire,3.0,6,A10,D,10.9,9.1,10.1,28,272,4,3
2022,Chevrolet,Silverado 4WD (With Sport Mode),Camionnette : ordinaire,3.0,6,A10,D,10.5,9.1,9.9,29,265,4,3
2022,Chevrolet,Silverado 4WD Mud Terrain Tire,Camionnette : ordinaire,3.0,6,A10,D,11.8,10.3,11.2,25,298,4,3
2022,Chevrolet,Silverado 4WD FFV,Camionnette : ordinaire,5.3,8,A6,X,16.5,12.8,14.8,19,347,3,3
2022,Chevrolet,Silverado 4WD FFV,Camionnette : ordinaire,5.3,8,A6,E,22.0,16.4,19.5,14,326,3,3
2022,Chevrolet,Silverado 4WD Mud Terrain Tire FFV,Camionnette : ordinaire,5.3,8,A6,X,17.4,14.7,16.2,17,380,2,3
2022,Chevrolet,Silverado 4WD Mud Terrain Tire FFV,Camionnette : ordinaire,5.3,8,A6,E,23.1,19.6,21.5,13,358,2,3
2022,Chevrolet,Silverado 4WD,Camionnette : ordinaire,5.3,8,A8,X,15.6,11.9,13.9,20,327,3,6
2022,Chevrolet,Silverado 4WD Mud Terrain Tire,Camionnette : ordinaire,5.3,8,A8,X,16.9,13.3,15.3,18,359,2,6
2022,Chevrolet,Silverado 4WD,Camionnette : ordinaire,5.3,8,A10,X,14.7,11.8,13.4,21,314,3,6
2022,Chevrolet,Silverado 4WD (No DFM),Camionnette : ordinaire,5.3,8,A10,X,16.8,12.4,14.8,19,347,3,6
2022,Chevrolet,Silverado 4WD (With Sport Mode),Camionnette : ordinaire,5.3,8,A10,X,15.3,12.3,13.9,20,327,3,6
2022,Chevrolet,Silverado 4WD (No Stop-Start),Camionnette : ordinaire,5.3,8,A10,X,16.1,12.4,14.4,20,339,3,6
2022,Chevrolet,Silverado 4WD Mud Terrain Tire,Camionnette : ordinaire,5.3,8,A10,X,16.6,14.0,15.4,18,361,2,6
2022,Chevrolet,Silverado 4WD Mud Terrain Tire (No Stop-Start),Camionnette : ordinaire,5.3,8,A10,X,16.8,13.9,15.5,18,364,2,6
2022,Chevrolet,Silverado 4WD Mud Terrain Tire (No DFM),Camionnette : ordinaire,5.3,8,A10,X,18.1,13.8,16.2,17,381,2,6
2022,Chevrolet,Silverado 4WD,Camionnette : ordinaire,6.2,8,A10,Z,15.7,11.9,14.0,20,329,3,6
2022,Chevrolet,Silverado 4WD (No Stop-Start),Camionnette : ordinaire,6.2,8,A10,Z,16.6,12.3,14.7,19,345,3,6
2022,Chevrolet,Silverado 4WD Custom Trail Boss,Camionnette : ordinaire,6.2,8,A10,Z,16.5,13.2,15.0,19,352,3,6
2022,Chevrolet,Silverado 4WD Mud Terrain Tire,Camionnette : ordinaire,6.2,8,A10,Z,16.5,13.2,15.0,19,352,3,6
2022,Chevrolet,Silverado 4WD Mud Terrain Tire (No Stop-Start),Camionnette : ordinaire,6.2,8,A10,Z,18.2,14.2,16.4,17,385,2,6
2022,Chevrolet,Silverado 4WD ZR2,Camionnette : ordinaire,6.2,8,A10,Z,16.7,14.1,15.5,18,366,2,6
2022,Chevrolet,Spark,Sous-compacte,1.4,4,AV,X,7.7,6.2,7.0,40,165,7,5
2022,Chevrolet,Spark,Sous-compacte,1.4,4,M5,X,8.0,6.2,7.2,39,170,7,5
2022,Chevrolet,Suburban,Véhicule utilitaire sport : ordinaire,3.0,6,A10,D,11.2,8.7,10.1,28,272,4,3
2022,Chevrolet,Suburban,Véhicule utilitaire sport : ordinaire,5.3,8,A10,X,15.8,11.8,14.0,20,327,3,6
2022,Chevrolet,Suburban (No Stop-Start),Véhicule utilitaire sport : ordinaire,5.3,8,A10,X,16.0,11.9,14.1,20,332,3,6
2022,Chevrolet,Suburban 4WD,Véhicule utilitaire sport : ordinaire,3.0,6,A10,D,11.7,9.0,10.5,27,281,4,3
2022,Chevrolet,Suburban 4WD,Véhicule utilitaire sport : ordinaire,5.3,8,A10,X,15.9,12.4,14.3,20,336,3,6
2022,Chevrolet,Suburban 4WD (No Stop-Start),Véhicule utilitaire sport : ordinaire,5.3,8,A10,X,17.0,12.7,15.1,19,354,3,6
2022,Chevrolet,Suburban 4WD,Véhicule utilitaire sport : ordinaire,6.2,8,A10,Z,16.3,12.7,14.7,19,345,3,6
2022,Chevrolet,Suburban 4WD (No Stop-Start),Véhicule utilitaire sport : ordinaire,6.2,8,A10,Z,17.0,12.7,15.1,19,353,3,6
2022,Chevrolet,Tahoe,Véhicule utilitaire sport : ordinaire,3.0,6,A10,D,11.0,8.4,9.8,29,263,4,3
2022,Chevrolet,Tahoe,Véhicule utilitaire sport : ordinaire,5.3,8,A10,X,15.8,11.8,14.0,20,327,3,6
2022,Chevrolet,Tahoe (No Stop-Start),Véhicule utilitaire sport : ordinaire,5.3,8,A10,X,16.0,11.9,14.1,20,332,3,6
2022,Chevrolet,Tahoe 4WD,Véhicule utilitaire sport : ordinaire,3.0,6,A10,D,11.7,9.0,10.5,27,281,4,3
2022,Chevrolet,Tahoe 4WD,Véhicule utilitaire sport : ordinaire,5.3,8,A10,X,15.8,11.8,14.0,20,327,3,6
2022,Chevrolet,Tahoe 4WD (No Stop-Start),Véhicule utilitaire sport : ordinaire,5.3,8,A10,X,17.0,12.7,15.1,19,354,3,6
2022,Chevrolet,Tahoe 4WD,Véhicule utilitaire sport : ordinaire,6.2,8,A10,Z,16.3,12.7,14.7,19,345,3,6
2022,Chevrolet,Tahoe 4WD (No Stop-Start),Véhicule utilitaire sport : ordinaire,6.2,8,A10,Z,17.0,12.7,15.1,19,353,3,6
2022,Chevrolet,Trailblazer,Véhicule utilitaire sport : petit,1.2,3,AV,X,8.0,7.6,7.8,36,184,6,7
2022,Chevrolet,Trailblazer,Véhicule utilitaire sport : petit,1.3,3,AV,X,8.0,7.2,7.6,37,178,7,7
2022,Chevrolet,Trailblazer AWD,Véhicule utilitaire sport : petit,1.3,3,A9,X,8.9,7.8,8.4,34,197,6,7
2022,Chevrolet,Traverse,Véhicule utilitaire sport : ordinaire,3.6,6,A9,X,13.0,8.8,11.1,25,260,4,6
2022,Chevrolet,Traverse AWD,Véhicule utilitaire sport : ordinaire,3.6,6,A9,X,13.6,9.6,11.8,24,277,4,6
2022,Chevrolet,Trax,Véhicule utilitaire sport : petit,1.4,4,AS6,X,9.7,7.3,8.6,33,201,6,7
2022,Chevrolet,Trax AWD,Véhicule utilitaire sport : petit,1.4,4,AS6,X,10.2,7.7,9.1,31,214,5,7
2022,Chrysler,300,Grande berline,3.6,6,A8,X,12.4,7.8,10.3,27,242,5,5
2022,Chrysler,300,Grande berline,5.7,8,A8,X,14.7,9.4,12.3,23,289,4,3
2022,Chrysler,300 AWD,Grande berline,3.6,6,A8,X,12.8,8.7,11.0,26,258,4,5
2022,Chrysler,Grand Caravan,Fourgonnette,3.6,6,A9,X,12.4,8.4,10.6,27,249,5,5
2022,Chrysler,Pacifica,Fourgonnette,3.6,6,A9,X,12.4,8.4,10.6,27,249,5,5
2022,Chrysler,Pacifica AWD,Fourgonnette,3.6,6,A9,X,14.1,9.4,12.0,24,279,4,5
2022,Dodge,Challenger,Intermédiaire,3.6,6,A8,X,12.4,7.8,10.3,27,242,5,5
2022,Dodge,Challenger (MDS),Intermédiaire,5.7,8,A8,X,14.7,9.4,12.3,23,289,4,3
2022,Dodge,Challenger,Intermédiaire,5.7,8,M6,Z,15.6,10.1,13.1,22,307,3,1
2022,Dodge,Challenger (MDS),Intermédiaire,6.4,8,A8,Z,15.8,9.6,13.0,22,305,3,1
2022,Dodge,Challenger,Intermédiaire,6.4,8,M6,Z,16.7,10.4,13.9,20,325,3,1
2022,Dodge,Challenger AWD,Intermédiaire,3.6,6,A8,X,12.8,8.7,11.0,26,258,4,5
2022,Dodge,Challenger Widebody (MDS),Intermédiaire,6.4,8,A8,Z,15.8,9.6,13.0,22,305,3,1
2022,Dodge,Challenger Widebody,Intermédiaire,6.4,8,M6,Z,16.7,10.4,13.9,20,325,3,1
2022,Dodge,Challenger SRT Hellcat,Intermédiaire,6.2,8,A8,Z,17.6,10.7,14.5,19,339,3,1
2022,Dodge,Challenger SRT Hellcat,Intermédiaire,6.2,8,M6,Z,18.1,11.4,15.1,19,352,3,1
2022,Dodge,Challenger SRT Hellcat Widebody,Intermédiaire,6.2,8,A8,Z,18.6,11.3,15.3,18,359,2,1
2022,Dodge,Challenger SRT Hellcat Widebody,Intermédiaire,6.2,8,M6,Z,18.1,11.4,15.1,19,352,3,1
2022,Dodge,Charger,Grande berline,3.6,6,A8,X,12.4,7.8,10.3,27,242,5,5
2022,Dodge,Charger (MDS),Grande berline,5.7,8,A8,X,14.7,9.4,12.3,23,289,4,3
2022,Dodge,Charger (MDS),Grande berline,6.4,8,A8,Z,15.8,9.6,13.0,22,305,3,1
2022,Dodge,Charger AWD,Grande berline,3.6,6,A8,X,12.8,8.7,11.0,26,258,4,5
2022,Dodge,Charger Widebody (MDS),Grande berline,6.4,8,A8,Z,15.8,9.6,13.0,22,305,3,1
2022,Dodge,Charger SRT Hellcat Widebody,Grande berline,6.2,8,A8,Z,19.0,11.5,15.6,18,368,2,1
2022,Dodge,Durango AWD,Véhicule utilitaire sport : ordinaire,3.6,6,A8,X,12.7,9.6,11.3,25,265,4,7
2022,Dodge,Durango AWD,Véhicule utilitaire sport : ordinaire,5.7,8,A8,X,16.7,10.9,14.1,20,331,3,5
2022,Dodge,Durango AWD SRT,Véhicule utilitaire sport : ordinaire,6.4,8,A8,Z,18.3,12.2,15.6,18,363,2,1
2022,FIAT,500X AWD,Véhicule utilitaire sport : petit,1.3,4,A9,X,10.0,7.9,9.1,31,221,5,6
2022,Ford,Bronco 4WD,Véhicule utilitaire sport : petit,2.3,4,AS10,X,12.1,11.2,11.7,24,275,4,5
2022,Ford,Bronco 4WD,Véhicule utilitaire sport : petit,2.3,4,M7,X,12.1,11.4,11.8,24,277,4,5
2022,Ford,Bronco 4WD,Véhicule utilitaire sport : petit,2.7,6,AS10,X,12.8,11.9,12.4,23,291,4,6
2022,Ford,Bronco Badlands 4WD,Véhicule utilitaire sport : petit,2.3,4,AS10,X,13.5,14.0,13.7,21,323,3,5
2022,Ford,Bronco Badlands 4WD,Véhicule utilitaire sport : petit,2.3,4,M7,X,14.9,13.5,14.3,20,336,3,5
2022,Ford,Bronco Badlands 4WD,Véhicule utilitaire sport : petit,2.7,6,AS10,X,14.1,14.1,14.1,20,331,3,6
2022,Ford,Bronco Black Diamond 4WD,Véhicule utilitaire sport : petit,2.3,4,AS10,X,13.1,13.1,13.1,22,308,3,5
2022,Ford,Bronco Black Diamond 4WD,Véhicule utilitaire sport : petit,2.3,4,M7,X,13.8,12.4,13.2,21,310,3,5
2022,Ford,Bronco Raptor 4WD,Véhicule utilitaire sport : ordinaire,3.0,6,AS10,X,15.7,14.8,15.3,18,358,2,6
2022,Ford,Bronco Sasquatch 4WD,Véhicule utilitaire sport : petit,2.3,4,AS10,X,13.1,13.8,13.4,21,314,3,5
2022,Ford,Bronco Sasquatch 4WD,Véhicule utilitaire sport : petit,2.3,4,M7,X,13.8,13.1,13.5,21,317,3,5
2022,Ford,Bronco Sasquatch 4WD,Véhicule utilitaire sport : petit,2.7,6,AS10,X,14.1,14.1,14.1,20,331,3,6
2022,Ford,Bronco Sport 4WD,Véhicule utilitaire sport : petit,1.5,3,A8,X,9.3,8.4,8.9,32,209,5,7
2022,Ford,Bronco Sport 4WD,Véhicule utilitaire sport : petit,2.0,4,AS8,X,11.1,9.0,10.2,27,240,5,5
2022,Ford,EcoSport AWD,Véhicule utilitaire sport : petit,2.0,4,AS6,X,10.4,8.0,9.3,30,219,5,5
2022,Ford,Edge AWD,Véhicule utilitaire sport : petit,2.0,4,A8,X,11.5,8.4,10.1,28,238,5,6
2022,Ford,Edge AWD,Véhicule utilitaire sport : petit,2.0,4,AS8,X,11.6,8.5,10.2,28,239,5,6
2022,Ford,Edge AWD,Véhicule utilitaire sport : petit,2.7,6,AS8,X,12.6,9.3,11.2,25,262,4,5
2022,Ford,Escape,Véhicule utilitaire sport : petit,1.5,3,A8,X,8.5,6.8,7.8,36,182,6,7
2022,Ford,Escape AWD,Véhicule utilitaire sport : petit,1.5,3,A8,X,9.0,7.6,8.4,34,198,6,7
2022,Ford,Escape AWD,Véhicule utilitaire sport : petit,2.0,4,A8,X,10.5,7.5,9.2,31,216,5,5
2022,Ford,Escape Hybrid,Véhicule utilitaire sport : petit,2.5,4,AV,X,5.4,6.3,5.8,49,136,8,7
2022,Ford,Escape Hybrid AWD,Véhicule utilitaire sport : petit,2.5,4,AV,X,5.5,6.4,5.9,48,139,8,7
2022,Ford,Expedition 4X4,Véhicule utilitaire sport : ordinaire,3.5,6,AS10,X,14.8,10.6,12.9,22,304,3,6
2022,Ford,Expedition 4X4 (Without Stop-Start),Véhicule utilitaire sport : ordinaire,3.5,6,AS10,X,15.4,11.2,13.5,21,317,3,6
2022,Ford,Expedition Timberline 4X4,Véhicule utilitaire sport : ordinaire,3.5,6,AS10,X,14.5,12.3,13.5,21,317,3,6
2022,Ford,Expedition Timberline 4X4 (Without Stop-Start),Véhicule utilitaire sport : ordinaire,3.5,6,AS10,X,15.2,12.3,13.9,20,326,3,6
2022,Ford,Explorer AWD,Véhicule utilitaire sport : ordinaire,2.3,4,A10,X,11.7,8.6,10.3,27,242,5,6
2022,Ford,Explorer AWD (Without Stop-Start),Véhicule utilitaire sport : ordinaire,2.3,4,A10,X,12.0,9.0,10.7,26,252,5,6
2022,Ford,Explorer Timberline AWD,Véhicule utilitaire sport : ordinaire,2.3,4,AS10,X,12.2,10.5,11.5,25,269,4,6
2022,Ford,Explorer Timberline AWD (Without Stop-Start),Véhicule utilitaire sport : ordinaire,2.3,4,AS10,X,12.5,11.0,11.8,24,277,4,6
2022,Ford,Explorer AWD,Véhicule utilitaire sport : ordinaire,3.0,6,A10,X,13.4,9.8,11.8,24,277,4,5
2022,Ford,Explorer AWD,Véhicule utilitaire sport : ordinaire,3.0,6,AS10,X,13.4,9.8,11.8,24,277,4,5
2022,Ford,Explorer Hybrid AWD,Véhicule utilitaire sport : ordinaire,3.3,6,AS10,X,10.1,9.0,9.6,29,225,5,6
2022,Ford,F-150,Camionnette : ordinaire,2.7,6,AS10,X,12.1,9.4,10.9,26,256,5,6
2022,Ford,F-150 (Without Stop-Start),Camionnette : ordinaire,2.7,6,AS10,X,13.5,10.1,12.0,24,282,4,6
2022,Ford,F-150 FFV,Camionnette : ordinaire,3.3,6,AS10,X,12.1,9.8,11.1,25,260,4,6
2022,Ford,F-150 FFV,Camionnette : ordinaire,3.3,6,AS10,E,16.8,12.8,15.0,19,249,5,6
2022,Ford,F-150,Camionnette : ordinaire,3.5,6,AS10,X,13.1,9.9,11.7,24,275,4,6
2022,Ford,F-150 (Without Stop-Start),Camionnette : ordinaire,3.5,6,AS10,X,13.7,10.0,12.0,24,281,4,6
2022,Ford,F-150 FFV,Camionnette : ordinaire,5.0,8,AS10,X,14.4,10.8,12.8,22,300,3,5
2022,Ford,F-150 FFV,Camionnette : ordinaire,5.0,8,AS10,E,20.8,14.3,17.9,16,298,4,5
2022,Ford,F-150 FFV (Without Stop-Start),Camionnette : ordinaire,5.0,8,AS10,X,14.7,10.6,12.9,22,302,3,5
2022,Ford,F-150 FFV (Without Stop-Start),Camionnette : ordinaire,5.0,8,AS10,E,20.1,14.1,17.4,16,289,4,5
2022,Ford,F-150 4X4,Camionnette : ordinaire,2.7,6,AS10,X,12.9,10.1,11.7,24,274,4,6
2022,Ford,F-150 4X4 FFV,Camionnette : ordinaire,3.3,6,AS10,X,12.6,10.7,11.8,24,277,4,6
2022,Ford,F-150 4X4 FFV,Camionnette : ordinaire,3.3,6,AS10,E,17.3,13.1,15.4,18,256,5,6
2022,Ford,F-150 4X4,Camionnette : ordinaire,3.5,6,AS10,X,13.5,10.3,12.1,23,284,4,6
2022,Ford,F-150 4X4 (Without Stop-Start),Camionnette : ordinaire,3.5,6,AS10,X,14.6,11.0,13.0,22,304,3,6
2022,Ford,F-150 4X4 FFV,Camionnette : ordinaire,5.0,8,AS10,X,14.7,10.8,12.9,22,304,3,5
2022,Ford,F-150 4X4 FFV,Camionnette : ordinaire,5.0,8,AS10,E,21.2,14.2,18.1,16,301,3,5
2022,Ford,F-150 4X4 FFV (Without Stop-Start),Camionnette : ordinaire,5.0,8,AS10,X,15.1,10.7,13.1,22,308,3,5
2022,Ford,F-150 4X4 FFV (Without Stop-Start),Camionnette : ordinaire,5.0,8,AS10,E,20.7,14.2,17.8,16,295,4,5
2022,Ford,F-150 Raptor 4X4,Camionnette : ordinaire,3.5,6,AS10,X,15.8,13.2,14.6,19,344,3,6
2022,Ford,F-150 Raptor 4X4 (Without Stop-Start),Camionnette : ordinaire,3.5,6,AS10,X,16.8,13.2,15.2,19,357,2,6
2022,Ford,F-150 Raptor 37 4X4,Camionnette : ordinaire,3.5,6,AS10,X,16.0,14.4,15.3,18,359,2,6
2022,Ford,F-150 Raptor 37 4X4 (Without Stop-Start),Camionnette : ordinaire,3.5,6,AS10,X,16.6,14.8,15.8,18,370,2,6
2022,Ford,F-150 Tremor 4X4,Camionnette : ordinaire,3.5,6,AS10,X,14.3,11.8,13.2,21,310,3,6
2022,Ford,F-150 Tremor 4X4 (Without Stop-Start),Camionnette : ordinaire,3.5,6,AS10,X,14.7,11.7,13.3,21,313,3,6
2022,Ford,F-150 Hybrid,Camionnette : ordinaire,3.5,6,AS10,X,9.8,9.7,9.7,29,228,5,6
2022,Ford,F-150 Hybrid 4X4,Camionnette : ordinaire,3.5,6,AS10,X,10.3,10.0,10.2,28,238,5,6
2022,Ford,GT,Deux places,3.5,6,AM7,Z,19.9,12.8,16.7,17,395,2,3
2022,Ford,Maverick AWD,Camionnette : petite,2.0,4,A8,X,10.7,8.1,9.6,29,226,5,5
2022,Ford,Maverick Hybrid,Camionnette : petite,2.5,4,AV,X,5.6,7.1,6.3,45,147,8,6
2022,Ford,Mustang,Sous-compacte,2.3,4,A10,X,11.0,7.4,9.3,30,220,5,5
2022,Ford,Mustang,Sous-compacte,2.3,4,AS10,X,11.4,7.9,9.8,29,231,5,5
2022,Ford,Mustang (High Performance),Sous-compacte,2.3,4,AS10,X,11.7,8.6,10.3,27,242,5,5
2022,Ford,Mustang,Sous-compacte,2.3,4,M6,X,11.5,8.2,10.0,28,236,5,5
2022,Ford,Mustang (High Performance),Sous-compacte,2.3,4,M6,X,11.9,8.7,10.5,27,246,5,5
2022,Ford,Mustang,Sous-compacte,5.0,8,AS10,X,15.2,9.7,12.7,22,298,4,3
2022,Ford,Mustang,Sous-compacte,5.0,8,M6,X,16.1,10.1,13.4,21,314,3,3
2022,Ford,Mustang Convertible,Sous-compacte,2.3,4,A10,X,11.7,8.1,10.1,28,237,5,5
2022,Ford,Mustang Convertible,Sous-compacte,2.3,4,AS10,X,12.0,8.5,10.4,27,244,5,5
2022,Ford,Mustang Convertible (High Performance),Sous-compacte,2.3,4,AS10,X,12.1,8.9,10.7,26,252,5,5
2022,Ford,Mustang Convertible,Sous-compacte,2.3,4,M6,X,11.8,8.6,10.4,27,244,5,5
2022,Ford,Mustang Convertible (High Performance),Sous-compacte,2.3,4,M6,X,12.3,9.2,10.9,26,256,5,5
2022,Ford,Mustang Convertible,Sous-compacte,5.0,8,AS10,X,15.8,10.4,13.4,21,314,3,3
2022,Ford,Mustang Mach 1,Sous-compacte,5.0,8,AS10,X,15.2,10.1,12.9,22,302,3,3
2022,Ford,Mustang Mach 1,Sous-compacte,5.0,8,M6,X,17.1,11.2,14.5,19,339,3,3
2022,Ford,Ranger 4WD,Camionnette : ordinaire,2.3,4,AS10,X,11.9,9.7,10.9,26,256,5,6
2022,Ford,Ranger 4WD (Without Stop-Start),Camionnette : ordinaire,2.3,4,AS10,X,12.4,9.7,11.2,25,262,4,6
2022,Ford,Ranger 4WD Tremor,Camionnette : ordinaire,2.3,4,AS10,X,12.4,12.3,12.4,23,291,4,3
2022,Ford,Shelby GT500 Mustang,Sous-compacte,5.2,8,AM7,Z,19.9,12.7,16.7,17,392,2,3
2022,Ford,Transit Connect Van,Véhicule à usage spécial,2.0,4,AS8,X,9.8,8.9,9.4,30,221,5,6
2022,Ford,Transit Connect Van FFV,Véhicule à usage spécial,2.0,4,AS8,X,9.8,8.9,9.4,30,221,5,5
2022,Ford,Transit Connect Van FFV,Véhicule à usage spécial,2.0,4,AS8,E,13.3,11.9,12.7,22,211,5,5
2022,Ford,Transit Connect Van,Véhicule à usage spécial,2.5,4,AS6,X,12.0,8.9,10.6,27,249,5,5
2022,Ford,Transit Connect Wagon LWB,Véhicule à usage spécial,2.0,4,AS8,X,10.0,8.3,9.2,31,216,5,6
2022,Ford,Transit Connect Wagon LWB FFV,Véhicule à usage spécial,2.0,4,AS8,X,10.0,8.3,9.2,31,216,5,5
2022,Ford,Transit Connect Wagon LWB FFV,Véhicule à usage spécial,2.0,4,AS8,E,14.7,11.3,13.2,21,219,5,5
2022,Ford,Transit Connect Wagon LWB,Véhicule à usage spécial,2.5,4,AS6,X,12.1,9.0,10.6,27,249,5,5
2022,Genesis,G70 AWD,Compacte,2.0,4,AS8,Z,11.4,8.2,10.0,28,236,5,3
2022,Genesis,G70 AWD,Compacte,3.3,6,AS8,Z,13.5,9.1,11.5,25,273,4,3
2022,Genesis,G80 AWD,Grande berline,2.5,4,AS8,Z,10.8,7.9,9.5,30,225,5,5
2022,Genesis,G80 AWD,Grande berline,3.5,6,AS8,Z,14.8,9.9,12.6,22,298,4,5
2022,Genesis,G90 AWD,Grande berline,5.0,8,AS8,Z,15.0,10.1,12.8,22,303,3,5
2022,Genesis,GV70 AWD,Véhicule utilitaire sport : petit,2.5,4,AS8,Z,10.7,8.4,9.7,29,229,5,5
2022,Genesis,GV70 AWD,Véhicule utilitaire sport : petit,3.5,6,AS8,Z,12.9,10.0,11.6,24,275,4,5
2022,Genesis,GV80 AWD,Véhicule utilitaire sport : ordinaire,2.5,4,AS8,Z,11.3,9.5,10.5,27,248,5,5
2022,Genesis,GV80 AWD,Véhicule utilitaire sport : ordinaire,3.5,6,AS8,Z,12.9,10.4,11.8,24,279,4,5
2022,GMC,Acadia,Véhicule utilitaire sport : ordinaire,2.0,4,A9,X,10.6,8.0,9.4,30,221,5,7
2022,GMC,Acadia,Véhicule utilitaire sport : ordinaire,3.6,6,A9,X,12.3,8.8,10.7,26,252,5,6
2022,GMC,Acadia AWD,Véhicule utilitaire sport : ordinaire,2.0,4,A9,X,10.8,8.7,9.9,29,232,5,7
2022,GMC,Acadia AWD,Véhicule utilitaire sport : ordinaire,3.6,6,A9,X,12.6,9.2,11.0,26,259,4,6
2022,GMC,Canyon,Camionnette : petite,2.5,4,A6,X,12.2,9.4,10.9,26,257,5,6
2022,GMC,Canyon,Camionnette : petite,2.8,4,A6,D,11.8,7.9,10.1,28,270,4,3
2022,GMC,Canyon,Camionnette : petite,3.6,6,A8,X,12.9,9.3,11.3,25,263,4,6
2022,GMC,Canyon 4WD,Camionnette : petite,2.5,4,A6,X,12.6,9.9,11.4,25,267,4,6
2022,GMC,Canyon 4WD,Camionnette : petite,2.8,4,A6,D,12.2,8.4,10.5,27,283,4,3
2022,GMC,Canyon 4WD,Camionnette : petite,3.6,6,A8,X,14.0,9.9,12.1,23,283,4,6
2022,GMC,Sierra,Camionnette : ordinaire,2.7,4,A8,X,12.5,10.6,11.6,24,274,4,6
2022,GMC,Sierra,Camionnette : ordinaire,3.0,6,A10,D,10.2,7.8,9.1,31,245,5,3
2022,GMC,Sierra FFV,Camionnette : ordinaire,5.3,8,A6,X,16.2,12.3,14.5,19,341,3,3
2022,GMC,Sierra FFV,Camionnette : ordinaire,5.3,8,A6,E,21.5,16.0,19.1,15,321,3,3
2022,GMC,Sierra,Camionnette : ordinaire,5.3,8,A8,X,15.1,11.3,13.4,21,314,3,6
2022,GMC,Sierra,Camionnette : ordinaire,5.3,8,A10,X,14.4,11.3,13.0,22,305,3,6
2022,GMC,Sierra 4WD,Camionnette : ordinaire,2.7,4,A8,X,13.9,12.0,13.1,22,306,3,6
2022,GMC,Sierra 4WD Mud Terrain Tire,Camionnette : ordinaire,2.7,4,A8,X,14.7,13.1,14.0,20,328,3,6
2022,GMC,Sierra 4WD,Camionnette : ordinaire,3.0,6,A10,D,10.5,9.1,9.9,29,265,4,3
2022,GMC,Sierra 4WD Mud Terrain Tire,Camionnette : ordinaire,3.0,6,A10,D,11.8,10.3,11.2,25,298,4,3
2022,GMC,Sierra 4WD FFV,Camionnette : ordinaire,5.3,8,A6,X,16.5,12.8,14.8,19,347,3,3
2022,GMC,Sierra 4WD FFV,Camionnette : ordinaire,5.3,8,A6,E,22.0,16.4,19.5,14,326,3,3
2022,GMC,Sierra 4WD Mud Terrain Tire FFV,Camionnette : ordinaire,5.3,8,A6,X,17.4,14.7,16.2,17,380,2,3
2022,GMC,Sierra 4WD Mud Terrain Tire FFV,Camionnette : ordinaire,5.3,8,A6,E,23.1,19.6,21.5,13,358,2,3
2022,GMC,Sierra 4WD,Camionnette : ordinaire,5.3,8,A8,X,15.6,11.9,13.9,20,327,3,6
2022,GMC,Sierra 4WD Mud Terrain Tire,Camionnette : ordinaire,5.3,8,A8,X,16.9,13.3,15.3,18,359,2,6
2022,GMC,Sierra 4WD,Camionnette : ordinaire,5.3,8,A10,X,14.9,12.0,13.6,21,318,3,6
2022,GMC,Sierra 4WD (No DFM),Camionnette : ordinaire,5.3,8,A10,X,16.8,12.4,14.8,19,347,3,6
2022,GMC,Sierra 4WD (With Sport Mode),Camionnette : ordinaire,5.3,8,A10,X,15.4,12.3,14.0,20,329,3,6
2022,GMC,Sierra 4WD (No Stop-Start),Camionnette : ordinaire,5.3,8,A10,X,16.1,12.4,14.4,20,338,3,6
2022,GMC,Sierra 4WD Mud Terrain Tire,Camionnette : ordinaire,5.3,8,A10,X,16.6,14.0,15.4,18,360,2,6
2022,GMC,Sierra 4WD Mud Terrain Tire (No DFM),Camionnette : ordinaire,5.3,8,A10,X,18.1,13.8,16.2,17,381,2,6
2022,GMC,Sierra 4WD,Camionnette : ordinaire,6.2,8,A10,Z,15.7,11.9,14.0,20,329,3,6
2022,GMC,Sierra 4WD (No Stop-Start),Camionnette : ordinaire,6.2,8,A10,Z,16.6,12.3,14.7,19,345,3,6
2022,GMC,Sierra 4WD Mud Terrain Tire,Camionnette : ordinaire,6.2,8,A10,Z,16.5,13.2,15.0,19,352,3,6
2022,GMC,Sierra 4WD Mud Terrain Tire (No Stop-Start),Camionnette : ordinaire,6.2,8,A10,Z,18.2,14.2,16.4,17,385,2,6
2022,GMC,Terrain,Véhicule utilitaire sport : petit,1.5,4,A9,X,9.2,7.8,8.6,33,202,6,7
2022,GMC,Terrain AWD,Véhicule utilitaire sport : petit,1.5,4,A9,X,9.6,8.3,9.0,31,212,5,7
2022,GMC,Yukon,Véhicule utilitaire sport : ordinaire,3.0,6,A10,D,11.2,8.7,10.1,28,272,4,3
2022,GMC,Yukon,Véhicule utilitaire sport : ordinaire,5.3,8,A10,X,15.8,11.8,14.0,20,327,3,6
2022,GMC,Yukon (No Stop-Start),Véhicule utilitaire sport : ordinaire,5.3,8,A10,X,16.0,11.9,14.1,20,332,3,6
2022,GMC,Yukon 4WD,Véhicule utilitaire sport : ordinaire,3.0,6,A10,D,11.7,9.0,10.5,27,281,4,3
2022,GMC,Yukon 4WD,Véhicule utilitaire sport : ordinaire,5.3,8,A10,X,15.8,11.8,14.0,20,327,3,6
2022,GMC,Yukon 4WD (No Stop-Start),Véhicule utilitaire sport : ordinaire,5.3,8,A10,X,17.0,12.7,15.1,19,354,3,6
2022,GMC,Yukon 4WD,Véhicule utilitaire sport : ordinaire,6.2,8,A10,Z,16.3,12.7,14.7,19,345,3,6
2022,GMC,Yukon 4WD (No Stop-Start),Véhicule utilitaire sport : ordinaire,6.2,8,A10,Z,17.0,12.7,15.1,19,353,3,6
2022,GMC,Yukon XL,Véhicule utilitaire sport : ordinaire,3.0,6,A10,D,11.2,8.7,10.1,28,272,4,3
2022,GMC,Yukon XL,Véhicule utilitaire sport : ordinaire,5.3,8,A10,X,15.8,11.8,14.0,20,327,3,6
2022,GMC,Yukon XL (No Stop-Start),Véhicule utilitaire sport : ordinaire,5.3,8,A10,X,16.0,11.9,14.1,20,332,3,6
2022,GMC,Yukon XL 4WD,Véhicule utilitaire sport : ordinaire,3.0,6,A10,D,11.7,9.0,10.5,27,281,4,3
2022,GMC,Yukon XL 4WD,Véhicule utilitaire sport : ordinaire,5.3,8,A10,X,15.9,12.4,14.3,20,336,3,6
2022,GMC,Yukon XL 4WD (No Stop-Start),Véhicule utilitaire sport : ordinaire,5.3,8,A10,X,17.0,12.7,15.1,19,354,3,6
2022,GMC,Yukon XL 4WD,Véhicule utilitaire sport : ordinaire,6.2,8,A10,Z,16.3,12.7,14.7,19,345,3,6
2022,GMC,Yukon XL 4WD (No Stop-Start),Véhicule utilitaire sport : ordinaire,6.2,8,A10,Z,17.0,12.7,15.1,19,353,3,6
2022,Honda,Accord,Grande berline,1.5,4,AV,X,7.8,6.5,7.2,39,168,7,7
2022,Honda,Accord Sport/Touring,Grande berline,1.5,4,AV7,X,8.1,6.8,7.5,38,176,7,7
2022,Honda,Accord Sport/Touring,Grande berline,2.0,4,AS10,X,10.4,7.4,9.1,31,211,5,7
2022,Honda,Accord Hybrid,Grande berline,2.0,4,AV,X,5.0,5.0,5.0,56,117,9,7
2022,Honda,Accord Hybrid Sport/Touring,Grande berline,2.0,4,AV,X,5.3,5.7,5.5,51,129,8,7
2022,Honda,Civic Hatchback,Grande berline,1.5,4,AV7,X,7.7,6.3,7.1,40,166,7,7
2022,Honda,Civic Hatchback,Grande berline,1.5,4,M6,X,8.5,6.3,7.5,38,175,7,6
2022,Honda,Civic Hatchback,Grande berline,2.0,4,AV,X,8.0,6.2,7.2,39,167,7,7
2022,Honda,Civic Hatchback,Grande berline,2.0,4,M6,X,9.1,6.6,8.0,35,186,6,6
2022,Honda,Civic Sedan,Intermédiaire,1.5,4,AV7,X,7.6,6.1,6.9,41,162,7,7
2022,Honda,Civic Sedan,Intermédiaire,2.0,4,AV,X,7.7,6.0,6.9,41,162,7,7
2022,Honda,Civic Sedan,Intermédiaire,2.0,4,AV7,X,7.8,6.3,7.1,40,165,7,7
2022,Honda,Civic Sedan Si,Intermédiaire,1.5,4,M6,Z,8.7,6.4,7.7,37,180,7,6
2022,Honda,CR-V,Véhicule utilitaire sport : petit,1.5,4,AV,X,8.3,7.0,7.7,37,180,7,6
2022,Honda,CR-V AWD,Véhicule utilitaire sport : petit,1.5,4,AV,X,8.7,7.4,8.1,35,189,6,6
2022,Honda,HR-V,Familiale : petite,1.8,4,AV,X,8.4,7.0,7.8,36,181,6,5
2022,Honda,HR-V AWD,Familiale : petite,1.8,4,AV,X,8.8,7.5,8.2,34,193,6,5
2022,Honda,HR-V AWD,Familiale : petite,1.8,4,AV7,X,9.1,7.7,8.5,33,200,6,5
2022,Honda,Odyssey,Fourgonnette,3.5,6,AS10,X,12.2,8.5,10.6,27,248,5,5
2022,Honda,Passport AWD,Véhicule utilitaire sport : petit,3.5,6,AS9,X,12.5,9.8,11.3,25,265,4,3
2022,Honda,Pilot AWD,Véhicule utilitaire sport : petit,3.5,6,AS9,X,12.4,9.3,11.0,26,256,5,3
2022,Honda,Pilot AWD TrailSport,Véhicule utilitaire sport : petit,3.5,6,AS9,X,12.3,9.5,11.1,25,260,4,3
2022,Honda,Ridgeline AWD,Camionnette : ordinaire,3.5,6,AS9,X,12.8,9.9,11.5,25,271,4,3
2022,Hyundai,Elantra,Intermédiaire,1.6,4,AM7,X,8.4,6.6,7.6,37,179,7,5
2022,Hyundai,Elantra,Intermédiaire,2.0,4,AV1,X,7.6,5.7,6.7,42,158,7,5
2022,Hyundai,Elantra (ISG),Intermédiaire,2.0,4,AV1,X,7.1,5.5,6.4,44,151,7,5
2022,Hyundai,Elantra,Intermédiaire,2.0,4,M6,X,9.1,6.3,7.8,36,185,6,5
2022,Hyundai,Elantra N,Intermédiaire,2.0,4,AM8,Z,12.1,7.9,10.2,28,241,5,3
2022,Hyundai,Elantra N,Intermédiaire,2.0,4,M6,Z,10.9,7.7,9.4,30,223,5,3
2022,Hyundai,Elantra Hybrid Blue,Intermédiaire,1.6,4,AM6,X,4.5,4.2,4.4,64,103,9,7
2022,Hyundai,IONIQ,Grande berline,1.6,4,AM6,X,4.3,4.1,4.2,67,99,9,7
2022,Hyundai,IONIQ Blue,Grande berline,1.6,4,AM6,X,4.0,3.9,4.0,71,94,10,7
2022,Hyundai,Kona,Véhicule utilitaire sport : petit,1.6,4,AM7,X,8.0,6.8,7.5,38,176,7,5
2022,Hyundai,Kona,Véhicule utilitaire sport : petit,2.0,4,AV,X,8.0,6.6,7.4,38,174,7,7
2022,Hyundai,Kona N,Véhicule utilitaire sport : petit,2.0,4,AM8,Z,11.8,8.7,10.4,27,246,5,3
2022,Hyundai,Kona AWD,Véhicule utilitaire sport : petit,1.6,4,AM7,X,8.8,7.4,8.2,34,193,6,5
2022,Hyundai,Kona AWD,Véhicule utilitaire sport : petit,2.0,4,AV,X,8.5,7.2,7.9,36,187,6,7
2022,Hyundai,Palisade AWD,Véhicule utilitaire sport : ordinaire,3.8,6,AS8,X,12.3,9.6,11.1,25,265,4,5
2022,Hyundai,Santa Cruz AWD,Camionnette : petite,2.5,4,AM8,X,12.1,8.6,10.6,27,250,5,5
2022,Hyundai,Santa Fe AWD,Véhicule utilitaire sport : petit,2.5,4,AM8,X,11.0,8.5,9.9,29,233,5,5
2022,Hyundai,Santa Fe AWD,Véhicule utilitaire sport : petit,2.5,4,AS8,X,10.6,9.3,10.0,28,235,5,7
2022,Hyundai,Santa Fe Hybrid,Véhicule utilitaire sport : petit,1.6,4,AM6,X,7.1,7.9,7.4,38,176,7,7
2022,Hyundai,Sonata,Grande berline,1.6,4,AS8,X,8.8,6.4,7.7,37,183,6,5
2022,Hyundai,Sonata,Grande berline,2.5,4,AM8,X,10.1,7.2,8.8,32,208,6,5
2022,Hyundai,Sonata,Grande berline,2.5,4,AS8,X,8.8,6.4,7.7,37,182,6,7
2022,Hyundai,Sonata Hybrid,Grande berline,2.0,4,AM6,X,5.3,4.6,5.0,56,117,9,7
2022,Hyundai,Tucson,Véhicule utilitaire sport : petit,2.5,4,AS8,X,9.1,7.1,8.2,34,194,6,5
2022,Hyundai,Tucson AWD,Véhicule utilitaire sport : petit,2.5,4,AS8,X,9.9,8.0,9.0,31,214,5,5
2022,Hyundai,Tucson Hybrid,Véhicule utilitaire sport : petit,1.6,4,AM6,X,6.3,6.6,6.4,44,152,7,7
2022,Hyundai,Veloster N,Compacte,2.0,4,AM8,Z,12.0,8.6,10.5,27,248,5,3
2022,Hyundai,Veloster N,Compacte,2.0,4,M6,Z,10.6,8.3,9.5,30,226,5,3
2022,Hyundai,Venue,Intermédiaire,1.6,4,AV1,X,7.9,6.9,7.5,38,176,7,5
2022,Hyundai,Venue,Intermédiaire,1.6,4,M6,X,8.6,6.8,7.8,36,184,6,5
2022,Infiniti,Q50 AWD,Intermédiaire,3.0,6,AS7,Z,12.5,8.7,10.8,26,254,5,3
2022,Infiniti,Q50 AWD Red Sport,Intermédiaire,3.0,6,AS7,Z,12.5,9.3,11.1,25,261,4,3
2022,Infiniti,Q60 AWD,Sous-compacte,3.0,6,AS7,Z,12.3,8.7,10.7,26,252,5,3
2022,Infiniti,Q60 AWD Red Sport,Sous-compacte,3.0,6,AS7,Z,12.5,9.2,11.0,26,259,4,3
2022,Infiniti,QX50 AWD,Véhicule utilitaire sport : petit,2.0,4,AV8,Z,10.8,8.3,9.7,29,228,5,6
2022,Infiniti,QX55 AWD,Véhicule utilitaire sport : petit,2.0,4,AV8,Z,10.5,8.3,9.5,30,223,5,6
2022,Infiniti,QX60 AWD,Véhicule utilitaire sport : ordinaire,3.5,6,AS9,Z,11.9,9.5,10.8,26,253,5,5
2022,Infiniti,QX80 4WD,Véhicule utilitaire sport : ordinaire,5.6,8,AS7,Z,17.5,12.2,15.1,19,355,3,3
2022,Jaguar,E-PACE P250,Véhicule utilitaire sport : petit,2.0,4,AS9,Z,11.5,9.2,10.4,27,247,5,7
2022,Jaguar,E-PACE P300,Véhicule utilitaire sport : petit,2.0,4,AS9,Z,11.2,9.2,10.3,27,245,5,7
2022,Jaguar,F-PACE P250,Véhicule utilitaire sport : petit,2.0,4,AS8,Z,10.7,8.8,9.9,29,227,5,7
2022,Jaguar,F-PACE P340,Véhicule utilitaire sport : petit,3.0,6,AS8,Z,12.0,8.8,10.6,27,250,5,7
2022,Jaguar,F-PACE P400,Véhicule utilitaire sport : petit,3.0,6,AS8,Z,12.1,9.1,10.8,26,253,5,7
2022,Jaguar,F-PACE SVR,Véhicule utilitaire sport : petit,5.0,8,AS8,Z,15.5,11.0,13.5,21,316,3,3
2022,Jaguar,F-TYPE P450 Convertible,Deux places,5.0,8,AS8,Z,14.1,9.7,12.1,23,286,4,3
2022,Jaguar,F-TYPE P450 Convertible AWD,Deux places,5.0,8,AS8,Z,15.2,9.8,12.7,22,299,3,3
2022,Jaguar,F-TYPE P450 Coupe,Deux places,5.0,8,AS8,Z,14.1,9.7,12.1,23,286,4,3
2022,Jaguar,F-TYPE P450 Coupe AWD,Deux places,5.0,8,AS8,Z,15.2,9.8,12.7,22,299,3,3
2022,Jaguar,F-TYPE R Convertible AWD,Deux places,5.0,8,AS8,Z,15.2,9.8,12.7,22,299,3,3
2022,Jaguar,F-TYPE R Coupe AWD,Deux places,5.0,8,AS8,Z,15.2,9.8,12.7,22,299,3,3
2022,Jaguar,XF P300 AWD,Intermédiaire,2.0,4,AS8,Z,10.6,7.7,9.3,30,219,5,7
2022,Jeep,Cherokee,Véhicule utilitaire sport : petit,2.0,4,A9,X,10.4,7.6,9.1,31,214,5,5
2022,Jeep,Cherokee,Véhicule utilitaire sport : petit,2.4,4,A9,X,10.8,7.5,9.3,30,219,5,6
2022,Jeep,Cherokee,Véhicule utilitaire sport : petit,3.2,6,A9,X,11.9,8.2,10.2,28,240,5,5
2022,Jeep,Cherokee 4X4 Active Drive I,Véhicule utilitaire sport : petit,2.0,4,A9,X,11.2,8.0,9.8,29,229,5,5
2022,Jeep,Cherokee 4X4 Active Drive I,Véhicule utilitaire sport : petit,2.4,4,A9,X,11.2,8.0,9.8,29,230,5,6
2022,Jeep,Cherokee 4X4 Active Drive I,Véhicule utilitaire sport : petit,3.2,6,A9,X,12.2,8.6,10.6,27,249,5,5
2022,Jeep,Cherokee 4X4 Active Drive Lock,Véhicule utilitaire sport : petit,3.2,6,A9,X,12.9,9.7,11.5,25,268,4,5
2022,Jeep,Compass,Véhicule utilitaire sport : petit,2.4,4,A6,X,10.6,7.6,9.3,30,218,5,6
2022,Jeep,Compass 4X4,Véhicule utilitaire sport : petit,2.4,4,A9,X,10.8,7.8,9.5,30,222,5,6
2022,Jeep,Gladiator 4X4 EcoDiesel,Camionnette : ordinaire,3.0,6,A8,D,10.8,8.5,9.8,29,263,4,1
2022,Jeep,Gladiator 4X4 Rubicon EcoDiesel,Camionnette : ordinaire,3.0,6,A8,D,11.0,8.7,10.0,28,271,4,1
2022,Jeep,Gladiator 4X4,Camionnette : ordinaire,3.6,6,A8,X,13.7,10.7,12.3,23,290,4,7
2022,Jeep,Gladiator 4X4,Camionnette : ordinaire,3.6,6,M6,X,14.3,10.4,12.6,22,296,4,5
2022,Jeep,Grand Cherokee 4X4,Véhicule utilitaire sport : ordinaire,3.6,6,A8,X,12.3,9.2,10.9,26,256,5,7
2022,Jeep,Grand Cherokee 4X4,Véhicule utilitaire sport : ordinaire,5.7,8,A8,X,16.7,10.9,14.1,20,331,3,5
2022,Jeep,Grand Cherokee L 4X4,Véhicule utilitaire sport : ordinaire,3.6,6,A8,X,13.0,9.4,11.3,25,266,4,7
2022,Jeep,Grand Cherokee L 4X4,Véhicule utilitaire sport : ordinaire,5.7,8,A8,X,16.7,10.9,14.1,20,331,3,5
2022,Jeep,Grand Cherokee WK 4X4,Véhicule utilitaire sport : ordinaire,3.6,6,A8,X,12.7,9.6,11.3,25,265,4,7
2022,Jeep,Grand Wagoneer 4X4,Véhicule utilitaire sport : ordinaire,3.0,6,A8,Z,16.3,11.8,14.3,20,334,3,5
2022,Jeep,Grand Wagoneer 4X4,Véhicule utilitaire sport : ordinaire,6.4,8,A8,Z,18.6,12.8,16.0,18,374,2,1
2022,Jeep,Renegade,Véhicule utilitaire sport : petit,1.3,4,A9,X,9.8,7.4,8.7,32,204,6,6
2022,Jeep,Renegade 4X4,Véhicule utilitaire sport : petit,1.3,4,A9,X,10.1,8.1,9.2,31,222,5,6
2022,Jeep,Renegade 4X4 Trailhawk,Véhicule utilitaire sport : petit,1.3,4,A9,X,10.8,8.7,9.9,29,231,5,6
2022,Jeep,Wagoneer 4X4,Véhicule utilitaire sport : ordinaire,5.7,8,A8,X,15.6,11.7,13.8,20,323,3,5
2022,Jeep,Wrangler JL 4X4,Véhicule utilitaire sport : petit,2.0,4,A8,X,10.7,9.8,10.3,27,241,5,5
2022,Jeep,Wrangler JL 4X4,Véhicule utilitaire sport : petit,3.6,6,A8,X,12.8,10.4,11.8,24,274,4,7
2022,Jeep,Wrangler JL 4X4 eTorque,Véhicule utilitaire sport : petit,3.6,6,A8,X,12.0,9.8,11.0,26,258,4,5
2022,Jeep,Wrangler JL 4X4,Véhicule utilitaire sport : petit,3.6,6,M6,X,13.7,9.6,11.8,24,277,4,5
2022,Jeep,Wrangler JL Unlimited 4X4,Véhicule utilitaire sport : petit,2.0,4,A8,X,11.5,9.9,10.8,26,251,5,5
2022,Jeep,Wrangler JL Unlimited 4X4 EcoDiesel,Véhicule utilitaire sport : petit,3.0,6,A8,D,10.6,8.1,9.5,30,255,5,1
2022,Jeep,Wrangler JL Unlimited 4X4 Rubicon EcoDiesel,Véhicule utilitaire sport : petit,3.0,6,A8,D,11.2,9.0,10.2,28,275,4,1
2022,Jeep,Wrangler JL Unlimited 4X4,Véhicule utilitaire sport : petit,3.6,6,A8,X,12.9,10.2,11.7,24,275,4,7
2022,Jeep,Wrangler JL Unlimited 4X4 eTorque,Véhicule utilitaire sport : petit,3.6,6,A8,X,12.3,9.9,11.2,25,262,4,5
2022,Jeep,Wrangler JL Unlimited 4X4,Véhicule utilitaire sport : petit,3.6,6,M6,X,13.8,10.1,12.2,23,285,4,5
2022,Jeep,Wrangler JL Unlimited 4X4,Véhicule utilitaire sport : petit,6.4,8,A8,Z,18.5,14.1,16.5,17,387,2,1
2022,Kia,Carnival,Fourgonnette,3.5,6,AS8,X,12.0,8.9,10.6,27,252,5,5
2022,Kia,Forte,Intermédiaire,1.6,4,AM7,X,8.7,6.6,7.8,36,184,6,5
2022,Kia,Forte,Intermédiaire,2.0,4,AV,X,7.9,5.9,7.0,40,165,7,5
2022,Kia,Forte,Intermédiaire,2.0,4,M6,X,8.8,6.1,7.6,37,178,7,5
2022,Kia,Forte 5,Grande berline,1.6,4,AM7,X,8.9,6.9,8.0,35,190,6,5
2022,Kia,Forte 5,Grande berline,2.0,4,AV,X,8.0,6.0,7.1,40,169,7,5
2022,Kia,K5,Grande berline,2.5,4,AM8,X,9.9,7.3,8.7,32,207,6,5
2022,Kia,K5 AWD,Grande berline,1.6,4,AS8,X,9.2,7.0,8.2,34,195,6,5
2022,Kia,Niro,Familiale : petite,1.6,4,AM6,X,4.4,4.9,4.6,61,110,9,7
2022,Kia,Niro FE,Familiale : petite,1.6,4,AM6,X,4.4,4.9,4.6,61,110,9,7
2022,Kia,Niro Touring,Familiale : petite,1.6,4,AM6,X,5.0,5.6,5.3,53,124,9,7
2022,Kia,Rio,Compacte,1.6,4,AV1,X,7.2,6.0,6.7,42,159,7,3
2022,Kia,Rio,Compacte,1.6,4,M6,X,7.7,6.1,7.0,40,166,7,3
2022,Kia,Seltos,Véhicule utilitaire sport : petit,2.0,4,AV8,X,8.2,7.1,7.7,37,182,6,5
2022,Kia,Seltos AWD,Véhicule utilitaire sport : petit,1.6,4,AM7,X,9.4,7.9,8.7,32,205,6,5
2022,Kia,Seltos AWD,Véhicule utilitaire sport : petit,2.0,4,AV8,X,8.8,7.6,8.2,34,195,6,5
2022,Kia,Sorento AWD,Véhicule utilitaire sport : petit,2.5,4,AM8,X,10.9,8.7,9.9,29,234,5,5
2022,Kia,Sorento AWD,Véhicule utilitaire sport : petit,2.5,4,AS8,X,10.1,9.2,9.7,29,227,5,5
2022,Kia,Sorento Hybrid AWD,Véhicule utilitaire sport : petit,1.6,4,AM6,X,6.4,7.0,6.6,43,157,7,7
2022,Kia,Soul,Familiale : petite,2.0,4,AV,X,8.5,7.0,7.9,36,187,6,7
2022,Kia,Sportage,Véhicule utilitaire sport : petit,2.4,4,AS6,X,10.1,7.6,9.0,31,214,5,5
2022,Kia,Sportage AWD,Véhicule utilitaire sport : petit,2.0,4,AS6,X,12.1,9.6,11.0,26,261,4,5
2022,Kia,Sportage AWD,Véhicule utilitaire sport : petit,2.4,4,AS6,X,10.8,9.1,10.0,28,238,5,5
2022,Kia,Stinger AWD,Intermédiaire,3.3,6,AS8,Z,13.7,9.6,11.9,24,280,4,3
2022,Kia,Telluride AWD,Véhicule utilitaire sport : petit,3.8,6,AS8,X,12.7,9.7,11.3,25,266,4,5
2022,Lamborghini,Aventador Countach,Deux places,6.5,12,AM7,Z,26.5,14.6,21.2,13,489,1,1
2022,Lamborghini,Aventador Ultimae Coupe,Deux places,6.5,12,AM7,Z,26.8,15.1,21.5,13,498,1,1
2022,Lamborghini,Aventador Ultimae Roadster,Deux places,6.5,12,AM7,Z,26.8,15.1,21.5,13,498,1,1
2022,Lamborghini,Huracan evo Coupe,Deux places,5.2,10,AM7,Z,18.0,12.9,15.7,18,371,2,1
2022,Lamborghini,Huracan evo Coupe AWD,Deux places,5.2,10,AM7,Z,18.0,12.9,15.7,18,370,2,1
2022,Lamborghini,Huracan evo Spyder,Deux places,5.2,10,AM7,Z,18.0,12.9,15.7,18,371,2,1
2022,Lamborghini,Huracan evo Spyder AWD,Deux places,5.2,10,AM7,Z,18.0,12.9,15.7,18,370,2,1
2022,Lamborghini,Urus,Véhicule utilitaire sport : ordinaire,4.0,8,AS8,Z,19.2,14.1,16.9,17,384,2,3
2022,Land Rover,Defender 90 P300,Véhicule utilitaire sport : ordinaire,2.0,4,AS8,Z,13.2,11.3,12.3,23,289,4,7
2022,Land Rover,Defender 90 P400,Véhicule utilitaire sport : ordinaire,3.0,6,AS8,Z,13.5,10.8,12.3,23,287,4,7
2022,Land Rover,Defender 90 5.0L V8,Véhicule utilitaire sport : ordinaire,5.0,8,AS8,Z,15.8,12.4,14.3,20,339,3,3
2022,Land Rover,Defender 110 P300,Véhicule utilitaire sport : ordinaire,2.0,4,AS8,Z,14.2,11.7,13.0,22,306,3,7
2022,Land Rover,Defender 110 P400,Véhicule utilitaire sport : ordinaire,3.0,6,AS8,Z,13.5,10.8,12.3,23,287,4,7
2022,Land Rover,Defender 110 5.0L V8,Véhicule utilitaire sport : ordinaire,5.0,8,AS8,Z,16.4,12.7,14.7,19,350,3,3
2022,Land Rover,Discovery P300,Véhicule utilitaire sport : ordinaire,2.0,4,AS8,Z,12.2,10.6,11.5,25,271,4,7
2022,Land Rover,Discovery P360,Véhicule utilitaire sport : ordinaire,3.0,6,AS8,Z,12.8,9.8,11.4,25,270,4,7
2022,Land Rover,Discovery Sport P250,Véhicule utilitaire sport : petit,2.0,4,AS9,Z,12.7,10.0,11.5,25,271,4,7
2022,Land Rover,New Range Rover P400,Véhicule utilitaire sport : ordinaire,3.0,6,AS8,Z,13.0,9.1,11.3,25,265,4,7
2022,Land Rover,New Range Rover P400 LWB,Véhicule utilitaire sport : ordinaire,3.0,6,AS8,Z,13.0,9.1,11.3,25,265,4,7
2022,Land Rover,New Range Rover P530,Véhicule utilitaire sport : ordinaire,4.4,8,AS8,Z,15.1,11.1,13.3,21,316,3,5
2022,Land Rover,New Range Rover P530 LWB,Véhicule utilitaire sport : ordinaire,4.4,8,AS8,Z,15.2,11.0,13.3,21,314,3,5
2022,Land Rover,Range Rover P360,Véhicule utilitaire sport : ordinaire,3.0,6,AS8,Z,13.3,10.2,11.9,24,279,4,7
2022,Land Rover,Range Rover P400,Véhicule utilitaire sport : ordinaire,3.0,6,AS8,Z,13.3,10.2,11.9,24,279,4,7
2022,Land Rover,Range Rover P525,Véhicule utilitaire sport : ordinaire,5.0,8,AS8,Z,14.4,11.3,13.0,22,305,3,3
2022,Land Rover,Range Rover P525 LWB,Véhicule utilitaire sport : ordinaire,5.0,8,AS8,Z,14.4,11.3,13.0,22,305,3,3
2022,Land Rover,Range Rover SVAutobiography,Véhicule utilitaire sport : ordinaire,5.0,8,AS8,Z,17.1,12.6,15.1,19,354,3,3
2022,Land Rover,Range Rover SVAutobiography LWB,Véhicule utilitaire sport : ordinaire,5.0,8,AS8,Z,17.9,12.7,15.5,18,365,2,3
2022,Land Rover,Range Rover Sport P360,Véhicule utilitaire sport : ordinaire,3.0,6,AS8,Z,12.7,9.9,11.4,25,269,4,7
2022,Land Rover,Range Rover Sport HST P400,Véhicule utilitaire sport : ordinaire,3.0,6,AS8,Z,12.7,9.9,11.4,25,269,4,7
2022,Land Rover,Range Rover Sport P525,Véhicule utilitaire sport : ordinaire,5.0,8,AS8,Z,14.1,10.7,12.6,22,294,4,3
2022,Land Rover,Range Rover Sport P575 SVR,Véhicule utilitaire sport : ordinaire,5.0,8,AS8,Z,16.2,12.0,14.3,20,336,3,3
2022,Land Rover,Range Rover Evoque P250,Véhicule utilitaire sport : petit,2.0,4,AS9,Z,11.9,8.8,10.5,27,247,5,7
2022,Land Rover,Range Rover Evoque P300,Véhicule utilitaire sport : petit,2.0,4,AS9,Z,11.3,9.1,10.3,27,244,5,7
2022,Land Rover,Range Rover Velar P250,Véhicule utilitaire sport : petit,2.0,4,AS8,Z,11.5,9.0,10.4,27,244,5,7
2022,Land Rover,Range Rover Velar P340,Véhicule utilitaire sport : petit,3.0,6,AS8,Z,11.8,9.0,10.5,27,248,5,7
2022,Land Rover,Range Rover Velar P400,Véhicule utilitaire sport : petit,3.0,6,AS8,Z,12.6,9.6,11.3,25,265,4,7
2022,Lexus,ES 250 AWD,Intermédiaire,2.5,4,AS8,X,9.5,7.0,8.4,34,195,6,6
2022,Lexus,ES 300h,Intermédiaire,2.5,4,AV6,X,5.5,5.2,5.3,53,124,9,7
2022,Lexus,ES 350,Intermédiaire,3.5,6,AS8,X,10.7,7.3,9.2,31,214,5,5
2022,Lexus,ES 350 F SPORT,Intermédiaire,3.5,6,AS8,X,10.9,7.5,9.4,30,219,5,5
2022,Lexus,GX 460,Véhicule utilitaire sport : ordinaire,4.6,8,AS6,Z,16.2,12.3,14.5,19,337,3,3
2022,Lexus,IS 300,Compacte,2.0,4,AS6,Z,11.0,7.6,9.5,30,221,5,5
2022,Lexus,IS 300 AWD,Compacte,3.5,6,AS6,Z,12.2,9.0,10.8,26,253,5,5
2022,Lexus,IS 350 AWD,Compacte,3.5,6,AS6,Z,12.2,9.0,10.8,26,253,5,5
2022,Lexus,IS 500,Compacte,5.0,8,AS8,Z,14.1,9.3,11.9,24,280,4,5
2022,Lexus,LC 500,Sous-compacte,5.0,8,AS10,Z,15.1,9.6,12.6,22,294,4,5
2022,Lexus,LC 500 Convertible,Minicompacte,5.0,8,AS10,Z,16.0,9.5,13.0,22,304,3,5
2022,Lexus,LC 500h,Sous-compacte,3.5,6,AV10,Z,9.0,7.1,8.1,35,189,6,7
2022,Lexus,LS 500 AWD,Intermédiaire,3.4,6,AS10,Z,13.8,8.7,11.2,25,270,4,5
2022,Lexus,LS 500h AWD,Intermédiaire,3.5,6,AV10,Z,10.1,8.1,9.2,31,216,5,7
2022,Lexus,LX 600,Véhicule utilitaire sport : ordinaire,3.4,6,AS10,Z,14.2,10.8,12.7,22,298,4,5
2022,Lexus,NX 250 AWD,Véhicule utilitaire sport : petit,2.5,4,AS8,X,9.4,7.4,8.4,34,198,6,6
2022,Lexus,NX 350 AWD,Véhicule utilitaire sport : petit,2.4,4,AS8,Z,10.5,8.3,9.5,30,221,5,7
2022,Lexus,NX 350 AWD F SPORT,Véhicule utilitaire sport : petit,2.4,4,AS8,Z,10.5,8.4,9.5,30,222,5,7
2022,Lexus,NX 350h AWD,Véhicule utilitaire sport : petit,2.5,4,AV6,Z,5.7,6.4,6.0,47,140,8,7
2022,Lexus,RC 300 AWD,Sous-compacte,3.5,6,AS6,Z,12.2,9.0,10.8,26,253,5,5
2022,Lexus,RC 350 AWD,Sous-compacte,3.5,6,AS6,Z,12.2,9.0,10.8,26,253,5,5
2022,Lexus,RC F,Sous-compacte,5.0,8,AS8,Z,14.4,9.6,12.2,23,285,4,5
2022,Lexus,RX 350 AWD,Véhicule utilitaire sport : petit,3.5,6,AS8,X,12.2,9.0,10.8,26,252,5,5
2022,Lexus,RX 350 L AWD,Véhicule utilitaire sport : petit,3.5,6,AS8,X,13.1,9.4,11.1,25,268,4,5
2022,Lexus,RX 450h AWD,Véhicule utilitaire sport : ordinaire,3.5,6,AV6,Z,7.5,8.4,7.9,36,185,6,7
2022,Lexus,RX 450h L AWD,Véhicule utilitaire sport : ordinaire,3.5,6,AV6,Z,8.1,8.4,8.1,35,190,6,7
2022,Lexus,UX 200,Intermédiaire,2.0,4,AS10,X,8.0,6.3,7.2,39,168,7,6
2022,Lexus,UX 250h AWD,Compacte,2.0,4,AV6,X,5.7,6.2,6.0,47,140,8,7
2022,Lincoln,Aviator AWD,Véhicule utilitaire sport : ordinaire,3.0,6,AS10,X,13.7,9.7,11.9,24,280,4,5
2022,Lincoln,Corsair AWD,Véhicule utilitaire sport : petit,2.0,4,AS8,X,11.1,8.1,9.8,29,229,5,5
2022,Lincoln,Corsair AWD,Véhicule utilitaire sport : petit,2.3,4,AS8,X,11.2,8.3,9.9,29,232,5,5
2022,Lincoln,Nautilus AWD,Véhicule utilitaire sport : petit,2.0,4,A8,X,11.8,9.4,10.7,26,252,5,6
2022,Lincoln,Nautilus AWD,Véhicule utilitaire sport : petit,2.0,4,AS8,X,11.8,9.4,10.7,26,251,5,6
2022,Lincoln,Nautilus AWD,Véhicule utilitaire sport : petit,2.7,6,AS8,X,12.6,9.3,11.2,25,262,4,5
2022,Lincoln,Navigator 4X4,Véhicule utilitaire sport : ordinaire,3.5,6,AS10,X,15.2,10.8,13.2,21,311,3,6
2022,Maserati,Ghibli GT,Intermédiaire,3.0,6,A8,Z,13.4,9.4,11.6,24,271,4,3
2022,Maserati,Ghibli Modena,Intermédiaire,3.0,6,A8,Z,13.4,9.4,11.6,24,271,4,3
2022,Maserati,Ghibli Modena AWD,Intermédiaire,3.0,6,A8,Z,14.8,9.8,12.6,22,293,4,3
2022,Maserati,Ghibli Trofeo,Intermédiaire,3.8,8,A8,Z,17.4,11.9,14.9,19,348,3,1
2022,Maserati,Levante GT,Véhicule utilitaire sport : ordinaire,3.0,6,A8,Z,15.1,10.9,13.2,21,308,3,3
2022,Maserati,Levante Modena,Véhicule utilitaire sport : ordinaire,3.0,6,A8,Z,15.1,10.9,13.2,21,308,3,3
2022,Maserati,Levante Modena V8,Véhicule utilitaire sport : ordinaire,3.8,8,A8,Z,17.4,12.0,15.0,19,349,3,1
2022,Maserati,Levante Trofeo,Véhicule utilitaire sport : ordinaire,3.8,8,A8,Z,17.4,12.0,15.0,19,349,3,1
2022,Maserati,MC20,Deux places,3.0,6,AS8,Z,15.4,9.5,12.8,22,295,4,5
2022,Maserati,Quattroporte GT,Grande berline,3.0,6,A8,Z,14.4,9.3,12.1,23,281,4,3
2022,Maserati,Quattroporte Modena,Grande berline,3.0,6,A8,Z,14.4,9.3,12.1,23,281,4,3
2022,Maserati,Quattroporte Modena AWD,Grande berline,3.0,6,A8,Z,14.8,9.8,12.6,22,293,4,3
2022,Maserati,Quattroporte Trofeo,Grande berline,3.8,8,A8,Z,17.4,11.9,14.9,19,348,3,1
2022,Mazda,CX-3,Compacte,2.0,4,AS6,X,8.3,6.9,7.7,37,179,7,3
2022,Mazda,CX-3 (SIL),Compacte,2.0,4,M6,X,8.8,7.0,8.0,35,186,6,3
2022,Mazda,CX-3 4WD,Compacte,2.0,4,AS6,X,8.6,7.4,8.1,35,189,6,3
2022,Mazda,CX-30 4WD,Véhicule utilitaire sport : petit,2.0,4,AS6,X,9.4,7.7,8.6,33,202,6,7
2022,Mazda,CX-30 4WD,Véhicule utilitaire sport : petit,2.5,4,AS6,X,9.9,7.7,8.9,32,208,6,7
2022,Mazda,CX-30 Turbo 4WD,Véhicule utilitaire sport : petit,2.5,4,AS6,X,10.5,7.9,9.3,30,220,5,5
2022,Mazda,CX-5 4WD,Véhicule utilitaire sport : petit,2.5,4,AS6,X,10.2,8.2,9.3,30,216,5,6
2022,Mazda,CX-5 4WD (Cylinder Deactivation),Véhicule utilitaire sport : petit,2.5,4,AS6,X,9.9,7.9,9.0,31,209,5,6
2022,Mazda,CX-5 Turbo 4WD,Véhicule utilitaire sport : petit,2.5,4,AS6,X,10.8,8.7,9.8,29,230,5,5
2022,Mazda,CX-9 4WD,Véhicule utilitaire sport : petit,2.5,4,AS6,X,11.6,9.0,10.4,27,243,5,5
2022,Mazda,Mazda3 4-Door,Compacte,2.0,4,AS6,X,8.4,6.6,7.6,37,178,7,7
2022,Mazda,Mazda3 4-Door (SIL),Compacte,2.0,4,M6,X,8.7,6.4,7.7,37,180,7,7
2022,Mazda,Mazda3 4-Door,Compacte,2.5,4,AS6,X,8.9,6.5,7.8,36,183,6,7
2022,Mazda,Mazda3 4-Door 4WD,Compacte,2.5,4,AS6,X,9.5,7.2,8.5,33,199,6,7
2022,Mazda,Mazda3 4-Door Turbo 4WD,Compacte,2.5,4,AS6,X,10.1,7.3,8.8,32,207,6,5
2022,Mazda,Mazda3 5-Door,Intermédiaire,2.0,4,AS6,X,8.6,6.7,7.7,37,181,7,7
2022,Mazda,Mazda3 5-Door (SIL),Intermédiaire,2.0,4,M6,X,8.7,6.6,7.8,36,181,6,7
2022,Mazda,Mazda3 5-Door,Intermédiaire,2.5,4,AS6,X,9.1,6.8,8.1,35,190,6,7
2022,Mazda,Mazda3 5-Door (SIL),Intermédiaire,2.5,4,M6,X,9.6,7.1,8.4,34,198,6,7
2022,Mazda,Mazda3 5-Door 4WD,Intermédiaire,2.5,4,AS6,X,9.5,7.4,8.6,33,200,6,7
2022,Mazda,Mazda3 5-Door Turbo 4WD,Intermédiaire,2.5,4,AS6,X,10.1,7.5,8.9,32,209,5,5
2022,Mazda,MX-5,Deux places,2.0,4,AS6,Z,9.0,6.6,7.9,36,186,6,3
2022,Mazda,MX-5 (SIL),Deux places,2.0,4,M6,Z,9.0,7.0,8.1,35,189,6,3
2022,Mercedes-Benz,A 220 4MATIC Sedan,Sous-compacte,2.0,4,AM7,Z,9.5,6.8,8.3,34,194,6,5
2022,Mercedes-Benz,A 250 4MATIC Hatch,Familiale : petite,2.0,4,AM7,Z,10.0,7.0,8.7,32,202,6,5
2022,Mercedes-Benz,AMG A 35 4MATIC Sedan,Sous-compacte,2.0,4,AM7,Z,10.8,7.9,9.5,30,221,5,5
2022,Mercedes-Benz,AMG A 35 4MATIC Hatch,Familiale : petite,2.0,4,AM7,Z,10.8,7.8,9.4,30,221,5,5
2022,Mercedes-Benz,AMG C 43 4MATIC Cabriolet,Sous-compacte,3.0,6,A9,Z,12.7,8.7,10.9,26,256,5,5
2022,Mercedes-Benz,AMG C 43 4MATIC Coupe,Sous-compacte,3.0,6,A9,Z,12.6,8.5,10.8,26,252,5,5
2022,Mercedes-Benz,AMG CLA 35 4MATIC Coupe,Compacte,2.0,4,AM7,Z,11.0,8.2,9.7,29,227,5,5
2022,Mercedes-Benz,AMG CLA 45 4MATIC Coupe,Compacte,2.0,4,AM8,Z,12.0,8.5,10.4,27,243,5,3
2022,Mercedes-Benz,AMG CLS 53 4MATIC+ Coupe,Compacte,3.0,6,A9,Z,11.6,8.8,10.3,27,241,5,6
2022,Mercedes-Benz,AMG E 53 4MATIC+ Sedan,Intermédiaire,3.0,6,A9,Z,11.3,8.3,9.9,29,232,5,6
2022,Mercedes-Benz,AMG E 53 4MATIC+ Cabriolet,Sous-compacte,3.0,6,A9,Z,12.0,8.9,10.6,27,247,5,6
2022,Mercedes-Benz,AMG E 53 4MATIC+ Coupe,Sous-compacte,3.0,6,A9,Z,11.7,8.4,10.2,28,239,5,6
2022,Mercedes-Benz,AMG G 63 SUV,Véhicule utilitaire sport : ordinaire,4.0,8,A9,Z,19.3,15.6,17.6,16,412,1,3
2022,Mercedes-Benz,AMG G 63 4x4 Squared,Véhicule utilitaire sport : ordinaire,4.0,8,A9,Z,21.5,18.7,20.2,14,470,1,3
2022,Mercedes-Benz,AMG GLA 35 4MATIC SUV,Familiale : petite,2.0,4,AM8,Z,11.0,8.4,9.8,29,230,5,5
2022,Mercedes-Benz,AMG GLA 45 4MATIC SUV,Familiale : petite,2.0,4,AM8,Z,12.3,9.6,11.1,25,260,4,3
2022,Mercedes-Benz,AMG GLB 35 4MATIC SUV,Familiale : intermédiaire,2.0,4,AM8,Z,12.7,9.4,11.2,25,262,4,5
2022,Mercedes-Benz,AMG GLC 43 4MATIC SUV,Véhicule utilitaire sport : petit,3.0,6,A9,Z,12.9,9.3,11.3,25,264,4,5
2022,Mercedes-Benz,AMG GLC 43 4MATIC Coupe,Véhicule utilitaire sport : petit,3.0,6,A9,Z,14.0,10.1,12.3,23,287,4,5
2022,Mercedes-Benz,AMG GLE 53 4MATIC+ SUV,Véhicule utilitaire sport : ordinaire,3.0,6,A9,Z,13.4,10.6,12.1,23,283,4,6
2022,Mercedes-Benz,AMG GLE 53 4MATIC+ Coupe,Véhicule utilitaire sport : ordinaire,3.0,6,A9,Z,13.6,11.1,12.5,23,292,4,6
2022,Mercedes-Benz,AMG GLE 63 S 4MATIC+ SUV,Véhicule utilitaire sport : ordinaire,4.0,8,A9,Z,16.2,12.6,14.6,19,341,3,5
2022,Mercedes-Benz,AMG GLE 63 S 4MATIC+ Coupe,Véhicule utilitaire sport : ordinaire,4.0,8,A9,Z,16.4,12.8,14.8,19,346,3,5
2022,Mercedes-Benz,AMG GLS 63 4MATIC+ SUV,Véhicule utilitaire sport : ordinaire,4.0,8,A9,Z,17.1,13.2,15.3,18,360,2,5
2022,Mercedes-Benz,AMG GT 53 4MATIC+ Coupe,Compacte,3.0,6,A9,Z,12.3,9.4,11.0,26,258,4,6
2022,Mercedes-Benz,AMG SL 63 4MATIC+ Roadster,Minicompacte,4.0,8,A9,Z,17.1,11.3,14.5,19,339,3,5
2022,Mercedes-Benz,C 300 4MATIC Sedan,Compacte,2.0,4,A9,Z,9.9,7.1,8.6,33,202,6,7
2022,Mercedes-Benz,C 300 4MATIC Cabriolet,Sous-compacte,2.0,4,A9,Z,11.0,8.0,9.6,29,224,5,6
2022,Mercedes-Benz,C 300 4MATIC Coupe,Sous-compacte,2.0,4,A9,Z,10.7,7.5,9.3,30,217,5,6
2022,Mercedes-Benz,CLA 250 4MATIC Coupe,Compacte,2.0,4,AM7,Z,9.8,7.0,8.6,33,200,6,5
2022,Mercedes-Benz,CLS 450 4MATIC Coupe,Compacte,3.0,6,A9,Z,11.1,8.2,9.8,29,229,5,6
2022,Mercedes-Benz,E 350 4MATIC Sedan,Intermédiaire,2.0,4,A9,Z,11.2,8.2,9.8,29,229,5,6
2022,Mercedes-Benz,E 450 4MATIC Sedan,Intermédiaire,3.0,6,A9,Z,10.5,7.9,9.3,30,218,5,6
2022,Mercedes-Benz,E 450 4MATIC Cabriolet,Sous-compacte,3.0,6,A9,Z,11.2,8.4,9.9,29,233,5,6
2022,Mercedes-Benz,E 450 4MATIC Coupe,Sous-compacte,3.0,6,A9,Z,11.0,8.0,9.6,29,225,5,6
2022,Mercedes-Benz,E 450 4MATIC All-Terrain Wagon,Familiale : intermédiaire,3.0,6,A9,Z,11.0,8.3,9.8,29,229,5,6
2022,Mercedes-Benz,G 550 SUV,Véhicule utilitaire sport : ordinaire,4.0,8,A9,Z,16.3,13.7,15.1,19,354,3,3
2022,Mercedes-Benz,GLA 250 4MATIC SUV,Véhicule utilitaire sport : petit,2.0,4,AM8,Z,10.3,7.3,9.0,31,210,5,5
2022,Mercedes-Benz,GLB 250 4MATIC SUV,Véhicule utilitaire sport : petit,2.0,4,AM8,Z,10.9,7.9,9.5,30,224,5,5
2022,Mercedes-Benz,GLC 300 4MATIC SUV,Véhicule utilitaire sport : petit,2.0,4,A9,Z,11.5,9.1,10.4,27,242,5,6
2022,Mercedes-Benz,GLC 300 4MATIC Coupe,Véhicule utilitaire sport : petit,2.0,4,A9,Z,11.5,8.5,10.1,28,237,5,6
2022,Mercedes-Benz,GLE 350 4MATIC SUV,Véhicule utilitaire sport : ordinaire,2.0,4,A9,Z,12.1,8.9,10.7,26,250,5,5
2022,Mercedes-Benz,GLE 450 4MATIC SUV,Véhicule utilitaire sport : ordinaire,3.0,6,A9,Z,11.4,9.3,10.4,27,244,5,6
2022,Mercedes-Benz,GLE 450 4MATIC Coupe,Véhicule utilitaire sport : ordinaire,3.0,6,A9,Z,11.7,9.2,10.5,27,247,5,6
2022,Mercedes-Benz,GLS 450 4MATIC SUV,Véhicule utilitaire sport : ordinaire,3.0,6,A9,Z,12.8,10.0,11.5,25,269,4,6
2022,Mercedes-Benz,GLS 600 4MATIC Maybach SUV,Véhicule utilitaire sport : ordinaire,4.0,8,A9,Z,16.3,12.2,14.4,20,338,3,5
2022,Mercedes-Benz,Maybach S 580 4MATIC Sedan,Grande berline,4.0,8,A9,Z,15.2,9.9,12.9,22,301,3,5
2022,Mercedes-Benz,Maybach S 680 4MATIC Sedan,Grande berline,6.0,12,A9,Z,19.4,11.2,15.7,18,369,2,3
2022,Mercedes-Benz,Metris Cargo Van,Véhicule à usage spécial,2.0,4,A9,Z,12.6,10.1,11.5,25,267,4,6
2022,Mercedes-Benz,Metris Cargo Van LWB,Véhicule à usage spécial,2.0,4,A9,Z,12.6,10.1,11.5,25,267,4,6
2022,Mercedes-Benz,Metris Passenger Van,Véhicule à usage spécial,2.0,4,A9,Z,13.3,10.6,12.1,23,282,4,6
2022,Mercedes-Benz,S 500 4MATIC SWB Sedan,Grande berline,3.0,6,A9,Z,11.4,8.0,9.9,29,231,5,6
2022,Mercedes-Benz,S 580 4MATIC LWB Sedan,Grande berline,4.0,8,A9,Z,14.3,9.5,12.2,23,285,4,5
2022,MINI,Cooper 3 Door,Sous-compacte,1.5,3,AM7,Z,8.2,6.2,7.3,39,170,7,7
2022,MINI,Cooper 3 Door,Sous-compacte,1.5,3,M6,Z,8.7,6.3,7.6,37,177,7,7
2022,MINI,Cooper 5 Door,Sous-compacte,1.5,3,AM7,Z,8.2,6.2,7.3,39,170,7,7
2022,MINI,Cooper 5 Door,Sous-compacte,1.5,3,M6,Z,8.7,6.3,7.6,37,177,7,7
2022,MINI,Cooper Convertible,Minicompacte,1.5,3,AM7,Z,8.2,6.2,7.3,39,170,7,7
2022,MINI,Cooper Convertible,Minicompacte,1.5,3,M6,Z,8.7,6.3,7.6,37,177,7,7
2022,MINI,Cooper Countryman ALL4,Intermédiaire,1.5,3,AS8,Z,10.2,7.7,9.1,31,211,5,7
2022,MINI,Cooper S 3 Door,Sous-compacte,2.0,4,AM7,Z,8.5,6.2,7.5,38,174,7,7
2022,MINI,Cooper S 3 Door,Sous-compacte,2.0,4,M6,Z,10.5,7.3,9.1,31,211,5,7
2022,MINI,Cooper S 5 Door,Sous-compacte,2.0,4,AM7,Z,8.5,6.2,7.5,38,174,7,7
2022,MINI,Cooper S 5 Door,Sous-compacte,2.0,4,M6,Z,10.5,7.3,9.1,31,211,5,7
2022,MINI,Cooper S Clubman ALL4,Intermédiaire,2.0,4,AS8,Z,10.2,7.4,8.9,32,207,6,7
2022,MINI,Cooper S Convertible,Minicompacte,2.0,4,AM7,Z,8.8,6.5,7.8,36,182,6,7
2022,MINI,Cooper S Convertible,Minicompacte,2.0,4,M6,Z,10.1,7.1,8.8,32,205,6,7
2022,MINI,Cooper S Countryman ALL4,Intermédiaire,2.0,4,AS8,Z,10.4,7.5,9.1,31,212,5,7
2022,MINI,John Cooper Works 3 Door,Sous-compacte,2.0,4,AS8,Z,9.3,6.9,8.2,34,191,6,7
2022,MINI,John Cooper Works 3 Door,Sous-compacte,2.0,4,M6,Z,10.5,7.3,9.1,31,211,5,7
2022,MINI,John Cooper Works Clubman ALL4,Intermédiaire,2.0,4,AS8,Z,10.1,7.6,9.0,31,210,5,3
2022,MINI,John Cooper Works Convertible,Minicompacte,2.0,4,AS8,Z,9.6,7.2,8.5,33,198,6,7
2022,MINI,John Cooper Works Countryman ALL4,Intermédiaire,2.0,4,AS8,Z,10.4,7.8,9.2,31,210,5,3
2022,Mitsubishi,Eclipse Cross 4WD,Véhicule utilitaire sport : petit,1.5,4,AV8,X,9.6,8.9,9.3,30,216,5,5
2022,Mitsubishi,Mirage,Compacte,1.2,3,AV,X,6.6,5.6,6.2,46,143,8,5
2022,Mitsubishi,Mirage,Compacte,1.2,3,M5,X,7.1,5.8,6.5,43,151,8,5
2022,Mitsubishi,Outlander 4WD,Véhicule utilitaire sport : petit,2.5,4,AV8,X,9.7,7.9,8.9,32,208,6,6
2022,Mitsubishi,RVR,Véhicule utilitaire sport : petit,2.0,4,AV6,X,9.7,7.8,8.8,32,206,6,5
2022,Mitsubishi,RVR 4WD,Véhicule utilitaire sport : petit,2.0,4,AV6,X,10.1,8.2,9.2,31,213,5,5
2022,Mitsubishi,RVR 4WD,Véhicule utilitaire sport : petit,2.4,4,AV6,X,10.3,8.3,9.4,30,218,5,5
2022,Nissan,Altima AWD,Intermédiaire,2.5,4,AV,X,8.9,6.6,7.9,36,186,6,7
2022,Nissan,Altima AWD SR/Platinum,Intermédiaire,2.5,4,AV,X,9.1,7.0,8.1,35,191,6,7
2022,Nissan,Armada 4WD,Véhicule utilitaire sport : ordinaire,5.6,8,AS7,Z,17.5,12.9,15.4,18,362,2,3
2022,Nissan,Frontier,Camionnette : ordinaire,3.8,6,AS9,X,12.8,9.5,11.3,25,266,4,5
2022,Nissan,Frontier 4WD,Camionnette : ordinaire,3.8,6,AS9,X,14.0,11.2,12.8,22,300,3,5
2022,Nissan,Kicks,Intermédiaire,1.6,4,AV,X,7.7,6.6,7.2,39,169,7,7
2022,Nissan,Maxima,Intermédiaire,3.5,6,AV7,Z,11.6,7.9,9.9,29,233,5,3
2022,Nissan,Murano AWD,Familiale : intermédiaire,3.5,6,AV7,X,12.1,8.6,10.5,27,248,5,5
2022,Nissan,Pathfinder 4WD,Véhicule utilitaire sport : petit,3.5,6,AS9,X,11.6,9.2,10.5,27,246,5,5
2022,Nissan,Qashqai,Familiale : petite,2.0,4,AV8,X,8.8,7.6,8.2,34,194,6,6
2022,Nissan,Qashqai,Familiale : petite,2.0,4,M6,X,10.0,7.9,9.1,31,213,5,6
2022,Nissan,Qashqai AWD,Familiale : petite,2.0,4,AV8,X,9.2,7.8,8.6,33,201,6,6
2022,Nissan,Rogue,Véhicule utilitaire sport : petit,1.5,3,AV8,X,7.8,6.5,7.2,39,169,7,6
2022,Nissan,Rogue,Véhicule utilitaire sport : petit,2.5,4,AV8,X,9.2,7.3,8.4,34,196,6,7
2022,Nissan,Rogue AWD,Véhicule utilitaire sport : petit,1.5,3,AV8,X,8.4,6.7,7.6,37,179,7,6
2022,Nissan,Rogue AWD SL/Platinum,Véhicule utilitaire sport : petit,1.5,3,AV8,X,8.4,6.8,7.7,37,181,6,6
2022,Nissan,Rogue AWD,Véhicule utilitaire sport : petit,2.5,4,AV8,X,9.2,7.2,8.3,34,195,6,7
2022,Nissan,Sentra,Intermédiaire,2.0,4,AV,X,8.0,6.0,7.1,40,167,7,7
2022,Nissan,Sentra SR,Intermédiaire,2.0,4,AV,X,8.2,6.1,7.3,39,171,7,7
2022,Nissan,Sentra,Intermédiaire,2.0,4,M6,X,9.2,6.2,7.9,36,185,6,7
2022,Nissan,Sentra SR,Intermédiaire,2.0,4,M6,X,9.4,6.4,8.1,35,189,6,7
2022,Nissan,Versa,Compacte,1.6,4,AV,X,7.4,5.9,6.7,42,158,7,7
2022,Nissan,Versa,Compacte,1.6,4,M5,X,8.6,6.7,7.7,37,181,7,7
2022,Porsche,718 Boxster,Deux places,2.0,4,AM7,Z,11.0,8.7,10.0,28,233,5,1
2022,Porsche,718 Boxster,Deux places,2.0,4,M6,Z,11.7,8.9,10.5,27,245,5,1
2022,Porsche,718 Boxster T,Deux places,2.0,4,AM7,Z,11.2,8.7,10.1,28,236,5,1
2022,Porsche,718 Boxster T,Deux places,2.0,4,M6,Z,11.7,8.9,10.5,27,245,5,1
2022,Porsche,718 Boxster S,Deux places,2.5,4,AM7,Z,12.2,9.2,10.9,26,255,5,1
2022,Porsche,718 Boxster S,Deux places,2.5,4,M6,Z,12.5,9.6,11.2,25,263,4,1
2022,Porsche,718 Boxster GTS 4.0,Deux places,4.0,6,AM7,Z,12.3,9.8,11.1,25,260,4,5
2022,Porsche,718 Boxster GTS 4.0,Deux places,4.0,6,M6,Z,14.0,10.0,12.2,23,284,4,5
2022,Porsche,718 Cayman,Deux places,2.0,4,AM7,Z,11.0,8.7,10.0,28,233,5,1
2022,Porsche,718 Cayman,Deux places,2.0,4,M6,Z,11.7,8.9,10.5,27,245,5,1
2022,Porsche,718 Cayman T,Deux places,2.0,4,AM7,Z,11.2,8.7,10.1,28,236,5,1
2022,Porsche,718 Cayman T,Deux places,2.0,4,M6,Z,11.7,8.9,10.5,27,245,5,1
2022,Porsche,718 Cayman S,Deux places,2.5,4,AM7,Z,12.2,9.2,10.9,26,255,5,1
2022,Porsche,718 Cayman S,Deux places,2.5,4,M6,Z,12.5,9.6,11.2,25,263,4,1
2022,Porsche,718 Cayman GTS 4.0,Deux places,4.0,6,AM7,Z,12.3,9.8,11.1,25,260,4,5
2022,Porsche,718 Cayman GTS 4.0,Deux places,4.0,6,M6,Z,14.0,10.0,12.2,23,284,4,5
2022,Porsche,718 Cayman GT4,Deux places,4.0,6,AM7,Z,13.0,9.9,11.6,24,271,4,5
2022,Porsche,718 Cayman GT4,Deux places,4.0,6,M6,Z,14.0,10.1,12.2,23,286,4,5
2022,Porsche,718 Spyder,Deux places,4.0,6,AM7,Z,13.0,9.9,11.6,24,271,4,5
2022,Porsche,718 Spyder,Deux places,4.0,6,M6,Z,14.0,10.1,12.2,23,286,4,5
2022,Porsche,911 Carrera,Minicompacte,3.0,6,AM8,Z,13.1,9.8,11.6,24,275,4,5
2022,Porsche,911 Carrera 4,Minicompacte,3.0,6,AM8,Z,13.1,9.8,11.6,24,275,4,5
2022,Porsche,911 Carrera Cabriolet,Minicompacte,3.0,6,AM8,Z,13.1,9.8,11.6,24,275,4,5
2022,Porsche,911 Carrera 4 Cabriolet,Minicompacte,3.0,6,AM8,Z,13.1,9.7,11.6,24,275,4,5
2022,Porsche,911 Carrera S,Minicompacte,3.0,6,AM8,Z,12.9,10.2,11.7,24,274,4,5
2022,Porsche,911 Carrera S,Minicompacte,3.0,6,M7,Z,12.8,9.4,11.3,25,264,4,5
2022,Porsche,911 Carrera 4S,Minicompacte,3.0,6,AM8,Z,13.0,10.2,11.8,24,275,4,5
2022,Porsche,911 Carrera 4S,Minicompacte,3.0,6,M7,Z,13.8,9.3,11.8,24,275,4,5
2022,Porsche,911 Carrera S Cabriolet,Minicompacte,3.0,6,AM8,Z,12.9,10.2,11.7,24,273,4,5
2022,Porsche,911 Carrera S Cabriolet,Minicompacte,3.0,6,M7,Z,13.8,9.4,11.8,24,275,4,5
2022,Porsche,911 Carrera 4S Cabriolet,Minicompacte,3.0,6,AM8,Z,12.8,10.2,11.7,24,273,4,5
2022,Porsche,911 Carrera 4S Cabriolet,Minicompacte,3.0,6,M7,Z,13.8,9.8,12.0,24,281,4,5
2022,Porsche,911 Carrera GTS,Minicompacte,3.0,6,AM8,Z,13.8,10.1,12.1,23,289,4,5
2022,Porsche,911 Carrera GTS,Minicompacte,3.0,6,M7,Z,13.5,9.8,11.9,24,276,4,5
2022,Porsche,911 Carrera 4 GTS,Minicompacte,3.0,6,AM8,Z,13.8,10.1,12.1,23,288,4,5
2022,Porsche,911 Carrera 4 GTS,Minicompacte,3.0,6,M7,Z,13.8,10.2,12.2,23,289,4,5
2022,Porsche,911 Carrera GTS Cabriolet,Minicompacte,3.0,6,AM8,Z,13.8,10.2,12.2,23,289,4,5
2022,Porsche,911 Carrera GTS Cabriolet,Minicompacte,3.0,6,M7,Z,13.8,9.6,11.9,24,278,4,5
2022,Porsche,911 Carrera 4 GTS Cabriolet,Minicompacte,3.0,6,AM8,Z,13.7,10.7,12.3,23,288,4,5
2022,Porsche,911 Carrera 4 GTS Cabriolet,Minicompacte,3.0,6,M7,Z,14.7,10.2,12.7,22,296,4,5
2022,Porsche,911 GT3,Deux places,4.0,6,AM7,Z,15.6,12.7,14.3,20,334,3,3
2022,Porsche,911 GT3,Deux places,4.0,6,M6,Z,17.0,13.1,15.2,19,355,3,3
2022,Porsche,911 GT3 Touring,Deux places,4.0,6,AM7,Z,15.7,12.7,14.4,20,335,3,3
2022,Porsche,911 GT3 Touring,Deux places,4.0,6,M6,Z,16.9,13.1,15.2,19,354,3,3
2022,Porsche,911 Targa 4,Minicompacte,3.0,6,AM8,Z,13.1,9.8,11.6,24,275,4,5
2022,Porsche,911 Targa 4S,Minicompacte,3.0,6,AM8,Z,13.1,10.2,11.8,24,274,4,5
2022,Porsche,911 Targa 4S,Minicompacte,3.0,6,M7,Z,13.7,9.8,11.9,24,278,4,5
2022,Porsche,911 Targa 4 GTS,Minicompacte,3.0,6,AM8,Z,13.6,10.7,12.3,23,287,4,5
2022,Porsche,911 Targa 4 GTS,Minicompacte,3.0,6,M7,Z,14.7,10.2,12.7,22,296,4,5
2022,Porsche,911 Turbo,Minicompacte,3.7,6,AM8,Z,15.2,11.9,13.7,21,321,3,5
2022,Porsche,911 Turbo Cabriolet,Minicompacte,3.7,6,AM8,Z,15.6,11.8,13.9,20,324,3,5
2022,Porsche,911 Turbo S,Minicompacte,3.7,6,AM8,Z,15.3,11.8,13.7,21,321,3,5
2022,Porsche,911 Turbo S Cabriolet,Minicompacte,3.7,6,AM8,Z,16.0,11.8,14.1,20,328,3,5
2022,Porsche,Cayenne,Véhicule utilitaire sport : ordinaire,3.0,6,AS8,Z,13.8,10.7,12.4,23,289,4,5
2022,Porsche,Cayenne Coupe,Véhicule utilitaire sport : ordinaire,3.0,6,AS8,Z,13.8,10.7,12.4,23,289,4,5
2022,Porsche,Cayenne S,Véhicule utilitaire sport : ordinaire,2.9,6,AS8,Z,14.7,10.6,12.9,22,307,3,5
2022,Porsche,Cayenne S Coupe,Véhicule utilitaire sport : ordinaire,2.9,6,AS8,Z,14.4,11.2,13.0,22,305,3,5
2022,Porsche,Cayenne GTS,Véhicule utilitaire sport : ordinaire,4.0,8,AS8,Z,15.8,12.3,14.2,20,331,3,3
2022,Porsche,Cayenne GTS Coupe,Véhicule utilitaire sport : ordinaire,4.0,8,AS8,Z,15.2,12.4,14.0,20,326,3,3
2022,Porsche,Cayenne Turbo,Véhicule utilitaire sport : ordinaire,4.0,8,AS8,Z,16.8,12.4,14.8,19,343,3,3
2022,Porsche,Cayenne Turbo Coupe,Véhicule utilitaire sport : ordinaire,4.0,8,AS8,Z,15.9,12.0,14.1,20,330,3,3
2022,Porsche,Cayenne Turbo GT,Véhicule utilitaire sport : ordinaire,4.0,8,AS8,Z,16.8,12.4,14.8,19,345,3,3
2022,Porsche,Macan,Véhicule utilitaire sport : petit,2.0,4,AM7,Z,12.4,9.3,11.0,26,263,4,5
2022,Porsche,Macan S,Véhicule utilitaire sport : petit,2.9,6,AM7,Z,13.8,10.1,12.2,23,289,4,5
2022,Porsche,Macan GTS,Véhicule utilitaire sport : petit,2.9,6,AM7,Z,13.5,10.7,12.2,23,290,4,5
2022,Porsche,Panamera,Grande berline,2.9,6,AM8,Z,13.1,9.8,11.6,24,274,4,5
2022,Porsche,Panamera 4,Grande berline,2.9,6,AM8,Z,12.8,9.8,11.5,25,274,4,5
2022,Porsche,Panamera 4 Executive,Grande berline,2.9,6,AM8,Z,13.8,10.2,12.2,23,289,4,5
2022,Porsche,Panamera 4 ST,Grande berline,2.9,6,AM8,Z,12.8,10.2,11.7,24,274,4,5
2022,Porsche,Panamera 4S,Grande berline,2.9,6,AM8,Z,12.8,9.8,11.4,25,276,4,5
2022,Porsche,Panamera 4S Executive,Grande berline,2.9,6,AM8,Z,13.8,10.2,12.2,23,292,4,5
2022,Porsche,Panamera 4S ST,Grande berline,2.9,6,AM8,Z,13.8,10.2,12.2,23,292,4,5
2022,Porsche,Panamera GTS,Grande berline,4.0,8,AM8,Z,15.7,11.2,13.7,21,323,3,3
2022,Porsche,Panamera GTS ST,Grande berline,4.0,8,AM8,Z,15.7,11.8,13.9,20,323,3,3
2022,Porsche,Panamera Turbo S,Grande berline,4.0,8,AM8,Z,15.3,11.2,13.5,21,326,3,3
2022,Porsche,Panamera Turbo S Executive,Grande berline,4.0,8,AM8,Z,15.3,11.2,13.5,21,326,3,3
2022,Porsche,Panamera Turbo S ST,Grande berline,4.0,8,AM8,Z,15.3,11.2,13.5,21,326,3,3
2022,Ram,1500 EcoDiesel,Camionnette : ordinaire,3.0,6,A8,D,10.5,7.3,9.0,31,243,5,1
2022,Ram,1500 HFE EcoDiesel,Camionnette : ordinaire,3.0,6,A8,D,10.4,7.1,8.9,32,238,5,1
2022,Ram,1500 eTorque,Camionnette : ordinaire,3.6,6,A8,X,11.9,9.4,10.8,26,253,5,5
2022,Ram,1500 HFE eTorque,Camionnette : ordinaire,3.6,6,A8,X,11.6,9.0,10.4,27,245,5,5
2022,Ram,1500,Camionnette : ordinaire,5.7,8,A8,X,16.2,10.5,13.6,21,320,3,5
2022,Ram,1500 eTorque,Camionnette : ordinaire,5.7,8,A8,X,13.0,10.0,11.7,24,275,4,5
2022,Ram,1500 4X4 EcoDiesel,Camionnette : ordinaire,3.0,6,A8,D,11.1,8.0,9.7,29,260,4,1
2022,Ram,1500 4X4 eTorque,Camionnette : ordinaire,3.6,6,A8,X,12.2,9.7,11.1,25,260,4,5
2022,Ram,1500 4X4,Camionnette : ordinaire,5.7,8,A8,X,16.1,11.0,13.8,20,325,3,5
2022,Ram,1500 4X4 eTorque,Camionnette : ordinaire,5.7,8,A8,X,13.4,10.5,12.1,23,284,4,5
2022,Ram,1500 4X4 TRX,Camionnette : ordinaire,6.2,8,A8,Z,22.4,16.5,19.8,14,465,1,1
2022,Ram,1500 Classic,Camionnette : ordinaire,3.6,6,A8,X,13.9,9.6,11.9,24,280,4,3
2022,Ram,1500 Classic,Camionnette : ordinaire,5.7,8,A8,X,15.9,11.1,13.7,21,323,3,3
2022,Ram,1500 Classic 4X4,Camionnette : ordinaire,3.6,6,A8,X,14.5,10.2,12.6,22,295,4,3
2022,Ram,1500 Classic 4X4,Camionnette : ordinaire,5.7,8,A8,X,16.2,11.6,14.1,20,330,3,3
2022,Ram,ProMaster City,Véhicule à usage spécial,2.4,4,A9,X,11.2,8.3,9.9,29,232,5,6
2022,Rolls-Royce,Cullinan,Familiale : intermédiaire,6.7,12,AS8,Z,20.1,12.1,16.5,17,386,2,3
2022,Rolls-Royce,Cullinan Black Badge,Familiale : intermédiaire,6.7,12,AS8,Z,20.1,12.1,16.5,17,386,2,3
2022,Rolls-Royce,Ghost,Grande berline,6.7,12,AS8,Z,19.9,12.7,16.7,17,387,2,3
2022,Rolls-Royce,Ghost EWB,Grande berline,6.7,12,AS8,Z,19.9,12.7,16.7,17,387,2,3
2022,Rolls-Royce,Ghost Black Badge,Grande berline,6.7,12,AS8,Z,19.9,12.7,16.7,17,387,2,3
2022,Rolls-Royce,Phantom,Grande berline,6.7,12,AS8,Z,20.0,11.8,16.3,17,382,2,3
2022,Rolls-Royce,Phantom EWB,Grande berline,6.7,12,AS8,Z,20.0,11.8,16.3,17,382,2,3
2022,Subaru,Ascent AWD,Véhicule utilitaire sport : ordinaire,2.4,4,AV8,X,11.7,9.0,10.5,27,245,5,3
2022,Subaru,BRZ,Minicompacte,2.4,4,AS6,Z,11.0,7.7,9.5,30,224,5,3
2022,Subaru,BRZ,Minicompacte,2.4,4,M6,Z,12.0,8.8,10.5,27,247,5,3
2022,Subaru,Crosstrek AWD,Véhicule utilitaire sport : petit,2.0,4,AV8,X,8.5,7.0,7.9,36,184,6,7
2022,Subaru,Crosstrek AWD,Véhicule utilitaire sport : petit,2.0,4,M6,X,10.5,8.1,9.4,30,220,5,7
2022,Subaru,Crosstrek AWD,Véhicule utilitaire sport : petit,2.5,4,AV8,X,8.8,7.0,8.0,35,188,6,7
2022,Subaru,Forester AWD,Véhicule utilitaire sport : petit,2.5,4,AV7,X,9.0,7.2,8.2,34,192,6,7
2022,Subaru,Forester Wilderness AWD,Véhicule utilitaire sport : petit,2.5,4,AV8,X,9.5,8.3,9.0,31,210,5,7
2022,Subaru,Impreza 4-Door AWD,Intermédiaire,2.0,4,AV7,X,8.3,6.4,7.4,38,174,7,7
2022,Subaru,Impreza 4-Door AWD,Intermédiaire,2.0,4,M5,X,10.1,7.5,9.0,31,209,5,7
2022,Subaru,Impreza 5-Door AWD,Familiale : petite,2.0,4,AV7,X,8.4,6.6,7.6,37,178,7,7
2022,Subaru,Impreza 5-Door AWD,Familiale : petite,2.0,4,M5,X,10.1,7.7,9.0,31,211,5,7
2022,Subaru,Legacy AWD,Grande berline,2.4,4,AV8,X,9.9,7.3,8.7,32,205,6,3
2022,Subaru,Legacy AWD,Grande berline,2.5,4,AV8,X,8.8,6.7,7.8,36,184,6,7
2022,Subaru,Outback AWD,Véhicule utilitaire sport : petit,2.4,4,AV8,X,10.1,7.9,9.1,31,213,5,3
2022,Subaru,Outback AWD,Véhicule utilitaire sport : petit,2.5,4,AV8,X,9.0,7.1,8.2,34,192,6,7
2022,Subaru,Outback Wilderness AWD,Véhicule utilitaire sport : petit,2.4,4,AV8,X,10.9,8.9,10.0,28,235,5,3
2022,Subaru,WRX AWD,Intermédiaire,2.4,4,AV8,Z,12.7,9.4,11.2,25,262,4,3
2022,Subaru,WRX AWD,Intermédiaire,2.4,4,M6,Z,12.3,9.0,10.8,26,254,5,3
2022,Toyota,4Runner 4WD,Véhicule utilitaire sport : ordinaire,4.0,6,AS5,X,14.9,12.6,13.8,20,323,3,5
2022,Toyota,4Runner 4WD (Part-Time 4WD) ,Véhicule utilitaire sport : ordinaire,4.0,6,AS5,X,14.8,12.5,13.8,20,321,3,5
2022,Toyota,C-HR,Compacte,2.0,4,AS7,X,8.7,7.5,8.2,34,189,6,3
2022,Toyota,Camry LE/SE,Intermédiaire,2.5,4,AS8,X,8.5,6.1,7.4,38,174,7,7
2022,Toyota,Camry XSE,Intermédiaire,2.5,4,AS8,X,8.6,6.3,7.6,37,178,7,7
2022,Toyota,Camry XSE V6,Intermédiaire,3.5,6,AS8,X,10.7,7.4,9.2,31,215,5,5
2022,Toyota,Camry TRD,Intermédiaire,3.5,6,AS8,X,10.8,7.6,9.4,30,220,5,5
2022,Toyota,Camry AWD SE,Intermédiaire,2.5,4,AS8,X,9.4,6.8,8.2,34,192,6,6
2022,Toyota,Camry AWD XSE,Intermédiaire,2.5,4,AS8,X,9.5,7.0,8.4,34,195,6,6
2022,Toyota,Camry Hybrid LE,Intermédiaire,2.5,4,AV,X,4.9,4.8,4.9,58,113,9,7
2022,Toyota,Camry Hybrid SE/XLE/XSE,Intermédiaire,2.5,4,AV,X,5.3,5.0,5.1,55,121,9,7
2022,Toyota,Corolla,Compacte,1.8,4,AV,X,7.9,6.2,7.1,40,166,7,5
2022,Toyota,Corolla XLE,Compacte,1.8,4,AV,X,8.1,6.3,7.3,39,170,7,5
2022,Toyota,Corolla,Compacte,1.8,4,M6,X,8.0,6.0,7.1,40,165,7,5
2022,Toyota,Corolla,Compacte,2.0,4,AV10,X,7.6,5.9,6.8,42,159,7,7
2022,Toyota,Corolla XSE,Compacte,2.0,4,AV10,X,7.7,6.1,7.0,40,164,7,7
2022,Toyota,Corolla,Compacte,2.0,4,M6,X,8.2,6.5,7.4,38,172,7,7
2022,Toyota,Corolla Apex Edition,Compacte,2.0,4,AV10,X,7.7,6.2,7.0,40,164,7,7
2022,Toyota,Corolla Hatchback,Compacte,2.0,4,AV10,X,7.5,5.9,6.8,42,159,7,7
2022,Toyota,Corolla Hatchback,Compacte,2.0,4,M6,X,8.4,6.7,7.6,37,179,7,7
2022,Toyota,Corolla Hybrid,Compacte,1.8,4,AV,X,4.4,4.5,4.5,63,106,9,7
2022,Toyota,Corolla Cross,Véhicule utilitaire sport : petit,2.0,4,AV10,X,7.6,7.0,7.3,39,171,7,7
2022,Toyota,Corolla Cross AWD,Véhicule utilitaire sport : petit,2.0,4,AV10,X,8.1,7.4,7.8,36,182,6,7
2022,Toyota,GR Supra 2.0,Deux places,2.0,4,AS8,Z,9.3,7.2,8.4,34,195,6,7
2022,Toyota,GR Supra 3.0,Deux places,3.0,6,AS8,Z,10.6,8.0,9.4,30,218,5,5
2022,Toyota,GR86,Minicompacte,2.4,4,AS6,Z,11.2,7.8,9.7,29,227,5,3
2022,Toyota,GR86,Minicompacte,2.4,4,M6,Z,12.0,8.9,10.6,27,249,5,3
2022,Toyota,Highlander AWD,Véhicule utilitaire sport : petit,3.5,6,AS8,X,11.8,8.6,10.3,27,241,5,5
2022,Toyota,Highlander Hybrid AWD,Véhicule utilitaire sport : ordinaire,2.5,4,AV,X,6.7,6.8,6.7,42,158,7,7
2022,Toyota,Highlander Hybrid AWD Limited/Platinum,Véhicule utilitaire sport : ordinaire,2.5,4,AV,X,6.6,6.8,6.7,42,156,7,7
2022,Toyota,Prius,Intermédiaire,1.8,4,AV,X,4.4,4.7,4.5,63,106,9,7
2022,Toyota,Prius AWD,Intermédiaire,1.8,4,AV,X,4.6,5.0,4.8,59,111,9,7
2022,Toyota,RAV4,Véhicule utilitaire sport : petit,2.5,4,AS8,X,8.8,6.8,7.9,36,184,6,7
2022,Toyota,RAV4 (Stop/Start),Véhicule utilitaire sport : petit,2.5,4,AS8,X,8.5,6.8,7.7,37,180,7,7
2022,Toyota,RAV4 AWD,Véhicule utilitaire sport : petit,2.5,4,AS8,X,9.5,7.1,8.4,34,198,6,6
2022,Toyota,RAV4 AWD (Stop/Start),Véhicule utilitaire sport : petit,2.5,4,AS8,X,8.8,7.1,8.0,35,187,6,6
2022,Toyota,RAV4 AWD LE,Véhicule utilitaire sport : petit,2.5,4,AS8,X,8.7,6.9,7.9,36,184,6,6
2022,Toyota,RAV4 AWD TRD Off-Road,Véhicule utilitaire sport : petit,2.5,4,AS8,X,9.5,7.4,8.5,33,200,6,6
2022,Toyota,RAV4 Hybrid AWD,Véhicule utilitaire sport : petit,2.5,4,AV,X,5.8,6.3,6.0,47,140,8,7
2022,Toyota,Sequoia 4WD,Véhicule utilitaire sport : ordinaire,5.7,8,AS6,X,18.5,13.9,16.4,17,385,2,5
2022,Toyota,Sienna,Fourgonnette,2.5,4,AV,X,6.6,6.5,6.6,43,154,7,7
2022,Toyota,Sienna AWD,Fourgonnette,2.5,4,AV,X,6.8,6.6,6.7,42,158,7,7
2022,Toyota,Tacoma 4WD,Camionnette : petite,3.5,6,AS6,X,13.0,10.5,11.8,24,278,4,5
2022,Toyota,Tacoma 4WD,Camionnette : petite,3.5,6,M6,X,13.8,11.4,12.7,22,299,3,5
2022,Toyota,Tacoma 4WD D-Cab TRD Off-Road/PRO,Camionnette : petite,3.5,6,M6,X,13.8,11.7,12.9,22,300,3,5
2022,Toyota,Tundra,Camionnette : ordinaire,3.4,6,AS10,X,13.1,10.1,11.8,24,277,4,5
2022,Toyota,Tundra 4WD,Camionnette : ordinaire,3.4,6,AS10,X,13.7,10.8,12.4,23,291,4,5
2022,Toyota,Tundra 4WD TRD,Camionnette : ordinaire,3.4,6,AS10,X,13.5,10.6,12.2,23,286,4,5
2022,Toyota,Tundra Hybrid 4WD,Camionnette : ordinaire,3.4,6,AS10,X,12.7,10.5,11.7,24,274,4,5
2022,Toyota,Tundra Hybrid 4WD TRD PRO,Camionnette : ordinaire,3.4,6,AS10,X,12.9,11.6,12.3,23,287,4,5
2022,Toyota,Venza AWD,Véhicule utilitaire sport : petit,2.5,4,AV,X,5.9,6.4,6.1,46,142,8,7
2022,Volkswagen,Atlas 4MOTION,Véhicule utilitaire sport : petit,2.0,4,AS8,X,11.5,9.5,10.6,27,249,5,3
2022,Volkswagen,Atlas 4MOTION,Véhicule utilitaire sport : petit,3.6,6,AS8,X,13.8,10.2,12.2,23,286,4,5
2022,Volkswagen,Atlas Cross Sport 4MOTION,Véhicule utilitaire sport : petit,2.0,4,AS8,X,11.6,9.7,10.7,26,252,5,3
2022,Volkswagen,Atlas Cross Sport 4MOTION,Véhicule utilitaire sport : petit,3.6,6,AS8,X,13.1,10.0,11.7,24,275,4,5
2022,Volkswagen,Golf GTI,Intermédiaire,2.0,4,AM7,X,9.3,7.0,8.3,34,194,6,5
2022,Volkswagen,Golf GTI,Intermédiaire,2.0,4,M6,X,9.8,6.9,8.5,33,198,6,5
2022,Volkswagen,Golf R,Intermédiaire,2.0,4,AM7,Z,10.3,7.7,9.1,31,213,5,5
2022,Volkswagen,Golf R,Intermédiaire,2.0,4,M6,Z,11.8,8.3,10.2,28,237,5,5
2022,Volkswagen,Jetta,Compacte,1.5,4,AS8,X,7.7,5.7,6.8,42,159,7,7
2022,Volkswagen,Jetta,Compacte,1.5,4,M6,X,8.0,5.5,6.9,41,161,7,7
2022,Volkswagen,Jetta GLI,Compacte,2.0,4,AM7,X,9.0,6.5,7.9,36,185,6,7
2022,Volkswagen,Jetta GLI,Compacte,2.0,4,M6,X,9.1,6.4,7.9,36,186,6,7
2022,Volkswagen,Passat,Intermédiaire,2.0,4,AS6,X,9.7,6.6,8.3,34,196,6,7
2022,Volkswagen,Taos,Véhicule utilitaire sport : petit,1.5,4,A8,X,8.4,6.6,7.6,37,178,7,7
2022,Volkswagen,Taos 4MOTION,Véhicule utilitaire sport : petit,1.5,4,A7,X,9.5,7.4,8.5,33,200,6,7
2022,Volkswagen,Tiguan 4MOTION,Véhicule utilitaire sport : petit,2.0,4,AS8,X,10.6,8.0,9.4,30,222,5,7
2022,Volkswagen,Tiguan R-Line 4MOTION,Véhicule utilitaire sport : petit,2.0,4,AS8,X,11.0,8.3,9.8,29,229,5,7
2022,Volvo,S60 B5,Compacte,2.0,4,AS8,Z,9.0,6.7,8.0,35,186,6,5
2022,Volvo,S60 B5 AWD,Compacte,2.0,4,AS8,Z,9.4,6.9,8.3,34,193,6,5
2022,Volvo,S90 B6 AWD,Intermédiaire,2.0,4,AS8,Z,10.4,7.5,9.1,31,212,5,7
2022,Volvo,V60 T6 AWD,Familiale : petite,2.0,4,AS8,Z,11.3,7.5,9.6,29,224,5,7
2022,Volvo,V60 CC T5 AWD,Familiale : petite,2.0,4,AS8,Z,10.9,7.7,9.5,30,221,5,5
2022,Volvo,V90 CC B6 AWD,Familiale : intermédiaire,2.0,4,AS8,Z,10.6,8.1,9.5,30,222,5,7
2022,Volvo,XC40 T4 AWD,Véhicule utilitaire sport : petit,2.0,4,AS8,X,10.7,7.6,9.3,30,217,5,5
2022,Volvo,XC40 T5 AWD,Véhicule utilitaire sport : petit,2.0,4,AS8,Z,10.7,7.7,9.4,30,219,5,5
2022,Volvo,XC60 B5 AWD,Véhicule utilitaire sport : petit,2.0,4,AS8,Z,10.5,8.1,9.4,30,219,5,5
2022,Volvo,XC60 B6 AWD,Véhicule utilitaire sport : petit,2.0,4,AS8,Z,11.0,8.7,9.9,29,232,5,7
2022,Volvo,XC90 T5 AWD,Véhicule utilitaire sport : ordinaire,2.0,4,AS8,Z,11.5,8.4,10.1,28,236,5,5
2022,Volvo,XC90 T6 AWD,Véhicule utilitaire sport : ordinaire,2.0,4,AS8,Z,12.4,8.9,10.8,26,252,5,7
2023,Acura,Integra,Grande berline,1.5,4,AV7,Z,7.9,6.3,7.2,39,167,6,7
2023,Acura,Integra A-SPEC,Grande berline,1.5,4,AV7,Z,8.1,6.5,7.4,38,172,6,7
2023,Acura,Integra A-SPEC,Grande berline,1.5,4,M6,Z,8.9,6.5,7.8,36,181,6,6
2023,Acura,MDX SH-AWD,Véhicule utilitaire sport : petit,3.5,6,AS10,Z,12.6,9.4,11.2,25,263,4,5
2023,Acura,MDX SH-AWD Type S,Véhicule utilitaire sport : ordinaire,3.0,6,AS10,Z,13.8,11.2,12.4,23,291,4,5
2023,Acura,RDX SH-AWD,Véhicule utilitaire sport : petit,2.0,4,AS10,Z,11.0,8.6,9.9,29,232,5,6
2023,Acura,RDX SH-AWD A-SPEC,Véhicule utilitaire sport : petit,2.0,4,AS10,Z,11.3,9.1,10.3,27,242,5,6
2023,Acura,TLX SH-AWD,Compacte,2.0,4,AS10,Z,11.2,8.0,9.8,29,230,5,7
2023,Acura,TLX SH-AWD A-SPEC,Compacte,2.0,4,AS10,Z,11.3,8.1,9.8,29,231,5,7
2023,Acura,TLX Type S,Compacte,3.0,6,AS10,Z,12.3,9.4,11.0,26,256,5,5
2023,Alfa Romeo,Giulia,Intermédiaire,2.0,4,A8,Z,10.0,7.2,8.7,32,205,5,5
2023,Alfa Romeo,Giulia AWD,Intermédiaire,2.0,4,A8,Z,10.5,7.7,9.2,31,217,5,5
2023,Alfa Romeo,Giulia Quadrifoglio,Intermédiaire,2.9,6,A8,Z,13.5,9.3,11.6,24,271,4,3
2023,Alfa Romeo,Stelvio,Véhicule utilitaire sport : petit,2.0,4,A8,Z,10.3,8.1,9.3,30,218,5,5
2023,Alfa Romeo,Stelvio AWD,Véhicule utilitaire sport : petit,2.0,4,A8,Z,10.8,8.3,9.6,29,226,5,5
2023,Alfa Romeo,Stelvio AWD Quadrifoglio,Véhicule utilitaire sport : petit,2.9,6,A8,Z,13.9,10.3,12.3,23,288,4,3
2023,Alfa Romeo,Tonale AWD,Véhicule utilitaire sport : petit,2.0,4,A9,X,11.2,8.2,9.8,29,231,5,7
2023,Aston Martin,DB11 V8,Minicompacte,4.0,8,A8,Z,13.0,9.8,11.5,25,271,4,5
2023,Aston Martin,DB11 V12,Minicompacte,5.2,12,A8,Z,16.4,10.7,13.8,20,324,3,3
2023,Aston Martin,DBS V12,Minicompacte,5.2,12,A8,Z,16.4,10.7,13.8,20,324,3,3
2023,Aston Martin,DBX V8,Véhicule utilitaire sport : ordinaire,4.0,8,A9,Z,16.8,11.9,14.6,19,343,3,5
2023,Aston Martin,DBX707,Véhicule utilitaire sport : ordinaire,4.0,8,A9,Z,15.7,12.0,14.0,20,329,3,5
2023,Aston Martin,Vantage V8,Deux places,4.0,8,A8,Z,13.1,9.6,11.5,25,270,4,5
2023,Aston Martin,V12 Vantage,Deux places,5.2,12,A8,Z,17.2,10.8,14.3,20,337,3,3
2023,Audi,A3 40 TFSI quattro,Sous-compacte,2.0,4,AM7,X,8.7,6.8,7.9,36,183,6,7
2023,Audi,A4 Sedan 45 TFSI quattro,Compacte,2.0,4,AM7,Z,9.7,7.4,8.7,32,203,5,5
2023,Audi,A4 allroad 45 TFSI quattro,Familiale : petite,2.0,4,AM7,Z,10.1,7.9,9.1,31,214,5,5
2023,Audi,A5 Cabriolet 45 TFSI quattro,Sous-compacte,2.0,4,AM7,Z,9.9,7.6,8.9,32,208,5,5
2023,Audi,A5 Coupé 45 TFSI quattro,Sous-compacte,2.0,4,AM7,Z,9.7,7.4,8.7,32,203,5,5
2023,Audi,A5 Sportback 45 TFSI quattro,Intermédiaire,2.0,4,AM7,Z,9.7,7.4,8.7,32,203,5,5
2023,Audi,A6 45 TFSI quattro,Intermédiaire,2.0,4,AM7,Z,10.0,7.5,8.9,32,207,5,5
2023,Audi,A6 55 TFSI quattro,Intermédiaire,3.0,6,AM7,Z,11.1,7.8,9.6,29,224,5,5
2023,Audi,A6 allroad 55 TFSI quattro,Familiale : intermédiaire,3.0,6,AM7,Z,11.1,7.8,9.6,29,224,5,5
2023,Audi,A7 Sportback 55 TFSI quattro,Intermédiaire,3.0,6,AM7,Z,11.1,7.8,9.6,29,224,5,5
2023,Audi,A8 L Sedan 55 TFSI quattro,Grande berline,3.0,6,AS8,Z,12.5,8.3,10.6,27,247,5,5
2023,Audi,Q3 40 TFSI quattro,Véhicule utilitaire sport : petit,2.0,4,AS8,X,10.9,8.0,9.6,29,224,5,6
2023,Audi,Q3 45 TFSI quattro,Véhicule utilitaire sport : petit,2.0,4,AS8,X,11.2,8.4,10.0,28,233,5,7
2023,Audi,Q5 40 TFSI quattro,Véhicule utilitaire sport : petit,2.0,4,AM7,Z,10.2,8.2,9.3,30,217,5,1
2023,Audi,Q5 45 TFSI quattro,Véhicule utilitaire sport : petit,2.0,4,AM7,Z,10.6,8.2,9.5,30,223,5,5
2023,Audi,Q5 Sportback 45 TFSI quattro,Véhicule utilitaire sport : petit,2.0,4,AM7,Z,10.6,8.2,9.5,30,223,5,5
2023,Audi,Q7 45 TFSI quattro,Véhicule utilitaire sport : ordinaire,2.0,4,AS8,Z,12.2,9.5,11.0,26,257,4,5
2023,Audi,Q7 55 TFSI quattro,Véhicule utilitaire sport : ordinaire,3.0,6,AS8,Z,12.9,10.9,12.0,24,281,4,5
2023,Audi,Q8 55 TFSI quattro,Véhicule utilitaire sport : ordinaire,3.0,6,AS8,Z,12.8,10.4,11.7,24,273,4,5
2023,Audi,R8 Coupé Performance,Deux places,5.2,10,AM7,Z,16.6,10.2,13.7,21,320,3,1
2023,Audi,R8 Coupé Performance quattro,Deux places,5.2,10,AM7,Z,17.7,12.8,15.5,18,361,2,1
2023,Audi,R8 Spyder Performance,Deux places,5.2,10,AM7,Z,16.6,10.2,13.7,21,320,3,1
2023,Audi,R8 Spyder Performance quattro,Deux places,5.2,10,AM7,Z,17.7,12.8,15.5,18,361,2,1
2023,Audi,R8 GT Coupé,Deux places,5.2,10,AM7,Z,16.2,11.2,14.0,20,328,3,1
2023,Audi,RS 5 Coupé quattro,Sous-compacte,2.9,6,AS8,Z,13.2,9.2,11.4,25,266,4,5
2023,Audi,RS 5 Sportback quattro,Intermédiaire,2.9,6,AS8,Z,13.2,9.3,11.5,25,267,4,5
2023,Audi,RS 6 Avant quattro,Familiale : intermédiaire,4.0,8,AS8,Z,16.4,11.1,14.1,20,328,3,3
2023,Audi,RS 7 Sportback quattro,Intermédiaire,4.0,8,AS8,Z,16.4,11.1,14.1,20,328,3,3
2023,Audi,RS Q8 quattro,Véhicule utilitaire sport : ordinaire,4.0,8,AS8,Z,17.5,11.9,15.0,19,349,3,3
2023,Audi,S3 quattro,Sous-compacte,2.0,4,AM7,Z,10.2,7.3,8.9,32,207,5,5
2023,Audi,S4 Sedan quattro,Compacte,3.0,6,AS8,Z,11.1,8.0,9.7,29,226,5,5
2023,Audi,S5 Cabriolet quattro,Sous-compacte,3.0,6,AS8,Z,11.3,8.4,10.0,28,233,5,5
2023,Audi,S5 Coupé quattro,Sous-compacte,3.0,6,AS8,Z,11.1,8.0,9.7,29,226,5,5
2023,Audi,S5 Sportback quattro,Intermédiaire,3.0,6,AS8,Z,11.1,8.0,9.7,29,226,5,5
2023,Audi,S6 quattro,Intermédiaire,2.9,6,AS8,Z,12.3,9.0,10.8,26,254,5,5
2023,Audi,S7 quattro,Intermédiaire,2.9,6,AS8,Z,12.3,9.0,10.8,26,254,5,5
2023,Audi,S8 Sedan quattro,Grande berline,4.0,8,AS8,Z,15.9,10.3,13.4,21,313,4,3
2023,Audi,SQ5 quattro,Véhicule utilitaire sport : petit,3.0,6,AS8,Z,12.5,9.7,11.2,25,262,4,5
2023,Audi,SQ5 Sportback quattro,Véhicule utilitaire sport : petit,3.0,6,AS8,Z,12.5,9.7,11.2,25,262,4,5
2023,Audi,SQ7 quattro,Véhicule utilitaire sport : ordinaire,4.0,8,AS8,Z,16.1,11.3,13.9,20,325,3,3
2023,Audi,SQ8 quattro,Véhicule utilitaire sport : ordinaire,4.0,8,AS8,Z,16.1,11.3,13.9,20,325,3,3
2023,Audi,TT Coupé 45 TFSI quattro,Sous-compacte,2.0,4,AM7,X,10.5,8.0,9.4,30,221,5,7
2023,Audi,TT Roadster 45 TFSI quattro,Deux places,2.0,4,AM7,X,10.5,8.0,9.4,30,221,5,7
2023,Audi,TTS Coupé quattro,Sous-compacte,2.0,4,AM7,Z,10.0,7.7,9.0,31,209,5,3
2023,Bentley,Bentayga,Véhicule utilitaire sport : ordinaire,4.0,8,AS8,Z,16.2,11.2,14.0,20,328,3,3
2023,Bentley,Bentayga EWB,Véhicule utilitaire sport : ordinaire,4.0,8,AS8,Z,16.2,11.2,14.0,20,328,3,3
2023,Bentley,Bentayga Speed,Véhicule utilitaire sport : ordinaire,6.0,12,AS8,Z,19.3,12.7,16.3,17,383,2,3
2023,Bentley,Continental GT,Sous-compacte,4.0,8,AM8,Z,15.3,10.4,13.1,22,307,4,3
2023,Bentley,Continental GT Speed,Sous-compacte,6.0,12,AM8,Z,19.6,12.0,16.2,17,379,2,3
2023,Bentley,Continental GTC,Minicompacte,4.0,8,AM8,Z,15.8,10.5,13.4,21,315,4,3
2023,Bentley,Continental GTC Speed,Minicompacte,6.0,12,AM8,Z,20.3,12.9,17.0,17,395,2,3
2023,Bentley,Flying Spur,Intermédiaire,4.0,8,AM8,Z,15.9,10.8,13.6,21,319,3,3
2023,Bentley,Flying Spur Speed,Intermédiaire,6.0,12,AM8,Z,19.2,12.2,16.0,18,373,2,3
2023,BMW,230i xDrive Coupe,Sous-compacte,2.0,4,AS8,Z,9.6,6.9,8.4,34,195,6,3
2023,BMW,330i xDrive Sedan,Compacte,2.0,4,AS8,Z,9.8,7.0,8.6,33,200,6,7
2023,BMW,430i xDrive Cabriolet,Sous-compacte,2.0,4,AS8,Z,10.1,7.1,8.7,32,203,5,7
2023,BMW,430i xDrive Coupe,Sous-compacte,2.0,4,AS8,Z,10.1,7.1,8.7,32,203,5,7
2023,BMW,530i xDrive Sedan,Intermédiaire,2.0,4,AS8,Z,10.1,7.5,8.9,32,206,5,7
2023,BMW,540i xDrive Sedan,Intermédiaire,3.0,6,AS8,Z,10.5,8.1,9.4,30,219,5,5
2023,BMW,760i xDrive Sedan,Grande berline,4.4,8,AS8,Z,13.0,9.1,11.3,25,261,4,5
2023,BMW,ALPINA B8 Gran Coupe,Intermédiaire,4.4,8,AS8,Z,14.1,9.9,12.2,23,284,4,3
2023,BMW,ALPINA XB7,Véhicule utilitaire sport : ordinaire,4.4,8,AS8,Z,15.2,11.6,13.6,21,314,4,5
2023,BMW,M2 Coupe,Sous-compacte,3.0,6,AS8,Z,14.6,10.3,12.7,22,294,4,5
2023,BMW,M2 Coupe,Sous-compacte,3.0,6,M6,Z,14.3,10.0,12.4,23,287,4,5
2023,BMW,M235i xDrive Gran Coupe,Compacte,2.0,4,AS8,Z,9.8,7.2,8.6,33,202,5,3
2023,BMW,M240i xDrive Coupe,Sous-compacte,3.0,6,AS8,Z,10.4,7.4,9.0,31,210,5,5
2023,BMW,M3 Sedan,Compacte,3.0,6,M6,Z,14.7,10.1,12.6,22,293,4,5
2023,BMW,M3 Competition M xDrive Sedan,Compacte,3.0,6,AS8,Z,14.6,10.5,12.7,22,296,4,5
2023,BMW,M340i xDrive Sedan,Compacte,3.0,6,AS8,Z,10.3,7.4,9.0,31,210,5,5
2023,BMW,M4 Competition M xDrive Cabriolet,Sous-compacte,3.0,6,AS8,Z,15.1,10.4,12.9,22,301,4,5
2023,BMW,M4 Coupe,Sous-compacte,3.0,6,M6,Z,14.7,10.1,12.6,22,293,4,5
2023,BMW,M4 Competition M xDrive Coupe,Sous-compacte,3.0,6,AS8,Z,14.6,10.5,12.7,22,296,4,5
2023,BMW,M4 CSL Coupe,Sous-compacte,3.0,6,AS8,Z,15.0,10.3,12.9,22,301,4,5
2023,BMW,M440i xDrive Cabriolet,Sous-compacte,3.0,6,AS8,Z,10.6,7.7,9.3,30,216,5,5
2023,BMW,M440i xDrive Coupe,Sous-compacte,3.0,6,AS8,Z,10.7,7.6,9.3,30,216,5,5
2023,BMW,M5 Sedan,Intermédiaire,4.4,8,AS8,Z,16.1,11.1,13.8,20,324,3,3
2023,BMW,M5 Competition Sedan,Intermédiaire,4.4,8,AS8,Z,16.1,11.1,13.8,20,324,3,3
2023,BMW,M550i xDrive Sedan,Intermédiaire,4.4,8,AS8,Z,14.0,9.5,12.0,24,277,4,3
2023,BMW,M8 Competition Cabriolet,Sous-compacte,4.4,8,AS8,Z,16.1,10.9,13.7,21,321,3,3
2023,BMW,M8 Competition Coupe,Sous-compacte,4.4,8,AS8,Z,16.1,10.9,13.7,21,321,3,3
2023,BMW,M8 Competition Gran Coupe,Intermédiaire,4.4,8,AS8,Z,16.1,10.9,13.7,21,321,3,3
2023,BMW,M850i xDrive Cabriolet,Sous-compacte,4.4,8,AS8,Z,14.1,9.9,12.2,23,284,4,3
2023,BMW,M850i xDrive Coupe,Sous-compacte,4.4,8,AS8,Z,14.1,9.9,12.2,23,284,4,3
2023,BMW,M850i xDrive Gran Coupe,Intermédiaire,4.4,8,AS8,Z,14.1,9.9,12.2,23,284,4,3
2023,BMW,X1 xDrive28i,Véhicule utilitaire sport : petit,2.0,4,AM7,Z,9.6,7.0,8.4,34,195,6,8
2023,BMW,X3 xDrive30i,Véhicule utilitaire sport : petit,2.0,4,AS8,Z,11.0,8.4,9.9,29,229,5,7
2023,BMW,X3 M,Véhicule utilitaire sport : petit,3.0,6,AS8,Z,15.7,11.7,13.9,20,323,3,3
2023,BMW,X3 M Competition,Véhicule utilitaire sport : petit,3.0,6,AS8,Z,15.7,11.7,13.9,20,323,3,3
2023,BMW,X3 M40i,Véhicule utilitaire sport : petit,3.0,6,AS8,Z,10.9,9.0,10.1,28,235,5,5
2023,BMW,X4 xDrive30i,Véhicule utilitaire sport : petit,2.0,4,AS8,Z,11.0,8.4,9.9,29,229,5,7
2023,BMW,X4 M,Véhicule utilitaire sport : petit,3.0,6,AS8,Z,15.7,11.7,13.9,20,323,3,3
2023,BMW,X4 M Competition,Véhicule utilitaire sport : petit,3.0,6,AS8,Z,15.7,11.7,13.9,20,323,3,3
2023,BMW,X4 M40i,Véhicule utilitaire sport : petit,3.0,6,AS8,Z,10.9,9.0,10.1,28,235,5,5
2023,BMW,X5 xDrive40i,Véhicule utilitaire sport : ordinaire,3.0,6,AS8,Z,11.4,9.3,10.4,27,242,5,3
2023,BMW,X5 M,Véhicule utilitaire sport : ordinaire,4.4,8,AS8,Z,17.9,13.0,15.7,18,364,2,3
2023,BMW,X5 M Competition,Véhicule utilitaire sport : ordinaire,4.4,8,AS8,Z,17.9,13.0,15.7,18,364,2,3
2023,BMW,X5 M50i,Véhicule utilitaire sport : ordinaire,4.4,8,AS8,Z,14.7,10.9,13.0,22,302,4,3
2023,BMW,X6 xDrive40i,Véhicule utilitaire sport : ordinaire,3.0,6,AS8,Z,11.4,9.3,10.4,27,242,5,3
2023,BMW,X6 M,Véhicule utilitaire sport : ordinaire,4.4,8,AS8,Z,17.9,13.0,15.7,18,364,2,3
2023,BMW,X6 M Competition,Véhicule utilitaire sport : ordinaire,4.4,8,AS8,Z,17.9,13.0,15.7,18,364,2,3
2023,BMW,X6 M50i,Véhicule utilitaire sport : ordinaire,4.4,8,AS8,Z,14.7,10.9,13.0,22,302,4,3
2023,BMW,X7 xDrive40i,Véhicule utilitaire sport : ordinaire,3.0,6,AS8,Z,11.3,9.5,10.5,27,243,5,7
2023,BMW,X7 M60i xDrive,Véhicule utilitaire sport : ordinaire,4.4,8,AS8,Z,14.3,11.1,12.9,22,299,4,5
2023,BMW,Z4 sDrive30i,Deux places,2.0,4,AS8,Z,9.4,7.1,8.4,34,194,6,7
2023,BMW,Z4 M40i,Deux places,3.0,6,AS8,Z,10.4,7.5,9.1,31,210,5,5
2023,Bugatti,Chiron,Deux places,8.0,16,AM7,Z,26.8,16.6,22.2,13,522,1,1
2023,Bugatti,Chiron Pur Sport,Deux places,8.0,16,AM7,Z,30.3,20.9,26.1,11,608,1,1
2023,Bugatti,Chiron Super Sport,Deux places,8.0,16,AM7,Z,30.3,20.9,26.1,11,608,1,1
2023,Buick,Enclave AWD,Véhicule utilitaire sport : ordinaire,3.6,6,A9,X,13.6,9.6,11.8,24,277,4,6
2023,Buick,Encore GX,Véhicule utilitaire sport : petit,1.2,3,AV,X,8.0,7.6,7.8,36,184,6,7
2023,Buick,Encore GX,Véhicule utilitaire sport : petit,1.3,3,AV,X,8.2,7.4,7.9,36,185,6,7
2023,Buick,Encore GX AWD,Véhicule utilitaire sport : petit,1.3,3,A9,X,9.0,8.3,8.6,33,202,5,7
2023,Buick,Envision,Véhicule utilitaire sport : petit,2.0,4,AS9,X,10.2,7.5,9.0,31,211,5,7
2023,Buick,Envision AWD,Véhicule utilitaire sport : petit,2.0,4,AS9,X,10.5,8.2,9.5,30,222,5,7
2023,Cadillac,CT4,Compacte,2.0,4,AS8,Z,10.2,7.0,8.8,32,206,5,7
2023,Cadillac,CT4,Compacte,2.7,4,AS10,Z,11.0,7.6,9.5,30,221,5,6
2023,Cadillac,CT4 AWD,Compacte,2.0,4,AS8,Z,10.5,7.6,9.2,31,216,5,7
2023,Cadillac,CT4 AWD,Compacte,2.7,4,AS10,Z,11.3,8.1,9.9,29,231,5,6
2023,Cadillac,CT4-V,Compacte,2.7,4,AS10,Z,11.9,8.2,10.2,28,239,5,6
2023,Cadillac,CT4-V AWD,Compacte,2.7,4,AS10,Z,12.0,8.4,10.4,27,244,5,6
2023,Cadillac,CT4-V Blackwing,Compacte,3.6,6,AS10,Z,15.0,9.7,12.6,22,297,4,5
2023,Cadillac,CT4-V Blackwing,Compacte,3.6,6,M6,Z,15.2,10.2,13.0,22,303,4,5
2023,Cadillac,CT5,Intermédiaire,2.0,4,AS10,Z,10.3,7.1,8.8,32,207,5,7
2023,Cadillac,CT5,Intermédiaire,3.0,6,AS10,Z,12.4,8.7,10.7,26,252,5,5
2023,Cadillac,CT5 AWD,Intermédiaire,2.0,4,AS10,Z,10.9,7.8,9.5,30,222,5,7
2023,Cadillac,CT5 AWD,Intermédiaire,3.0,6,AS10,Z,13.1,9.1,11.3,25,265,4,5
2023,Cadillac,CT5-V,Intermédiaire,3.0,6,AS10,Z,13.1,8.8,11.2,25,263,4,5
2023,Cadillac,CT5-V AWD,Intermédiaire,3.0,6,AS10,Z,13.1,9.1,11.3,25,265,4,5
2023,Cadillac,CT5-V Blackwing,Intermédiaire,6.2,8,AS10,Z,17.9,11.0,14.8,19,347,3,3
2023,Cadillac,CT5-V Blackwing,Intermédiaire,6.2,8,M6,Z,18.4,11.4,15.2,19,368,2,3
2023,Cadillac,Escalade 4WD,Véhicule utilitaire sport : ordinaire,3.0,6,A10,D,11.7,9.0,10.5,27,281,4,3
2023,Cadillac,Escalade 4WD,Véhicule utilitaire sport : ordinaire,6.2,8,A10,Z,16.6,13.1,15.0,19,352,3,6
2023,Cadillac,Escalade-V AWD,Véhicule utilitaire sport : ordinaire,6.2,8,AS10,Z,21.6,14.9,18.6,15,436,1,3
2023,Cadillac,XT4,Véhicule utilitaire sport : petit,2.0,4,AS9,Z,10.2,7.8,9.1,31,214,5,7
2023,Cadillac,XT4 AWD,Véhicule utilitaire sport : petit,2.0,4,AS9,Z,10.9,8.2,9.7,29,228,5,7
2023,Cadillac,XT5,Véhicule utilitaire sport : petit,2.0,4,AS9,Z,10.9,8.2,9.7,29,228,5,7
2023,Cadillac,XT5 AWD,Véhicule utilitaire sport : petit,2.0,4,AS9,Z,11.2,8.7,10.1,28,237,5,7
2023,Cadillac,XT5 AWD,Véhicule utilitaire sport : petit,3.6,6,AS9,X,12.9,9.3,11.3,25,265,4,6
2023,Cadillac,XT6 AWD,Véhicule utilitaire sport : petit,2.0,4,AS9,Z,11.2,9.0,10.2,28,239,5,7
2023,Cadillac,XT6 AWD,Véhicule utilitaire sport : petit,3.6,6,AS9,X,13.1,9.5,11.5,25,269,4,6
2023,Chevrolet,Blazer,Véhicule utilitaire sport : petit,2.0,4,A9,X,10.6,8.0,9.4,30,227,5,7
2023,Chevrolet,Blazer AWD,Véhicule utilitaire sport : petit,2.0,4,A9,X,10.8,8.7,9.9,29,232,5,7
2023,Chevrolet,Blazer AWD,Véhicule utilitaire sport : petit,3.6,6,A9,X,12.6,9.2,11.0,26,259,4,6
2023,Chevrolet,Camaro,Sous-compacte,2.0,4,AS8,Z,10.9,7.8,9.5,30,222,5,5
2023,Chevrolet,Camaro,Sous-compacte,2.0,4,M6,Z,12.6,8.3,10.7,26,249,5,5
2023,Chevrolet,Camaro,Sous-compacte,3.6,6,AS10,X,12.8,8.2,10.7,26,253,5,6
2023,Chevrolet,Camaro,Sous-compacte,3.6,6,M6,X,14.4,9.1,12.0,24,281,4,6
2023,Chevrolet,Camaro SS,Sous-compacte,6.2,8,AS10,Z,14.6,8.9,12.0,24,281,4,1
2023,Chevrolet,Camaro SS,Sous-compacte,6.2,8,M6,Z,14.9,9.9,12.6,22,297,4,1
2023,Chevrolet,Camaro ZL1,Sous-compacte,6.2,8,AS10,Z,18.3,11.2,15.1,19,355,3,1
2023,Chevrolet,Camaro ZL1,Sous-compacte,6.2,8,M6,Z,17.2,12.0,14.9,19,349,3,1
2023,Chevrolet,Colorado,Camionnette : petite,2.7,4,A8,X,11.7,9.5,10.7,26,252,5,7
2023,Chevrolet,Colorado (Turbo Plus),Camionnette : petite,2.7,4,A8,X,13.0,10.3,11.8,24,277,4,7
2023,Chevrolet,Colorado 4WD,Camionnette : petite,2.7,4,A8,X,12.3,10.2,11.3,25,265,4,7
2023,Chevrolet,Colorado 4WD (Turbo Plus),Camionnette : petite,2.7,4,A8,X,13.5,11.0,12.4,23,290,4,7
2023,Chevrolet,Colorado 4WD Mud Terrain Tire (Turbo Plus),Camionnette : petite,2.7,4,A8,X,13.9,12.1,13.1,22,307,4,7
2023,Chevrolet,Colorado ZR2 4WD,Camionnette : petite,2.7,4,A8,X,14.3,14.3,14.3,20,335,3,7
2023,Chevrolet,Corvette,Deux places,6.2,8,AS8,Z,15.0,9.8,12.7,22,299,4,5
2023,Chevrolet,Corvette Z06,Deux places,5.5,8,AS8,Z,19.4,11.4,15.8,18,371,2,3
2023,Chevrolet,Corvette Z06 Carbon Aero,Deux places,5.5,8,AS8,Z,20.0,12.7,16.7,17,392,2,3
2023,Chevrolet,Equinox,Véhicule utilitaire sport : petit,1.5,4,A6,X,8.9,7.7,8.4,34,197,6,7
2023,Chevrolet,Equinox AWD,Véhicule utilitaire sport : petit,1.5,4,A6,X,9.9,7.9,9.0,31,211,5,7
2023,Chevrolet,Malibu,Intermédiaire,1.5,4,AV,X,8.6,6.8,7.8,36,181,6,7
2023,Chevrolet,Silverado,Camionnette : ordinaire,2.7,4,A8,X,12.7,11.2,12.0,24,281,4,7
2023,Chevrolet,Silverado,Camionnette : ordinaire,3.0,6,A10,D,10.0,8.1,9.2,31,247,5,5
2023,Chevrolet,Silverado,Camionnette : ordinaire,5.3,8,A10,X,14.0,11.1,12.7,22,298,4,6
2023,Chevrolet,Silverado FFV,Camionnette : ordinaire,5.3,8,A10,X,14.3,11.7,13.1,22,308,4,5
2023,Chevrolet,Silverado FFV,Camionnette : ordinaire,5.3,8,A10,E,19.6,15.3,17.7,16,293,4,5
2023,Chevrolet,Silverado 4WD,Camionnette : ordinaire,2.7,4,A8,X,12.9,11.5,12.2,23,288,4,7
2023,Chevrolet,Silverado 4WD Mud Terrain Tire,Camionnette : ordinaire,2.7,4,A8,X,13.8,13.2,13.6,21,318,3,7
2023,Chevrolet,Silverado 4WD,Camionnette : ordinaire,3.0,6,A10,D,10.7,8.7,9.8,29,264,4,5
2023,Chevrolet,Silverado 4WD Mud Terrain Tire,Camionnette : ordinaire,3.0,6,A10,D,11.1,10.2,10.7,26,288,4,5
2023,Chevrolet,Silverado 4WD,Camionnette : ordinaire,5.3,8,A10,X,14.8,11.8,13.5,21,325,3,6
2023,Chevrolet,Silverado 4WD FFV,Camionnette : ordinaire,5.3,8,A10,X,15.2,12.2,13.9,20,326,3,5
2023,Chevrolet,Silverado 4WD FFV,Camionnette : ordinaire,5.3,8,A10,E,21.3,16.6,19.2,15,318,3,5
2023,Chevrolet,Silverado 4WD Mud Terrain Tire,Camionnette : ordinaire,5.3,8,A10,X,15.8,13.2,14.6,19,343,3,6
2023,Chevrolet,Silverado 4WD Mud Terrain Tire FFV,Camionnette : ordinaire,5.3,8,A10,X,15.2,12.2,13.9,20,326,3,5
2023,Chevrolet,Silverado 4WD Mud Terrain Tire FFV,Camionnette : ordinaire,5.3,8,A10,E,21.3,16.6,19.2,15,318,3,5
2023,Chevrolet,Silverado 4WD,Camionnette : ordinaire,6.2,8,A10,Z,14.9,12.0,13.6,21,319,3,6
2023,Chevrolet,Silverado 4WD Mud Terrain Tire,Camionnette : ordinaire,6.2,8,A10,Z,16.7,12.7,14.9,19,349,3,6
2023,Chevrolet,Silverado 4WD ZR2,Camionnette : ordinaire,6.2,8,A10,Z,16.7,14.0,15.5,18,364,2,6
2023,Chevrolet,Suburban,Véhicule utilitaire sport : ordinaire,3.0,6,A10,D,11.2,8.7,10.1,28,272,4,3
2023,Chevrolet,Suburban,Véhicule utilitaire sport : ordinaire,5.3,8,A10,X,15.8,11.8,14.0,20,327,3,6
2023,Chevrolet,Suburban 4WD,Véhicule utilitaire sport : ordinaire,3.0,6,A10,D,11.7,9.0,10.5,27,281,4,3
2023,Chevrolet,Suburban 4WD,Véhicule utilitaire sport : ordinaire,5.3,8,A10,X,16.0,12.7,14.5,19,339,3,6
2023,Chevrolet,Suburban 4WD,Véhicule utilitaire sport : ordinaire,6.2,8,A10,Z,16.6,13.1,15.0,19,352,3,6
2023,Chevrolet,Tahoe,Véhicule utilitaire sport : ordinaire,3.0,6,A10,D,11.0,8.5,9.9,29,265,4,3
2023,Chevrolet,Tahoe,Véhicule utilitaire sport : ordinaire,5.3,8,A10,X,15.8,11.8,14.0,20,327,3,6
2023,Chevrolet,Tahoe 4WD,Véhicule utilitaire sport : ordinaire,3.0,6,A10,D,11.7,9.0,10.5,27,281,4,3
2023,Chevrolet,Tahoe 4WD,Véhicule utilitaire sport : ordinaire,5.3,8,A10,X,15.8,11.8,14.0,20,327,3,6
2023,Chevrolet,Tahoe 4WD,Véhicule utilitaire sport : ordinaire,6.2,8,A10,Z,16.6,13.1,15.0,19,352,3,6
2023,Chevrolet,Trailblazer,Véhicule utilitaire sport : petit,1.2,3,AV,X,8.0,7.6,7.8,36,184,6,7
2023,Chevrolet,Trailblazer,Véhicule utilitaire sport : petit,1.3,3,AV,X,8.1,7.2,7.7,37,180,6,7
2023,Chevrolet,Trailblazer AWD,Véhicule utilitaire sport : petit,1.3,3,A9,X,8.9,7.8,8.4,34,197,6,7
2023,Chevrolet,Traverse AWD,Véhicule utilitaire sport : ordinaire,3.6,6,A9,X,13.6,9.6,11.8,24,277,4,6
2023,Chrysler,300,Grande berline,3.6,6,A8,X,12.4,7.8,10.3,27,242,5,5
2023,Chrysler,300,Grande berline,5.7,8,A8,X,14.7,9.4,12.3,23,289,4,3
2023,Chrysler,300 AWD,Grande berline,3.6,6,A8,X,12.8,8.7,11.0,26,258,4,5
2023,Chrysler,300C,Grande berline,6.4,8,A8,Z,15.9,9.6,13.1,22,307,4,1
2023,Chrysler,Grand Caravan,Fourgonnette,3.6,6,A9,X,12.4,8.4,10.6,27,249,5,7
2023,Chrysler,Pacifica,Fourgonnette,3.6,6,A9,X,12.4,8.4,10.6,27,249,5,7
2023,Chrysler,Pacifica AWD,Fourgonnette,3.6,6,A9,X,14.1,9.4,12.0,24,279,4,7
2023,Dodge,Challenger,Intermédiaire,3.6,6,A8,X,12.4,7.8,10.3,27,242,5,5
2023,Dodge,Challenger (MDS),Intermédiaire,5.7,8,A8,X,14.7,9.4,12.3,23,289,4,3
2023,Dodge,Challenger,Intermédiaire,5.7,8,M6,Z,15.6,10.1,13.1,22,307,4,1
2023,Dodge,Challenger (MDS),Intermédiaire,6.4,8,A8,Z,15.9,9.6,13.1,22,307,4,1
2023,Dodge,Challenger,Intermédiaire,6.4,8,M6,Z,16.7,10.4,13.9,20,325,3,1
2023,Dodge,Challenger AWD,Intermédiaire,3.6,6,A8,X,12.8,8.7,11.0,26,258,4,5
2023,Dodge,Challenger Widebody (MDS),Intermédiaire,6.4,8,A8,Z,15.9,9.6,13.1,22,307,4,1
2023,Dodge,Challenger Widebody,Intermédiaire,6.4,8,M6,Z,16.7,10.4,13.9,20,325,3,1
2023,Dodge,Challenger SRT Demon 170,Intermédiaire,6.2,8,A8,Z,22.9,13.7,18.8,15,440,1,1
2023,Dodge,Challenger SRT Demon 170,Intermédiaire,6.2,8,A8,E,30.7,18.2,25.0,11,419,1,1
2023,Dodge,Challenger SRT Hellcat,Intermédiaire,6.2,8,A8,Z,17.6,10.7,14.5,19,339,3,1
2023,Dodge,Challenger SRT Hellcat,Intermédiaire,6.2,8,M6,Z,18.1,11.4,15.1,19,352,3,1
2023,Dodge,Challenger SRT Hellcat Widebody,Intermédiaire,6.2,8,A8,Z,18.6,11.4,15.4,18,359,2,1
2023,Dodge,Challenger SRT Hellcat Widebody,Intermédiaire,6.2,8,M6,Z,18.1,11.4,15.1,19,352,3,1
2023,Dodge,Charger,Grande berline,3.6,6,A8,X,12.4,7.8,10.3,27,242,5,5
2023,Dodge,Charger (MDS),Grande berline,5.7,8,A8,X,14.7,9.4,12.3,23,289,4,3
2023,Dodge,Charger (MDS),Grande berline,6.4,8,A8,Z,15.9,9.6,13.1,22,307,4,1
2023,Dodge,Charger AWD,Grande berline,3.6,6,A8,X,12.8,8.7,11.0,26,258,4,5
2023,Dodge,Charger Widebody (MDS),Grande berline,6.4,8,A8,Z,15.9,9.6,13.1,22,307,4,1
2023,Dodge,Charger SRT Hellcat Widebody,Grande berline,6.2,8,A8,Z,19.0,11.5,15.6,18,368,2,1
2023,Dodge,Durango AWD,Véhicule utilitaire sport : ordinaire,3.6,6,A8,X,13.0,9.4,11.3,25,266,4,7
2023,Dodge,Durango AWD,Véhicule utilitaire sport : ordinaire,5.7,8,A8,X,16.7,10.9,14.1,20,331,3,5
2023,Dodge,Durango AWD SRT,Véhicule utilitaire sport : ordinaire,6.4,8,A8,Z,18.3,12.2,15.6,18,363,2,1
2023,Dodge,Durango AWD SRT Hellcat,Véhicule utilitaire sport : ordinaire,6.2,8,A8,Z,20.5,13.8,17.4,16,410,1,1
2023,Dodge,Hornet AWD,Véhicule utilitaire sport : petit,2.0,4,A9,X,11.2,8.2,9.9,29,231,5,7
2023,FIAT,500X AWD,Véhicule utilitaire sport : petit,1.3,4,A9,X,10.0,7.9,9.1,31,221,5,6
2023,Ford,Bronco 4WD,Véhicule utilitaire sport : petit,2.3,4,AS10,X,12.1,11.1,11.6,24,273,4,5
2023,Ford,Bronco 4WD,Véhicule utilitaire sport : petit,2.3,4,M7,X,11.9,11.2,11.6,24,272,4,5
2023,Ford,Bronco 4WD,Véhicule utilitaire sport : petit,2.7,6,AS10,X,12.5,11.5,12.0,24,283,4,5
2023,Ford,Bronco Badlands 4WD,Véhicule utilitaire sport : petit,2.3,4,AS10,X,13.8,13.8,13.8,20,324,3,5
2023,Ford,Bronco Badlands 4WD,Véhicule utilitaire sport : petit,2.3,4,M7,X,14.7,13.8,14.3,20,336,3,5
2023,Ford,Bronco Badlands 4WD,Véhicule utilitaire sport : petit,2.7,6,AS10,X,14.1,14.1,14.1,20,331,3,5
2023,Ford,Bronco Black Diamond 4WD,Véhicule utilitaire sport : petit,2.3,4,AS10,X,13.1,13.1,13.1,22,308,4,5
2023,Ford,Bronco Black Diamond 4WD,Véhicule utilitaire sport : petit,2.3,4,M7,X,14.7,13.1,14.0,20,329,3,5
2023,Ford,Bronco Black Diamond 4WD,Véhicule utilitaire sport : petit,2.7,6,AS10,X,13.1,13.1,13.1,22,308,4,5
2023,Ford,Bronco Raptor 4WD,Véhicule utilitaire sport : ordinaire,3.0,6,AS10,X,15.7,14.8,15.3,18,358,2,5
2023,Ford,Bronco Sasquatch 4WD,Véhicule utilitaire sport : petit,2.3,4,AS10,X,13.1,13.8,13.4,21,314,4,5
2023,Ford,Bronco Sasquatch 4WD,Véhicule utilitaire sport : petit,2.3,4,M7,X,14.7,13.1,14.0,20,329,3,5
2023,Ford,Bronco Sasquatch 4WD,Véhicule utilitaire sport : petit,2.7,6,AS10,X,14.1,14.1,14.1,20,331,3,5
2023,Ford,Bronco Sport 4WD,Véhicule utilitaire sport : petit,1.5,3,A8,X,9.3,8.4,8.9,32,209,5,7
2023,Ford,Bronco Sport 4WD,Véhicule utilitaire sport : petit,2.0,4,AS8,X,11.1,9.0,10.2,28,240,5,6
2023,Ford,Edge AWD,Véhicule utilitaire sport : petit,2.0,4,A8,X,11.6,8.5,10.2,28,239,5,6
2023,Ford,Edge AWD,Véhicule utilitaire sport : petit,2.0,4,AS8,X,11.5,8.4,10.1,28,238,5,6
2023,Ford,Edge AWD,Véhicule utilitaire sport : petit,2.7,6,AS8,X,12.7,9.3,11.2,25,262,4,6
2023,Ford,Escape,Véhicule utilitaire sport : petit,1.5,3,A8,X,8.9,6.9,8.0,35,188,6,8
2023,Ford,Escape AWD,Véhicule utilitaire sport : petit,1.5,3,A8,X,9.2,7.4,8.4,34,197,6,8
2023,Ford,Escape AWD,Véhicule utilitaire sport : petit,2.0,4,A8,X,10.2,7.6,9.1,31,211,5,7
2023,Ford,Escape Hybrid,Véhicule utilitaire sport : petit,2.5,4,AV,X,5.6,6.5,6.0,47,140,7,8
2023,Ford,Escape Hybrid AWD,Véhicule utilitaire sport : petit,2.5,4,AV,X,5.6,6.5,6.0,47,140,7,8
2023,Ford,Expedition 4X4,Véhicule utilitaire sport : ordinaire,3.5,6,AS10,X,14.7,10.6,12.9,22,302,4,6
2023,Ford,Expedition 4X4 (Without Stop-Start),Véhicule utilitaire sport : ordinaire,3.5,6,AS10,X,15.4,11.2,13.5,21,318,3,6
2023,Ford,Expedition Timberline 4X4,Véhicule utilitaire sport : ordinaire,3.5,6,AS10,X,14.5,12.3,13.5,21,318,3,6
2023,Ford,Expedition Timberline 4X4 (Without Stop-Start),Véhicule utilitaire sport : ordinaire,3.5,6,AS10,X,15.2,12.3,13.9,20,327,3,6
2023,Ford,Explorer AWD,Véhicule utilitaire sport : ordinaire,2.3,4,A10,X,11.6,8.7,10.3,27,241,5,7
2023,Ford,Explorer AWD (Without Stop-Start),Véhicule utilitaire sport : ordinaire,2.3,4,A10,X,12.0,9.0,10.7,26,251,5,7
2023,Ford,Explorer AWD,Véhicule utilitaire sport : ordinaire,3.0,6,A10,X,13.4,9.8,11.8,24,277,4,5
2023,Ford,Explorer AWD (Without Stop-Start),Véhicule utilitaire sport : ordinaire,3.0,6,A10,X,13.8,9.6,11.9,24,280,4,5
2023,Ford,Explorer AWD,Véhicule utilitaire sport : ordinaire,3.0,6,AS10,X,13.4,9.8,11.8,24,277,4,5
2023,Ford,Explorer AWD (Without Stop-Start),Véhicule utilitaire sport : ordinaire,3.0,6,AS10,X,13.9,9.7,12.0,23,282,4,5
2023,Ford,Explorer Timberline AWD,Véhicule utilitaire sport : ordinaire,2.3,4,AS10,X,12.2,10.5,11.5,25,269,4,7
2023,Ford,Explorer Timberline AWD (Without Stop-Start),Véhicule utilitaire sport : ordinaire,2.3,4,AS10,X,12.5,11.0,11.8,24,277,4,7
2023,Ford,Explorer Hybrid AWD,Véhicule utilitaire sport : ordinaire,3.3,6,A10,X,10.1,9.0,9.6,29,225,5,6
2023,Ford,F-150,Camionnette : ordinaire,2.7,6,AS10,X,12.0,9.2,10.7,26,252,5,6
2023,Ford,F-150 (Without Stop-Start),Camionnette : ordinaire,2.7,6,AS10,X,13.0,9.6,11.5,25,269,4,6
2023,Ford,F-150 FFV,Camionnette : ordinaire,3.3,6,AS10,X,12.2,9.8,11.1,25,261,4,6
2023,Ford,F-150 FFV,Camionnette : ordinaire,3.3,6,AS10,E,16.8,12.8,15.0,19,244,5,6
2023,Ford,F-150 FFV (Without Stop-Start),Camionnette : ordinaire,3.3,6,AS10,X,12.5,10.2,11.5,25,268,4,6
2023,Ford,F-150 FFV (Without Stop-Start),Camionnette : ordinaire,3.3,6,AS10,E,17.5,12.4,15.2,19,253,5,6
2023,Ford,F-150,Camionnette : ordinaire,3.5,6,AS10,X,13.4,10.2,12.0,24,281,4,6
2023,Ford,F-150 FFV,Camionnette : ordinaire,5.0,8,AS10,X,14.1,10.2,12.4,23,291,4,5
2023,Ford,F-150 FFV,Camionnette : ordinaire,5.0,8,AS10,E,19.4,13.2,16.6,17,270,4,5
2023,Ford,F-150 FFV (Without Stop-Start),Camionnette : ordinaire,5.0,8,AS10,X,14.6,10.4,12.7,22,300,4,5
2023,Ford,F-150 FFV (Without Stop-Start),Camionnette : ordinaire,5.0,8,AS10,E,19.9,13.8,17.2,16,279,4,5
2023,Ford,F-150 4X4,Camionnette : ordinaire,2.7,6,AS10,X,12.8,10.0,11.5,25,271,4,6
2023,Ford,F-150 4X4 (Without Stop-Start),Camionnette : ordinaire,2.7,6,AS10,X,13.5,10.2,12.0,24,280,4,6
2023,Ford,F-150 4X4 FFV,Camionnette : ordinaire,3.3,6,AS10,X,12.6,10.7,11.8,24,277,4,6
2023,Ford,F-150 4X4 FFV,Camionnette : ordinaire,3.3,6,AS10,E,17.1,13.1,15.3,18,247,5,6
2023,Ford,F-150 4X4,Camionnette : ordinaire,3.5,6,AS10,X,13.6,10.3,12.1,23,284,4,6
2023,Ford,F-150 4X4 (Without Stop-Start),Camionnette : ordinaire,3.5,6,AS10,X,14.6,11.0,13.0,22,308,4,6
2023,Ford,F-150 4X4 FFV,Camionnette : ordinaire,5.0,8,AS10,X,14.2,10.9,12.7,22,298,4,5
2023,Ford,F-150 4X4 FFV,Camionnette : ordinaire,5.0,8,AS10,E,19.7,13.8,17.1,17,278,4,5
2023,Ford,F-150 4X4 FFV (Without Stop-Start),Camionnette : ordinaire,5.0,8,AS10,X,15.0,10.9,13.2,21,309,4,5
2023,Ford,F-150 4X4 FFV (Without Stop-Start),Camionnette : ordinaire,5.0,8,AS10,E,20.4,14.1,17.6,16,286,4,5
2023,Ford,F-150 Raptor 4X4,Camionnette : ordinaire,3.5,6,AS10,X,15.8,13.2,14.6,19,344,3,6
2023,Ford,F-150 Raptor 4X4 (Without Stop-Start),Camionnette : ordinaire,3.5,6,AS10,X,16.8,13.2,15.2,19,357,2,6
2023,Ford,F-150 Raptor 37 4X4,Camionnette : ordinaire,3.5,6,AS10,X,16.0,14.4,15.3,18,359,2,6
2023,Ford,F-150 Raptor 37 4X4 (Without Stop-Start),Camionnette : ordinaire,3.5,6,AS10,X,16.6,14.8,15.8,18,370,2,6
2023,Ford,F-150 Raptor R 4X4,Camionnette : ordinaire,5.2,8,AS10,X,22.8,15.9,19.7,14,460,1,5
2023,Ford,F-150 Tremor 4X4,Camionnette : ordinaire,3.5,6,AS10,X,14.3,11.8,13.1,22,309,4,6
2023,Ford,F-150 Tremor 4X4 (Without Stop-Start),Camionnette : ordinaire,3.5,6,AS10,X,14.6,11.6,13.3,21,311,4,6
2023,Ford,F-150 Tremor 4X4 FFV,Camionnette : ordinaire,5.0,8,AS10,X,15.2,11.9,13.7,21,321,3,5
2023,Ford,F-150 Tremor 4X4 FFV,Camionnette : ordinaire,5.0,8,AS10,E,20.3,15.2,18.0,16,295,4,5
2023,Ford,F-150 Tremor 4X4 FFV (Without Stop-Start),Camionnette : ordinaire,5.0,8,AS10,X,15.4,11.8,13.8,20,322,3,5
2023,Ford,F-150 Tremor 4X4 FFV (Without Stop-Start),Camionnette : ordinaire,5.0,8,AS10,E,20.7,15.0,18.1,16,298,4,5
2023,Ford,F-150 Hybrid,Camionnette : ordinaire,3.5,6,AS10,X,10.1,10.1,10.1,28,236,5,6
2023,Ford,F-150 Hybrid 4X4,Camionnette : ordinaire,3.5,6,AS10,X,10.5,10.4,10.4,27,245,5,6
2023,Ford,Maverick AWD,Camionnette : petite,2.0,4,A8,X,10.9,8.4,9.8,29,230,5,6
2023,Ford,Maverick Tremor AWD,Camionnette : petite,2.0,4,A8,X,11.9,9.9,11.0,26,257,4,6
2023,Ford,Maverick Hybrid,Camionnette : petite,2.5,4,AV,X,5.8,7.1,6.4,44,149,7,7
2023,Ford,Mustang,Sous-compacte,2.3,4,A10,X,11.0,7.4,9.3,30,220,5,5
2023,Ford,Mustang,Sous-compacte,2.3,4,AS10,X,11.6,8.1,10.0,28,235,5,5
2023,Ford,Mustang (High Performance),Sous-compacte,2.3,4,AS10,X,11.7,8.6,10.3,27,242,5,5
2023,Ford,Mustang,Sous-compacte,2.3,4,M6,X,11.6,8.3,10.1,28,238,5,5
2023,Ford,Mustang (High Performance),Sous-compacte,2.3,4,M6,X,11.9,8.7,10.5,27,246,5,5
2023,Ford,Mustang,Sous-compacte,5.0,8,AS10,X,15.2,9.7,12.7,22,299,4,5
2023,Ford,Mustang,Sous-compacte,5.0,8,M6,X,16.2,10.2,13.5,21,317,3,5
2023,Ford,Mustang Convertible,Sous-compacte,2.3,4,A10,X,11.8,8.3,10.2,28,240,5,5
2023,Ford,Mustang Convertible,Sous-compacte,2.3,4,AS10,X,12.0,8.5,10.4,27,244,5,5
2023,Ford,Mustang Convertible (High Performance),Sous-compacte,2.3,4,AS10,X,12.1,8.9,10.7,26,252,5,5
2023,Ford,Mustang Convertible,Sous-compacte,2.3,4,M6,X,11.8,8.6,10.4,27,244,5,5
2023,Ford,Mustang Convertible (High Performance),Sous-compacte,2.3,4,M6,X,12.3,9.2,10.9,26,256,5,5
2023,Ford,Mustang Convertible,Sous-compacte,5.0,8,AS10,X,15.8,10.4,13.4,21,313,4,5
2023,Ford,Mustang Mach 1,Sous-compacte,5.0,8,AS10,X,15.2,10.1,12.9,22,303,4,5
2023,Ford,Mustang Mach 1,Sous-compacte,5.0,8,M6,X,17.3,11.3,14.6,19,343,3,5
2023,Ford,Ranger 4WD,Camionnette : ordinaire,2.3,4,AS10,X,11.8,9.6,10.8,26,255,5,3
2023,Ford,Ranger 4WD (Without Stop-Start),Camionnette : ordinaire,2.3,4,AS10,X,12.3,9.7,11.1,25,261,4,3
2023,Ford,Ranger Tremor 4WD,Camionnette : ordinaire,2.3,4,AS10,X,12.4,12.3,12.4,23,293,4,3
2023,Ford,Transit Connect Van,Véhicule à usage spécial,2.0,4,AS8,X,9.8,8.9,9.4,30,221,5,6
2023,Ford,Transit Connect Wagon LWB,Véhicule à usage spécial,2.0,4,AS8,X,10.0,8.3,9.2,31,216,5,6
2023,Genesis,G70 AWD,Compacte,2.0,4,AS8,Z,11.4,8.2,10.0,28,236,5,3
2023,Genesis,G70 AWD,Compacte,3.3,6,AS8,Z,13.5,9.1,11.5,25,273,4,3
2023,Genesis,G80 AWD,Grande berline,2.5,4,AS8,Z,10.8,7.9,9.5,30,225,5,5
2023,Genesis,G80 AWD,Grande berline,3.5,6,AS8,Z,14.8,9.9,12.6,22,298,4,5
2023,Genesis,G90,Grande berline,3.5,6,AM8,Z,13.6,9.6,11.8,24,274,4,5
2023,Genesis,GV70 AWD,Véhicule utilitaire sport : petit,2.5,4,AS8,Z,10.7,8.4,9.7,29,229,5,5
2023,Genesis,GV70 AWD,Véhicule utilitaire sport : petit,3.5,6,AS8,Z,12.9,10.0,11.6,24,275,4,5
2023,Genesis,GV80 AWD,Véhicule utilitaire sport : ordinaire,2.5,4,AS8,Z,11.3,9.5,10.5,27,248,5,5
2023,Genesis,GV80 AWD,Véhicule utilitaire sport : ordinaire,3.5,6,AS8,Z,12.9,10.4,11.8,24,279,4,5
2023,GMC,Acadia AWD,Véhicule utilitaire sport : ordinaire,2.0,4,A9,X,10.8,8.7,9.9,29,232,5,7
2023,GMC,Acadia AWD,Véhicule utilitaire sport : ordinaire,3.6,6,A9,X,12.6,9.2,11.0,26,259,4,6
2023,GMC,Canyon,Camionnette : petite,2.7,4,A8,X,13.0,10.3,11.8,24,277,4,7
2023,GMC,Canyon 4WD,Camionnette : petite,2.7,4,A8,X,13.5,11.0,12.4,23,290,4,7
2023,GMC,Canyon 4WD Mud Terrain Tire,Camionnette : petite,2.7,4,A8,X,13.9,12.0,13.1,22,308,4,7
2023,GMC,Canyon AT4X 4WD,Camionnette : petite,2.7,4,A8,X,14.3,14.3,14.3,20,335,3,7
2023,GMC,Sierra,Camionnette : ordinaire,2.7,4,A8,X,12.7,11.2,12.0,24,281,4,7
2023,GMC,Sierra,Camionnette : ordinaire,3.0,6,A10,D,10.0,8.1,9.2,31,247,5,5
2023,GMC,Sierra,Camionnette : ordinaire,5.3,8,A10,X,14.3,11.2,12.9,22,303,4,6
2023,GMC,Sierra FFV,Camionnette : ordinaire,5.3,8,A10,X,14.3,11.7,13.1,22,308,4,5
2023,GMC,Sierra FFV,Camionnette : ordinaire,5.3,8,A10,E,19.6,15.3,17.7,16,293,4,5
2023,GMC,Sierra 4WD,Camionnette : ordinaire,2.7,4,A8,X,13.1,11.6,12.4,23,291,4,7
2023,GMC,Sierra 4WD Mud Terrain Tire,Camionnette : ordinaire,2.7,4,A8,X,13.8,13.2,13.6,21,318,3,7
2023,GMC,Sierra 4WD,Camionnette : ordinaire,3.0,6,A10,D,10.7,8.7,9.8,29,264,4,5
2023,GMC,Sierra 4WD Mud Terrain Tire,Camionnette : ordinaire,3.0,6,A10,D,11.1,10.2,10.7,26,288,4,5
2023,GMC,Sierra 4WD,Camionnette : ordinaire,5.3,8,A10,X,14.8,11.8,13.5,21,325,3,6
2023,GMC,Sierra 4WD FFV,Camionnette : ordinaire,5.3,8,A10,X,15.2,12.2,13.9,20,326,3,5
2023,GMC,Sierra 4WD FFV,Camionnette : ordinaire,5.3,8,A10,E,21.3,16.6,19.2,15,318,3,5
2023,GMC,Sierra 4WD Mud Terrain Tire,Camionnette : ordinaire,5.3,8,A10,X,16.0,13.2,14.8,19,346,3,6
2023,GMC,Sierra 4WD Mud Terrain Tire FFV,Camionnette : ordinaire,5.3,8,A10,X,15.2,12.2,13.9,20,326,3,5
2023,GMC,Sierra 4WD Mud Terrain Tire FFV,Camionnette : ordinaire,5.3,8,A10,E,21.3,16.6,19.2,15,318,3,5
2023,GMC,Sierra 4WD,Camionnette : ordinaire,6.2,8,A10,Z,15.4,12.3,14.0,20,330,3,6
2023,GMC,Sierra 4WD Mud Terrain Tire,Camionnette : ordinaire,6.2,8,A10,Z,16.7,14.0,15.5,18,364,2,6
2023,GMC,Sierra 4WD AT4X,Camionnette : ordinaire,6.2,8,A10,Z,16.7,14.0,15.5,18,364,2,6
2023,GMC,Terrain,Véhicule utilitaire sport : petit,1.5,4,A9,X,9.7,8.1,9.0,31,211,5,7
2023,GMC,Terrain AWD,Véhicule utilitaire sport : petit,1.5,4,A9,X,9.9,8.3,9.2,31,216,5,7
2023,GMC,Yukon,Véhicule utilitaire sport : ordinaire,3.0,6,A10,D,11.2,8.7,10.1,28,272,4,3
2023,GMC,Yukon,Véhicule utilitaire sport : ordinaire,5.3,8,A10,X,15.8,11.8,14.0,20,327,3,6
2023,GMC,Yukon 4WD,Véhicule utilitaire sport : ordinaire,3.0,6,A10,D,11.7,9.0,10.5,27,281,4,3
2023,GMC,Yukon 4WD,Véhicule utilitaire sport : ordinaire,5.3,8,A10,X,15.8,11.8,14.0,20,327,3,6
2023,GMC,Yukon 4WD,Véhicule utilitaire sport : ordinaire,6.2,8,A10,Z,16.6,13.1,15.0,19,352,3,6
2023,GMC,Yukon XL,Véhicule utilitaire sport : ordinaire,3.0,6,A10,D,11.2,8.7,10.1,28,272,4,3
2023,GMC,Yukon XL,Véhicule utilitaire sport : ordinaire,5.3,8,A10,X,15.8,11.8,14.0,20,327,3,6
2023,GMC,Yukon XL 4WD,Véhicule utilitaire sport : ordinaire,3.0,6,A10,D,11.7,9.0,10.5,27,281,4,3
2023,GMC,Yukon XL 4WD,Véhicule utilitaire sport : ordinaire,5.3,8,A10,X,16.0,12.7,14.5,19,339,3,6
2023,GMC,Yukon XL 4WD,Véhicule utilitaire sport : ordinaire,6.2,8,A10,Z,16.6,13.1,15.0,19,352,3,6
2023,Honda,Accord,Grande berline,1.5,4,AV,X,8.1,6.4,7.3,39,171,6,7
2023,Honda,Accord Hybrid Sport/Touring,Intermédiaire,2.0,4,AV,X,5.0,5.7,5.3,53,124,8,7
2023,Honda,Civic Hatchback,Grande berline,1.5,4,AV7,X,7.7,6.3,7.1,40,166,6,7
2023,Honda,Civic Hatchback,Grande berline,1.5,4,M6,X,8.5,6.3,7.5,38,175,6,6
2023,Honda,Civic Hatchback,Grande berline,2.0,4,AV,X,8.0,6.2,7.2,39,167,6,7
2023,Honda,Civic Hatchback,Grande berline,2.0,4,M6,X,9.1,6.6,8.0,35,186,6,6
2023,Honda,Civic Sedan,Intermédiaire,1.5,4,AV7,X,7.6,6.1,6.9,41,162,7,7
2023,Honda,Civic Sedan,Intermédiaire,2.0,4,AV,X,7.7,6.0,6.9,41,162,7,7
2023,Honda,Civic Sedan,Intermédiaire,2.0,4,AV7,X,7.8,6.3,7.1,40,165,6,7
2023,Honda,Civic Sedan Si,Intermédiaire,1.5,4,M6,Z,8.7,6.4,7.7,37,180,6,6
2023,Honda,Civic Type R,Grande berline,2.0,4,M6,Z,10.8,8.3,9.7,29,224,5,6
2023,Honda,CR-V,Véhicule utilitaire sport : petit,1.5,4,AV,X,8.4,7.1,7.8,36,181,6,7
2023,Honda,CR-V AWD,Véhicule utilitaire sport : petit,1.5,4,AV,X,9.1,7.6,8.4,34,197,6,6
2023,Honda,CR-V Hybrid AWD,Véhicule utilitaire sport : petit,2.0,4,AV,X,6.0,6.9,6.4,44,151,7,7
2023,Honda,HR-V,Familiale : petite,2.0,4,AV,X,9.1,7.4,8.3,34,194,6,7
2023,Honda,HR-V AWD,Familiale : petite,2.0,4,AV,X,9.4,7.8,8.7,32,203,5,7
2023,Honda,Odyssey,Fourgonnette,3.5,6,AS10,X,12.2,8.5,10.6,27,248,5,5
2023,Honda,Passport AWD,Véhicule utilitaire sport : petit,3.5,6,AS9,X,12.5,9.8,11.3,25,265,4,3
2023,Honda,Pilot AWD,Véhicule utilitaire sport : ordinaire,3.5,6,AS10,X,12.4,9.3,11.0,26,258,4,7
2023,Honda,Pilot AWD Touring/Elite/Black,Véhicule utilitaire sport : ordinaire,3.5,6,AS10,X,12.7,9.4,11.2,25,262,4,7
2023,Honda,Pilot AWD TrailSport,Véhicule utilitaire sport : ordinaire,3.5,6,AS10,X,13.0,10.3,11.8,24,275,4,7
2023,Honda,Ridgeline AWD,Camionnette : ordinaire,3.5,6,AS9,X,12.8,9.9,11.5,25,271,4,3
2023,Hyundai,Elantra,Intermédiaire,1.6,4,AM7,X,8.4,6.6,7.6,37,179,6,5
2023,Hyundai,Elantra,Intermédiaire,2.0,4,AV1,X,7.6,5.7,6.7,42,158,7,5
2023,Hyundai,Elantra (ISG),Intermédiaire,2.0,4,AV1,X,7.1,5.5,6.4,44,151,7,5
2023,Hyundai,Elantra N,Intermédiaire,2.0,4,AM8,Z,12.1,7.9,10.2,28,241,5,3
2023,Hyundai,Elantra N,Intermédiaire,2.0,4,M6,Z,10.9,7.7,9.4,30,223,5,3
2023,Hyundai,Elantra Hybrid,Intermédiaire,1.6,4,AM6,X,4.8,4.5,4.7,60,110,8,7
2023,Hyundai,Kona,Véhicule utilitaire sport : petit,2.0,4,AV,X,8.0,6.6,7.4,38,174,6,7
2023,Hyundai,Kona N,Véhicule utilitaire sport : petit,2.0,4,AM8,Z,11.8,8.7,10.4,27,246,5,3
2023,Hyundai,Kona AWD,Véhicule utilitaire sport : petit,1.6,4,AM7,X,8.8,7.4,8.2,34,193,6,5
2023,Hyundai,Kona AWD,Véhicule utilitaire sport : petit,2.0,4,AV,X,8.5,7.2,7.9,36,187,6,7
2023,Hyundai,Palisade AWD,Véhicule utilitaire sport : petit,3.8,6,AS8,X,12.6,9.5,11.2,25,263,4,5
2023,Hyundai,Santa Cruz AWD,Camionnette : petite,2.5,4,AM8,X,12.1,8.7,10.6,27,250,5,5
2023,Hyundai,Santa Fe AWD,Véhicule utilitaire sport : petit,2.5,4,AM8,X,11.0,8.5,9.9,29,233,5,5
2023,Hyundai,Santa Fe AWD,Véhicule utilitaire sport : petit,2.5,4,AS8,X,10.6,9.3,10.0,28,235,5,7
2023,Hyundai,Santa Fe Hybrid,Véhicule utilitaire sport : petit,1.6,4,AM6,X,7.1,7.9,7.4,38,176,6,7
2023,Hyundai,Sonata,Grande berline,1.6,4,AS8,X,9.0,6.5,7.9,36,186,6,5
2023,Hyundai,Sonata,Grande berline,2.5,4,AM8,X,10.1,7.2,8.8,32,208,5,5
2023,Hyundai,Sonata,Grande berline,2.5,4,AS8,X,8.8,6.4,7.7,37,182,6,7
2023,Hyundai,Sonata Hybrid,Grande berline,2.0,4,AM6,X,5.3,4.6,5.0,56,117,8,7
2023,Hyundai,Tucson,Véhicule utilitaire sport : petit,2.5,4,AS8,X,9.4,7.4,8.5,33,200,6,7
2023,Hyundai,Tucson AWD,Véhicule utilitaire sport : petit,2.5,4,AS8,X,10.1,8.3,9.3,30,218,5,7
2023,Hyundai,Tucson Hybrid,Véhicule utilitaire sport : petit,1.6,4,AM6,X,6.3,6.6,6.4,44,152,7,7
2023,Hyundai,Venue,Intermédiaire,1.6,4,AV1,X,7.9,6.9,7.5,38,177,6,5
2023,Infiniti,Q50 AWD,Intermédiaire,3.0,6,AS7,Z,12.5,8.7,10.8,26,254,5,3
2023,Infiniti,Q50 AWD Red Sport,Intermédiaire,3.0,6,AS7,Z,12.5,9.3,11.1,25,261,4,3
2023,Infiniti,QX50 AWD,Véhicule utilitaire sport : petit,2.0,4,AV8,Z,10.8,8.3,9.7,29,228,5,6
2023,Infiniti,QX55 AWD,Véhicule utilitaire sport : petit,2.0,4,AV8,Z,10.4,8.3,9.4,30,222,5,6
2023,Infiniti,QX60 AWD,Véhicule utilitaire sport : ordinaire,3.5,6,AS9,Z,11.9,9.3,10.7,26,251,5,5
2023,Infiniti,QX80 4WD,Véhicule utilitaire sport : ordinaire,5.6,8,AS7,Z,17.5,12.2,15.1,19,355,3,3
2023,Jaguar,E-PACE P250,Véhicule utilitaire sport : petit,2.0,4,AS9,Z,11.5,9.2,10.4,27,247,5,7
2023,Jaguar,F-PACE P250,Véhicule utilitaire sport : petit,2.0,4,AS8,Z,10.7,8.8,9.9,29,227,5,7
2023,Jaguar,F-PACE P400,Véhicule utilitaire sport : petit,3.0,6,AS8,Z,12.1,9.1,10.8,26,253,5,7
2023,Jaguar,F-PACE P550 SVR,Véhicule utilitaire sport : petit,5.0,8,AS8,Z,15.4,11.0,13.4,21,316,3,3
2023,Jaguar,F-TYPE P450 Convertible,Deux places,5.0,8,AS8,Z,14.1,9.7,12.1,23,286,4,3
2023,Jaguar,F-TYPE P450 Convertible AWD,Deux places,5.0,8,AS8,Z,15.2,9.8,12.7,22,299,4,3
2023,Jaguar,F-TYPE P450 Coupe,Deux places,5.0,8,AS8,Z,14.1,9.7,12.1,23,286,4,3
2023,Jaguar,F-TYPE P450 Coupe AWD,Deux places,5.0,8,AS8,Z,15.2,9.8,12.7,22,299,4,3
2023,Jaguar,F-TYPE R Convertible AWD,Deux places,5.0,8,AS8,Z,15.2,9.8,12.7,22,299,4,3
2023,Jaguar,F-TYPE R Coupe AWD,Deux places,5.0,8,AS8,Z,15.2,9.8,12.7,22,299,4,3
2023,Jaguar,XF P250,Intermédiaire,2.0,4,AS8,Z,9.4,7.1,8.4,34,197,6,7
2023,Jaguar,XF P300 AWD,Intermédiaire,2.0,4,AS8,Z,10.6,7.7,9.3,30,219,5,7
2023,Jeep,Cherokee 4X4 Active Drive I,Véhicule utilitaire sport : petit,2.4,4,A9,X,11.2,8.0,9.8,29,230,5,6
2023,Jeep,Cherokee 4X4 Trailhawk Active Drive Lock,Véhicule utilitaire sport : petit,2.0,4,A9,X,11.8,9.2,10.6,27,249,5,5
2023,Jeep,Compass 4X4,Véhicule utilitaire sport : petit,2.0,4,A8,X,9.9,7.4,8.8,32,205,5,7
2023,Jeep,Gladiator 4X4 EcoDiesel,Camionnette : ordinaire,3.0,6,A8,D,10.8,8.5,9.8,29,263,4,1
2023,Jeep,Gladiator 4X4 Rubicon EcoDiesel,Camionnette : ordinaire,3.0,6,A8,D,11.0,8.7,10.0,28,271,4,1
2023,Jeep,Gladiator 4X4,Camionnette : ordinaire,3.6,6,A8,X,13.7,10.7,12.3,23,290,4,7
2023,Jeep,Gladiator 4X4,Camionnette : ordinaire,3.6,6,M6,X,14.3,10.4,12.6,22,296,4,5
2023,Jeep,Grand Cherokee 4X4,Véhicule utilitaire sport : ordinaire,3.6,6,A8,X,12.3,9.2,10.9,26,256,5,7
2023,Jeep,Grand Cherokee 4X4,Véhicule utilitaire sport : ordinaire,5.7,8,A8,X,16.7,10.9,14.1,20,331,3,5
2023,Jeep,Grand Cherokee L 4X4,Véhicule utilitaire sport : ordinaire,3.6,6,A8,X,13.0,9.4,11.3,25,266,4,7
2023,Jeep,Grand Cherokee L 4X4,Véhicule utilitaire sport : ordinaire,5.7,8,A8,X,16.7,10.9,14.1,20,331,3,5
2023,Jeep,Grand Wagoneer 4X4 (High Output),Véhicule utilitaire sport : ordinaire,3.0,6,A8,Z,16.3,11.8,14.3,20,334,3,5
2023,Jeep,Grand Wagoneer 4X4,Véhicule utilitaire sport : ordinaire,6.4,8,A8,Z,18.6,12.8,16.0,18,374,2,1
2023,Jeep,Grand Wagoneer L 4X4 (High Output),Véhicule utilitaire sport : ordinaire,3.0,6,A8,Z,17.0,12.5,15.0,19,352,3,5
2023,Jeep,Renegade 4X4,Véhicule utilitaire sport : petit,1.3,4,A9,X,10.1,8.1,9.2,31,222,5,6
2023,Jeep,Renegade 4X4 Trailhawk,Véhicule utilitaire sport : petit,1.3,4,A9,X,10.8,8.7,9.9,29,231,5,6
2023,Jeep,Wagoneer 4X4,Véhicule utilitaire sport : ordinaire,3.0,6,A8,X,14.5,10.1,12.5,23,293,4,6
2023,Jeep,Wagoneer 4X4,Véhicule utilitaire sport : ordinaire,5.7,8,A8,X,15.6,11.7,13.8,20,324,3,5
2023,Jeep,Wagoneer L 4X4,Véhicule utilitaire sport : ordinaire,3.0,6,A8,X,14.5,10.4,12.7,22,297,4,6
2023,Jeep,Wrangler JL 4X4,Véhicule utilitaire sport : petit,2.0,4,A8,X,10.7,9.8,10.3,27,241,5,5
2023,Jeep,Wrangler JL 4X4,Véhicule utilitaire sport : petit,3.6,6,A8,X,12.8,10.4,11.8,24,274,4,7
2023,Jeep,Wrangler JL 4X4 eTorque,Véhicule utilitaire sport : petit,3.6,6,A8,X,12.0,9.8,11.0,26,258,4,7
2023,Jeep,Wrangler JL 4X4,Véhicule utilitaire sport : petit,3.6,6,M6,X,13.7,9.6,11.8,24,277,4,5
2023,Jeep,Wrangler JL Unlimited 4X4,Véhicule utilitaire sport : petit,2.0,4,A8,X,11.5,9.9,10.8,26,251,5,5
2023,Jeep,Wrangler JL Unlimited 4X4 EcoDiesel,Véhicule utilitaire sport : petit,3.0,6,A8,D,10.6,8.1,9.5,30,255,5,1
2023,Jeep,Wrangler JL Unlimited 4X4 Rubicon EcoDiesel,Véhicule utilitaire sport : petit,3.0,6,A8,D,11.2,9.0,10.2,28,275,4,1
2023,Jeep,Wrangler JL Unlimited 4X4,Véhicule utilitaire sport : petit,3.6,6,A8,X,12.9,10.2,11.7,24,275,4,7
2023,Jeep,Wrangler JL Unlimited 4X4 eTorque,Véhicule utilitaire sport : petit,3.6,6,A8,X,12.3,9.9,11.2,25,262,4,7
2023,Jeep,Wrangler JL Unlimited 4X4,Véhicule utilitaire sport : petit,3.6,6,M6,X,13.8,10.1,12.2,23,285,4,5
2023,Jeep,Wrangler JL Unlimited 4X4 392,Véhicule utilitaire sport : petit,6.4,8,A8,Z,18.5,14.1,16.5,17,387,2,1
2023,Kia,Carnival,Fourgonnette,3.5,6,AS8,X,12.1,8.9,10.6,27,252,5,5
2023,Kia,Forte,Intermédiaire,1.6,4,AM7,X,8.7,6.6,7.8,36,184,6,5
2023,Kia,Forte,Intermédiaire,2.0,4,AV,X,8.2,6.0,7.2,39,170,6,7
2023,Kia,Forte 5,Grande berline,1.6,4,AM7,X,8.9,6.9,8.0,35,190,6,5
2023,Kia,Forte 5,Grande berline,2.0,4,AV,X,8.6,6.5,7.7,37,182,6,7
2023,Kia,K5,Grande berline,2.5,4,AM8,X,9.9,7.3,8.7,32,207,5,5
2023,Kia,K5 AWD,Grande berline,1.6,4,AS8,X,9.3,7.0,8.3,34,196,6,5
2023,Kia,Niro,Familiale : petite,1.6,4,AM6,X,4.5,5.2,4.8,59,112,8,7
2023,Kia,Niro FE,Familiale : petite,1.6,4,AM6,X,4.5,4.4,4.4,64,104,9,7
2023,Kia,Rio,Compacte,1.6,4,AV1,X,7.2,6.1,6.7,42,160,7,3
2023,Kia,Rio,Compacte,1.6,4,M6,X,7.7,6.1,7.0,40,166,6,3
2023,Kia,Seltos,Véhicule utilitaire sport : petit,2.0,4,AV8,X,8.2,7.1,7.7,37,182,6,5
2023,Kia,Seltos AWD,Véhicule utilitaire sport : petit,1.6,4,AM7,X,9.4,7.9,8.7,32,205,5,5
2023,Kia,Seltos AWD,Véhicule utilitaire sport : petit,2.0,4,AV8,X,8.8,7.6,8.2,34,195,6,5
2023,Kia,Sorento AWD,Véhicule utilitaire sport : petit,2.5,4,AM8,X,10.9,8.7,9.9,29,234,5,5
2023,Kia,Sorento AWD,Véhicule utilitaire sport : petit,2.5,4,AS8,X,10.1,9.2,9.7,29,227,5,5
2023,Kia,Sorento Hybrid AWD,Véhicule utilitaire sport : petit,1.6,4,AM6,X,6.4,7.0,6.6,43,157,7,7
2023,Kia,Soul,Familiale : petite,2.0,4,AV,X,8.5,7.0,7.9,36,187,6,7
2023,Kia,Sportage,Véhicule utilitaire sport : petit,2.5,4,AS8,X,9.3,7.4,8.4,34,198,6,5
2023,Kia,Sportage AWD,Véhicule utilitaire sport : petit,2.5,4,AS8,X,10.4,8.5,9.5,30,224,5,5
2023,Kia,Sportage Hybrid AWD,Véhicule utilitaire sport : petit,1.6,4,AM6,X,6.1,6.3,6.2,46,145,7,7
2023,Kia,Stinger AWD,Intermédiaire,3.3,6,AS8,Z,13.7,9.6,11.9,24,280,4,3
2023,Kia,Telluride AWD,Véhicule utilitaire sport : petit,3.8,6,AS8,X,12.8,9.8,11.4,25,269,4,5
2023,Lamborghini,Huracan EVO Coupe,Deux places,5.2,10,AM7,Z,18.0,13.1,15.8,18,368,2,1
2023,Lamborghini,Huracan EVO Coupe AWD,Deux places,5.2,10,AM7,Z,18.2,13.2,15.9,18,370,2,1
2023,Lamborghini,Huracan EVO Spyder,Deux places,5.2,10,AM7,Z,18.0,13.1,15.8,18,368,2,1
2023,Lamborghini,Huracan EVO Spyder AWD,Deux places,5.2,10,AM7,Z,18.2,13.2,15.9,18,370,2,1
2023,Lamborghini,Urus Performante,Véhicule utilitaire sport : ordinaire,4.0,8,AS8,Z,16.6,12.5,14.8,19,345,3,3
2023,Lamborghini,Urus S,Véhicule utilitaire sport : ordinaire,4.0,8,AS8,Z,16.6,12.5,14.8,19,345,3,3
2023,Land Rover,Defender 90 P300,Véhicule utilitaire sport : ordinaire,2.0,4,AS8,Z,13.2,11.3,12.3,23,289,4,7
2023,Land Rover,Defender 90 P400,Véhicule utilitaire sport : ordinaire,3.0,6,AS8,Z,12.9,10.4,11.8,24,276,4,7
2023,Land Rover,Defender 90 5.0L V8,Véhicule utilitaire sport : ordinaire,5.0,8,AS8,Z,15.8,12.4,14.3,20,339,3,3
2023,Land Rover,Defender 110 P300,Véhicule utilitaire sport : ordinaire,2.0,4,AS8,Z,14.2,11.7,13.0,22,306,4,7
2023,Land Rover,Defender 110 P400,Véhicule utilitaire sport : ordinaire,3.0,6,AS8,Z,12.9,10.4,11.8,24,276,4,7
2023,Land Rover,Defender 110 5.0L V8,Véhicule utilitaire sport : ordinaire,5.0,8,AS8,Z,16.4,12.7,14.7,19,350,3,3
2023,Land Rover,Defender 130 P300,Véhicule utilitaire sport : ordinaire,3.0,6,AS8,Z,14.0,11.0,12.6,22,298,4,7
2023,Land Rover,Defender 130 P400,Véhicule utilitaire sport : ordinaire,3.0,6,AS8,Z,14.0,11.0,12.6,22,298,4,7
2023,Land Rover,Discovery P300,Véhicule utilitaire sport : ordinaire,2.0,4,AS8,Z,12.2,10.6,11.5,25,271,4,7
2023,Land Rover,Discovery P360,Véhicule utilitaire sport : ordinaire,3.0,6,AS8,Z,12.1,9.3,10.9,26,258,4,7
2023,Land Rover,Discovery Sport P250,Véhicule utilitaire sport : petit,2.0,4,AS9,Z,12.7,10.0,11.5,25,271,4,7
2023,Land Rover,Range Rover P400,Véhicule utilitaire sport : ordinaire,3.0,6,AS8,Z,13.1,9.1,11.3,25,265,4,7
2023,Land Rover,Range Rover P400 LWB,Véhicule utilitaire sport : ordinaire,3.0,6,AS8,Z,13.1,9.1,11.3,25,265,4,7
2023,Land Rover,Range Rover P530,Véhicule utilitaire sport : ordinaire,4.4,8,AS8,Z,15.1,11.1,13.3,21,316,4,5
2023,Land Rover,Range Rover P530 LWB,Véhicule utilitaire sport : ordinaire,4.4,8,AS8,Z,15.2,11.0,13.3,21,314,4,5
2023,Land Rover,Range Rover SV,Véhicule utilitaire sport : ordinaire,4.4,8,AS8,Z,15.1,11.1,13.3,21,316,4,5
2023,Land Rover,Range Rover SV LWB,Véhicule utilitaire sport : ordinaire,4.4,8,AS8,Z,15.2,11.0,13.3,21,314,4,5
2023,Land Rover,Range Rover Sport P360,Véhicule utilitaire sport : ordinaire,3.0,6,AS8,Z,12.3,9.0,10.8,26,254,5,7
2023,Land Rover,Range Rover Sport HST P400,Véhicule utilitaire sport : ordinaire,3.0,6,AS8,Z,13.1,9.1,11.3,25,265,4,7
2023,Land Rover,Range Rover Sport P530,Véhicule utilitaire sport : ordinaire,4.4,8,AS8,Z,15.1,11.1,13.3,21,316,4,5
2023,Land Rover,Range Rover Evoque P250,Véhicule utilitaire sport : petit,2.0,4,AS9,Z,11.9,8.8,10.5,27,247,5,7
2023,Land Rover,Range Rover Evoque P300,Véhicule utilitaire sport : petit,2.0,4,AS9,Z,11.3,9.1,10.3,27,244,5,7
2023,Land Rover,Range Rover Velar P250,Véhicule utilitaire sport : petit,2.0,4,AS8,Z,11.5,9.0,10.4,27,244,5,7
2023,Land Rover,Range Rover Velar P340,Véhicule utilitaire sport : petit,3.0,6,AS8,Z,11.8,9.0,10.5,27,248,5,7
2023,Land Rover,Range Rover Velar P400,Véhicule utilitaire sport : petit,3.0,6,AS8,Z,12.6,9.5,11.2,25,265,4,7
2023,Lexus,ES 250 AWD,Intermédiaire,2.5,4,AS8,X,9.5,7.0,8.4,34,195,6,6
2023,Lexus,ES 300h,Intermédiaire,2.5,4,AV6,X,5.5,5.2,5.3,53,124,8,7
2023,Lexus,ES 350,Intermédiaire,3.5,6,AS8,X,10.7,7.3,9.2,31,214,5,5
2023,Lexus,ES 350 F SPORT,Intermédiaire,3.5,6,AS8,X,10.9,7.5,9.4,30,219,5,5
2023,Lexus,GX 460,Véhicule utilitaire sport : ordinaire,4.6,8,AS6,Z,16.2,12.3,14.5,19,337,3,3
2023,Lexus,IS 300,Compacte,2.0,4,AS8,Z,11.0,7.6,9.5,30,221,5,5
2023,Lexus,IS 300 AWD,Compacte,3.5,6,AS6,Z,12.2,9.0,10.8,26,253,5,5
2023,Lexus,IS 350 AWD,Compacte,3.5,6,AS6,Z,12.2,9.0,10.8,26,253,5,5
2023,Lexus,IS 500,Compacte,5.0,8,AS8,Z,14.1,9.3,11.9,24,280,4,5
2023,Lexus,LC 500,Sous-compacte,5.0,8,AS10,Z,15.1,9.6,12.6,22,294,4,5
2023,Lexus,LC 500 Convertible,Minicompacte,5.0,8,AS10,Z,16.0,9.5,13.0,22,304,4,5
2023,Lexus,LC 500h,Sous-compacte,3.5,6,AV10,Z,9.0,7.1,8.1,35,189,6,7
2023,Lexus,LS 500 AWD,Intermédiaire,3.4,6,AS10,Z,13.8,8.7,11.2,25,270,4,5
2023,Lexus,LS 500h AWD,Intermédiaire,3.5,6,AV10,Z,10.1,8.1,9.2,31,217,5,7
2023,Lexus,LX 600,Véhicule utilitaire sport : ordinaire,3.4,6,AS10,Z,14.2,10.8,12.7,22,298,4,5
2023,Lexus,NX 250 AWD,Véhicule utilitaire sport : petit,2.5,4,AS8,X,9.4,7.4,8.4,34,198,6,6
2023,Lexus,NX 350 AWD,Véhicule utilitaire sport : petit,2.4,4,AS8,Z,10.5,8.3,9.5,30,221,5,7
2023,Lexus,NX 350 AWD F SPORT,Véhicule utilitaire sport : petit,2.4,4,AS8,Z,10.5,8.4,9.5,30,222,5,7
2023,Lexus,NX 350h AWD,Véhicule utilitaire sport : petit,2.5,4,AV6,Z,5.7,6.4,6.0,47,139,7,7
2023,Lexus,RC 300 AWD,Sous-compacte,3.5,6,AS6,Z,12.2,9.0,10.8,26,253,5,5
2023,Lexus,RC 350 AWD,Sous-compacte,3.5,6,AS6,Z,12.2,9.0,10.8,26,253,5,5
2023,Lexus,RC F,Sous-compacte,5.0,8,AS8,Z,14.4,9.6,12.2,23,285,4,5
2023,Lexus,RX 350 AWD,Véhicule utilitaire sport : petit,2.4,4,AS8,Z,11.2,8.4,9.9,29,231,5,7
2023,Lexus,RX 350h AWD,Véhicule utilitaire sport : petit,2.5,4,AV6,Z,6.3,6.8,6.5,43,151,7,7
2023,Lexus,RX 500h AWD,Véhicule utilitaire sport : petit,2.4,4,AS6,Z,8.7,8.4,8.6,33,199,6,7
2023,Lexus,UX 250h AWD,Compacte,2.0,4,AV6,X,5.7,6.2,6.0,47,140,7,7
2023,Lincoln,Aviator AWD,Véhicule utilitaire sport : ordinaire,3.0,6,AS10,X,13.7,9.7,11.9,24,280,4,5
2023,Lincoln,Aviator AWD (Without Stop-Start),Véhicule utilitaire sport : ordinaire,3.0,6,AS10,X,14.7,9.8,12.5,23,292,4,5
2023,Lincoln,Corsair AWD,Véhicule utilitaire sport : petit,2.0,4,AS8,X,11.2,8.3,9.9,29,232,5,7
2023,Lincoln,Nautilus AWD,Véhicule utilitaire sport : petit,2.0,4,A8,X,11.6,9.4,10.6,27,249,5,6
2023,Lincoln,Nautilus AWD,Véhicule utilitaire sport : petit,2.0,4,AS8,X,11.5,9.4,10.6,27,249,5,6
2023,Lincoln,Nautilus AWD,Véhicule utilitaire sport : petit,2.7,6,AS8,X,12.7,9.3,11.2,25,262,4,6
2023,Lincoln,Navigator 4X4,Véhicule utilitaire sport : ordinaire,3.5,6,AS10,X,15.2,10.8,13.2,21,310,4,6
2023,Lincoln,Navigator 4X4 (Without Stop-Start),Véhicule utilitaire sport : ordinaire,3.5,6,AS10,X,15.7,11.1,13.6,21,320,3,6
2023,Maserati,Ghibli GT,Intermédiaire,3.0,6,A8,Z,13.4,9.4,11.6,24,271,4,3
2023,Maserati,Ghibli Modena,Intermédiaire,3.0,6,A8,Z,13.4,9.4,11.6,24,271,4,3
2023,Maserati,Ghibli Modena AWD,Intermédiaire,3.0,6,A8,Z,14.1,9.5,12.0,24,284,4,3
2023,Maserati,Ghibli Trofeo,Intermédiaire,3.8,8,A8,Z,17.4,11.9,14.9,19,348,3,1
2023,Maserati,Grecale GT,Véhicule utilitaire sport : petit,2.0,4,A8,Z,10.6,8.0,9.4,30,218,5,5
2023,Maserati,Grecale Modena,Véhicule utilitaire sport : petit,2.0,4,A8,Z,10.6,8.0,9.4,30,218,5,5
2023,Maserati,Grecale Trofeo,Véhicule utilitaire sport : petit,3.0,6,A8,Z,13.3,9.5,11.6,24,268,4,5
2023,Maserati,Levante GT,Véhicule utilitaire sport : ordinaire,3.0,6,A8,Z,15.1,10.9,13.2,21,308,4,3
2023,Maserati,Levante Modena,Véhicule utilitaire sport : ordinaire,3.0,6,A8,Z,15.1,10.9,13.2,21,308,4,3
2023,Maserati,Levante Modena V8,Véhicule utilitaire sport : ordinaire,3.8,8,A8,Z,17.4,12.0,15.0,19,349,3,1
2023,Maserati,Levante Trofeo,Véhicule utilitaire sport : ordinaire,3.8,8,A8,Z,17.4,12.0,15.0,19,349,3,1
2023,Maserati,MC20,Deux places,3.0,6,AS8,Z,15.4,9.5,12.8,22,295,4,5
2023,Maserati,MC20 Spyder,Deux places,3.0,6,AS8,Z,15.6,9.4,12.8,22,299,4,5
2023,Maserati,Quattroporte GT,Grande berline,3.0,6,A8,Z,14.4,9.3,12.1,23,281,4,3
2023,Maserati,Quattroporte Modena,Grande berline,3.0,6,A8,Z,14.4,9.3,12.1,23,281,4,3
2023,Maserati,Quattroporte Modena AWD,Grande berline,3.0,6,A8,Z,14.1,9.5,12.0,24,284,4,3
2023,Maserati,Quattroporte Trofeo,Grande berline,3.8,8,A8,Z,17.4,11.9,14.9,19,348,3,1
2023,Mazda,CX-30 4WD,Véhicule utilitaire sport : petit,2.0,4,AS6,X,9.4,7.7,8.6,33,202,5,7
2023,Mazda,CX-30 4WD,Véhicule utilitaire sport : petit,2.5,4,AS6,X,9.0,7.1,8.2,34,192,6,7
2023,Mazda,CX-30 Turbo 4WD,Véhicule utilitaire sport : petit,2.5,4,AS6,X,10.5,7.9,9.3,30,220,5,5
2023,Mazda,CX-5 4WD,Véhicule utilitaire sport : petit,2.5,4,AS6,X,9.8,7.9,9.0,31,209,5,6
2023,Mazda,CX-5 Turbo 4WD,Véhicule utilitaire sport : petit,2.5,4,AS6,X,10.8,8.7,9.8,29,230,5,5
2023,Mazda,CX-50 4WD,Véhicule utilitaire sport : petit,2.5,4,AS6,X,9.7,7.9,8.9,32,209,5,7
2023,Mazda,CX-50 Turbo 4WD,Véhicule utilitaire sport : petit,2.5,4,AS6,X,10.4,8.1,9.4,30,220,5,3
2023,Mazda,CX-9 4WD,Véhicule utilitaire sport : petit,2.5,4,AS6,X,11.6,9.1,10.5,27,245,5,5
2023,Mazda,Mazda3 4-Door,Compacte,2.0,4,AS6,X,8.4,6.6,7.6,37,178,6,7
2023,Mazda,Mazda3 4-Door (SIL),Compacte,2.0,4,M6,X,8.7,6.4,7.7,37,180,6,7
2023,Mazda,Mazda3 4-Door,Compacte,2.5,4,AS6,X,8.6,6.4,7.6,37,179,6,7
2023,Mazda,Mazda3 4-Door 4WD,Compacte,2.5,4,AS6,X,8.8,6.6,7.9,36,185,6,7
2023,Mazda,Mazda3 4-Door Turbo 4WD,Compacte,2.5,4,AS6,X,10.1,7.3,8.8,32,207,5,5
2023,Mazda,Mazda3 5-Door,Intermédiaire,2.0,4,AS6,X,8.6,6.7,7.7,37,181,6,7
2023,Mazda,Mazda3 5-Door (SIL),Intermédiaire,2.0,4,M6,X,8.7,6.6,7.8,36,181,6,7
2023,Mazda,Mazda3 5-Door,Intermédiaire,2.5,4,AS6,X,8.7,6.7,7.8,36,183,6,7
2023,Mazda,Mazda3 5-Door (SIL),Intermédiaire,2.5,4,M6,X,9.0,6.4,7.8,36,184,6,7
2023,Mazda,Mazda3 5-Door 4WD,Intermédiaire,2.5,4,AS6,X,9.0,7.0,8.1,35,190,6,7
2023,Mazda,Mazda3 5-Door Turbo 4WD,Intermédiaire,2.5,4,AS6,X,10.1,7.5,8.9,32,209,5,5
2023,Mazda,MX-5,Deux places,2.0,4,AS6,Z,9.0,6.6,7.9,36,186,6,3
2023,Mazda,MX-5 (SIL),Deux places,2.0,4,M6,Z,9.0,7.0,8.1,35,189,6,3
2023,Mercedes-Benz,AMG C 43 4MATIC Cabriolet,Sous-compacte,3.0,6,A9,Z,13.3,9.2,11.4,25,268,4,5
2023,Mercedes-Benz,AMG C 43 4MATIC Coupe,Sous-compacte,3.0,6,A9,Z,12.9,8.7,11.0,26,257,5,5
2023,Mercedes-Benz,AMG C 43 4MATIC Sedan,Compacte,2.0,4,A9,Z,12.1,9.0,10.7,26,251,5,6
2023,Mercedes-Benz,AMG CLA 35 4MATIC Coupe,Compacte,2.0,4,AM7,Z,11.4,8.1,9.9,29,232,5,5
2023,Mercedes-Benz,AMG CLA 45 4MATIC Coupe,Compacte,2.0,4,AM8,Z,12.0,8.3,10.3,27,241,5,3
2023,Mercedes-Benz,AMG CLS 53 4MATIC+ Coupe,Compacte,3.0,6,A9,Z,11.6,8.8,10.3,27,241,5,6
2023,Mercedes-Benz,AMG E 53 4MATIC+ Sedan,Intermédiaire,3.0,6,A9,Z,11.0,8.1,9.7,29,227,5,6
2023,Mercedes-Benz,AMG E 53 4MATIC+ Cabriolet,Sous-compacte,3.0,6,A9,Z,11.6,8.7,10.3,27,242,5,6
2023,Mercedes-Benz,AMG E 53 4MATIC+ Coupe,Sous-compacte,3.0,6,A9,Z,11.5,8.5,10.2,28,238,5,6
2023,Mercedes-Benz,AMG E 63 4MATIC+ All-Terrain Wagon,Familiale : intermédiaire,4.0,8,A9,Z,15.6,8.4,12.3,23,312,4,5
2023,Mercedes-Benz,AMG E 63 S 4MATIC+ Sedan,Intermédiaire,4.0,8,A9,Z,14.8,9.9,12.6,22,296,4,5
2023,Mercedes-Benz,AMG G 63 SUV,Véhicule utilitaire sport : ordinaire,4.0,8,A9,Z,19.5,15.5,17.7,16,415,1,3
2023,Mercedes-Benz,AMG G 63 4x4 Squared SUV,Véhicule utilitaire sport : ordinaire,4.0,8,A9,Z,23.5,19.4,21.7,13,508,1,3
2023,Mercedes-Benz,AMG GLA 35 4MATIC SUV,Familiale : petite,2.0,4,AM8,Z,10.7,8.0,9.5,30,222,5,5
2023,Mercedes-Benz,AMG GLA 45 4MATIC SUV,Familiale : petite,2.0,4,AM8,Z,12.2,9.3,10.9,26,256,5,3
2023,Mercedes-Benz,AMG GLB 35 4MATIC SUV,Familiale : intermédiaire,2.0,4,AM8,Z,11.3,8.7,10.2,28,238,5,5
2023,Mercedes-Benz,AMG GLC 43 4MATIC Coupe,Véhicule utilitaire sport : petit,3.0,6,A9,Z,13.5,9.7,11.8,24,274,4,5
2023,Mercedes-Benz,AMG GLE 53 4MATIC+ SUV,Véhicule utilitaire sport : ordinaire,3.0,6,A9,Z,13.4,10.7,12.2,23,284,4,6
2023,Mercedes-Benz,AMG GLE 53 4MATIC+ Coupe,Véhicule utilitaire sport : ordinaire,3.0,6,A9,Z,13.1,10.4,11.9,24,277,4,6
2023,Mercedes-Benz,AMG GLE 63 S 4MATIC+ SUV,Véhicule utilitaire sport : ordinaire,4.0,8,A9,Z,16.3,12.6,14.7,19,343,3,5
2023,Mercedes-Benz,AMG GLE 63 S 4MATIC+ Coupe,Véhicule utilitaire sport : ordinaire,4.0,8,A9,Z,16.5,12.8,14.8,19,347,3,5
2023,Mercedes-Benz,AMG GLS 63 4MATIC+ SUV,Véhicule utilitaire sport : ordinaire,4.0,8,A9,Z,16.6,13.2,15.1,19,354,3,5
2023,Mercedes-Benz,AMG GT 53 4MATIC+ Coupe,Compacte,3.0,6,A9,Z,12.3,9.8,11.2,25,262,4,6
2023,Mercedes-Benz,AMG GT 63 4MATIC+ Coupe,Compacte,4.0,8,A9,Z,16.1,11.4,14.0,20,329,3,5
2023,Mercedes-Benz,AMG GT 63 S 4MATIC+ Coupe,Compacte,4.0,8,A9,Z,16.1,11.4,14.0,20,329,3,5
2023,Mercedes-Benz,AMG SL 63 4MATIC+ Roadster,Minicompacte,4.0,8,A9,Z,18.2,11.8,15.3,18,360,2,5
2023,Mercedes-Benz,C 300 4MATIC Cabriolet,Sous-compacte,2.0,4,A9,Z,11.0,7.8,9.5,30,223,5,6
2023,Mercedes-Benz,C 300 4MATIC Coupe,Sous-compacte,2.0,4,A9,Z,10.7,7.6,9.3,30,218,5,6
2023,Mercedes-Benz,C 300 4MATIC Sedan,Compacte,2.0,4,A9,Z,9.8,7.1,8.6,33,201,6,7
2023,Mercedes-Benz,CLA 250 4MATIC Coupe,Compacte,2.0,4,AM7,Z,9.8,7.0,8.6,33,200,6,5
2023,Mercedes-Benz,CLS 450 4MATIC Coupe,Compacte,3.0,6,A9,Z,11.0,8.2,9.7,29,229,5,6
2023,Mercedes-Benz,E 350 4MATIC Sedan,Intermédiaire,2.0,4,A9,Z,11.2,8.0,9.7,29,228,5,6
2023,Mercedes-Benz,E 450 4MATIC Cabriolet,Sous-compacte,3.0,6,A9,Z,11.2,8.4,9.9,29,233,5,6
2023,Mercedes-Benz,E 450 4MATIC Coupe,Sous-compacte,3.0,6,A9,Z,11.0,8.0,9.6,29,225,5,6
2023,Mercedes-Benz,E 450 4MATIC Sedan,Intermédiaire,3.0,6,A9,Z,10.6,7.8,9.3,30,219,5,6
2023,Mercedes-Benz,E 450 4MATIC All-Terrain Wagon,Familiale : intermédiaire,3.0,6,A9,Z,11.4,8.3,10.0,28,233,5,6
2023,Mercedes-Benz,G 550 SUV,Véhicule utilitaire sport : ordinaire,4.0,8,A9,Z,17.9,14.4,16.3,17,383,2,3
2023,Mercedes-Benz,GLA 250 4MATIC SUV,Véhicule utilitaire sport : petit,2.0,4,AM8,Z,10.3,7.3,9.0,31,210,5,5
2023,Mercedes-Benz,GLB 250 4MATIC SUV,Véhicule utilitaire sport : petit,2.0,4,AM8,Z,10.7,7.9,9.4,30,221,5,5
2023,Mercedes-Benz,GLC 300 4MATIC SUV,Véhicule utilitaire sport : petit,2.0,4,A9,Z,10.4,9.1,9.8,29,229,5,7
2023,Mercedes-Benz,GLC 300 4MATIC Coupe,Véhicule utilitaire sport : petit,2.0,4,A9,Z,12.2,9.2,10.9,26,253,5,6
2023,Mercedes-Benz,GLE 350 4MATIC SUV,Véhicule utilitaire sport : ordinaire,2.0,4,A9,Z,12.1,9.6,11.0,26,257,5,5
2023,Mercedes-Benz,GLE 450 4MATIC SUV,Véhicule utilitaire sport : ordinaire,3.0,6,A9,Z,11.5,9.3,10.5,27,245,5,6
2023,Mercedes-Benz,GLE 450 4MATIC Coupe,Véhicule utilitaire sport : ordinaire,3.0,6,A9,Z,11.7,9.2,10.5,27,247,5,6
2023,Mercedes-Benz,GLS 450 4MATIC SUV,Véhicule utilitaire sport : ordinaire,3.0,6,A9,Z,12.7,10.1,11.6,24,270,4,6
2023,Mercedes-Benz,GLS 580 4MATIC SUV,Véhicule utilitaire sport : ordinaire,4.0,8,A9,Z,14.9,11.2,13.2,21,310,4,5
2023,Mercedes-Benz,GLS 600 4MATIC Maybach SUV,Véhicule utilitaire sport : ordinaire,4.0,8,A9,Z,16.8,12.4,14.8,19,346,3,5
2023,Mercedes-Benz,Maybach S 580 4MATIC Sedan,Grande berline,4.0,8,A9,Z,15.9,9.6,13.0,22,305,4,5
2023,Mercedes-Benz,Maybach S 680 4MATIC Sedan,Grande berline,6.0,12,A9,Z,20.5,11.5,16.4,17,384,2,3
2023,Mercedes-Benz,Metris Cargo Van,Véhicule à usage spécial,2.0,4,A9,Z,12.6,10.4,11.6,24,271,4,6
2023,Mercedes-Benz,Metris Cargo Van LWB,Véhicule à usage spécial,2.0,4,A9,Z,12.6,10.4,11.6,24,271,4,6
2023,Mercedes-Benz,Metris Passenger Van,Véhicule à usage spécial,2.0,4,A9,Z,13.4,10.8,12.3,23,285,4,6
2023,Mercedes-Benz,S 500 4MATIC Sedan,Grande berline,3.0,6,A9,Z,12.0,8.4,10.4,27,242,5,6
2023,Mercedes-Benz,S 580 4MATIC Sedan,Grande berline,4.0,8,A9,Z,14.3,9.5,12.2,23,285,4,5
2023,MINI,Cooper 3 Door,Sous-compacte,1.5,3,AM7,Z,8.2,6.2,7.3,39,170,6,7
2023,MINI,Cooper 3 Door,Sous-compacte,1.5,3,M6,Z,8.6,6.3,7.6,37,177,6,7
2023,MINI,Cooper 5 Door,Sous-compacte,1.5,3,AM7,Z,8.2,6.2,7.3,39,170,6,7
2023,MINI,Cooper 5 Door,Sous-compacte,1.5,3,M6,Z,8.6,6.3,7.6,37,177,6,7
2023,MINI,Cooper Clubman ALL4,Intermédiaire,1.5,3,AS8,Z,9.6,7.1,8.5,33,199,6,7
2023,MINI,Cooper Convertible,Minicompacte,1.5,3,AM7,Z,8.2,6.2,7.3,39,170,6,7
2023,MINI,Cooper Convertible,Minicompacte,1.5,3,M6,Z,8.6,6.3,7.6,37,177,6,7
2023,MINI,Cooper Countryman,Intermédiaire,1.5,3,AM7,Z,9.1,7.3,8.3,34,194,6,7
2023,MINI,Cooper Countryman ALL4,Intermédiaire,1.5,3,AS8,Z,10.1,7.6,9.0,31,209,5,7
2023,MINI,Cooper S 3 Door,Sous-compacte,2.0,4,AM7,Z,8.5,6.2,7.5,38,174,6,7
2023,MINI,Cooper S 3 Door,Sous-compacte,2.0,4,M6,Z,10.3,7.0,8.8,32,205,5,7
2023,MINI,Cooper S 5 Door,Sous-compacte,2.0,4,AM7,Z,8.5,6.2,7.5,38,174,6,7
2023,MINI,Cooper S 5 Door,Sous-compacte,2.0,4,M6,Z,10.3,7.0,8.8,32,205,5,7
2023,MINI,Cooper S Clubman,Intermédiaire,2.0,4,AM7,Z,9.3,6.8,8.2,34,191,6,7
2023,MINI,Cooper S Clubman,Intermédiaire,2.0,4,M6,Z,10.9,7.4,9.3,30,217,5,7
2023,MINI,Cooper S Clubman ALL4,Intermédiaire,2.0,4,AS8,Z,10.1,7.3,8.9,32,206,5,7
2023,MINI,Cooper S Convertible,Minicompacte,2.0,4,AM7,Z,8.8,6.5,7.8,36,182,6,7
2023,MINI,Cooper S Convertible,Minicompacte,2.0,4,M6,Z,10.1,7.1,8.8,32,205,5,7
2023,MINI,Cooper S Countryman,Intermédiaire,2.0,4,AM7,Z,9.7,7.2,8.5,33,199,6,7
2023,MINI,Cooper S Countryman ALL4,Intermédiaire,2.0,4,AS8,Z,10.4,7.5,9.1,31,212,5,7
2023,MINI,John Cooper Works 3 Door,Sous-compacte,2.0,4,AS8,Z,9.3,6.9,8.2,34,191,6,7
2023,MINI,John Cooper Works 3 Door,Sous-compacte,2.0,4,M6,Z,10.7,7.5,9.3,30,216,5,7
2023,MINI,John Cooper Works Clubman ALL4,Intermédiaire,2.0,4,AS8,Z,10.1,7.6,9.0,31,210,5,3
2023,MINI,John Cooper Works Convertible,Minicompacte,2.0,4,AS8,Z,9.7,7.2,8.6,33,200,6,7
2023,MINI,John Cooper Works Countryman ALL4,Intermédiaire,2.0,4,AS8,Z,10.0,7.8,9.0,31,210,5,3
2023,Mitsubishi,Eclipse Cross 4WD,Véhicule utilitaire sport : petit,1.5,4,AV8,X,9.6,8.9,9.3,30,216,5,5
2023,Mitsubishi,Mirage,Compacte,1.2,3,AV,X,6.6,5.6,6.2,46,143,7,5
2023,Mitsubishi,Mirage,Compacte,1.2,3,M5,X,7.1,5.8,6.5,43,151,7,5
2023,Mitsubishi,Outlander 4WD,Véhicule utilitaire sport : petit,2.5,4,AV8,X,9.7,7.9,8.9,32,208,5,6
2023,Mitsubishi,RVR,Véhicule utilitaire sport : petit,2.0,4,AV6,X,9.7,7.8,8.9,32,207,5,5
2023,Mitsubishi,RVR 4WD,Véhicule utilitaire sport : petit,2.0,4,AV6,X,10.0,8.1,9.1,31,213,5,5
2023,Mitsubishi,RVR 4WD,Véhicule utilitaire sport : petit,2.4,4,AV6,X,10.3,8.3,9.4,30,218,5,5
2023,Nissan,Altima AWD,Intermédiaire,2.5,4,AV,X,9.3,6.9,8.2,34,193,6,7
2023,Nissan,Altima AWD SR/Platinum,Intermédiaire,2.5,4,AV,X,9.1,6.9,8.1,35,191,6,7
2023,Nissan,Armada 4WD,Véhicule utilitaire sport : ordinaire,5.6,8,AS7,Z,17.5,12.9,15.4,18,362,2,3
2023,Nissan,Frontier,Camionnette : ordinaire,3.8,6,AS9,X,12.5,9.3,11.1,25,260,4,5
2023,Nissan,Frontier 4WD,Camionnette : ordinaire,3.8,6,AS9,X,13.9,11.1,12.6,22,296,4,5
2023,Nissan,Frontier 4WD (ISS),Camionnette : ordinaire,3.8,6,AS9,X,13.0,10.8,12.0,24,281,4,5
2023,Nissan,Frontier 4WD PRO-4X,Camionnette : ordinaire,3.8,6,AS9,X,14.3,11.4,13.0,22,305,4,5
2023,Nissan,Frontier 4WD PRO-4X (ISS),Camionnette : ordinaire,3.8,6,AS9,X,13.5,11.2,12.4,23,292,4,5
2023,Nissan,GT-R,Sous-compacte,3.8,6,AM6,Z,14.4,10.9,12.8,22,300,4,3
2023,Nissan,Kicks,Intermédiaire,1.6,4,AV,X,7.7,6.6,7.2,39,169,6,7
2023,Nissan,Maxima,Intermédiaire,3.5,6,AV7,Z,11.6,7.9,9.9,29,233,5,3
2023,Nissan,Murano AWD,Familiale : intermédiaire,3.5,6,AV7,X,12.1,8.6,10.6,27,248,5,5
2023,Nissan,Pathfinder 4WD,Véhicule utilitaire sport : petit,3.5,6,AS9,X,11.6,9.2,10.5,27,246,5,5
2023,Nissan,Pathfinder 4WD Rock Creek,Véhicule utilitaire sport : petit,3.5,6,AS9,Z,11.9,10.0,11.1,25,260,4,5
2023,Nissan,Qashqai,Familiale : petite,2.0,4,AV8,X,8.8,7.6,8.2,34,194,6,6
2023,Nissan,Qashqai AWD,Familiale : petite,2.0,4,AV8,X,9.2,7.8,8.6,33,201,5,6
2023,Nissan,Rogue,Véhicule utilitaire sport : petit,1.5,3,AV8,X,7.8,6.5,7.2,39,170,6,6
2023,Nissan,Rogue,Véhicule utilitaire sport : petit,2.5,4,AV8,X,9.2,7.3,8.4,34,196,6,7
2023,Nissan,Rogue AWD,Véhicule utilitaire sport : petit,1.5,3,AV8,X,8.4,6.7,7.6,37,179,6,6
2023,Nissan,Rogue AWD SL/Platinum,Véhicule utilitaire sport : petit,1.5,3,AV8,X,8.4,6.8,7.7,37,181,6,6
2023,Nissan,Rogue AWD,Véhicule utilitaire sport : petit,2.5,4,AV8,X,9.2,7.2,8.3,34,195,6,7
2023,Nissan,Sentra,Intermédiaire,2.0,4,AV,X,8.0,6.0,7.1,40,167,6,7
2023,Nissan,Sentra SR,Intermédiaire,2.0,4,AV,X,8.2,6.1,7.3,39,171,6,7
2023,Nissan,Sentra,Intermédiaire,2.0,4,M6,X,9.2,6.2,7.9,36,185,6,7
2023,Nissan,Sentra SR,Intermédiaire,2.0,4,M6,X,9.4,6.4,8.1,35,189,6,7
2023,Nissan,Versa,Compacte,1.6,4,AV,X,7.4,5.9,6.7,42,158,7,7
2023,Nissan,Versa,Compacte,1.6,4,M5,X,8.6,6.7,7.7,37,181,6,7
2023,Nissan,Z,Deux places,3.0,6,AS9,Z,12.3,8.6,10.6,27,249,5,5
2023,Nissan,Z,Deux places,3.0,6,M6,Z,13.4,10.0,11.9,24,280,4,5
2023,Porsche,718 Boxster,Deux places,2.0,4,AM7,Z,11.0,8.7,10.0,28,233,5,1
2023,Porsche,718 Boxster,Deux places,2.0,4,M6,Z,12.0,9.5,10.9,26,254,5,1
2023,Porsche,718 Boxster T,Deux places,2.0,4,AM7,Z,11.2,8.7,10.1,28,236,5,1
2023,Porsche,718 Boxster T,Deux places,2.0,4,M6,Z,11.7,8.9,10.5,27,245,5,1
2023,Porsche,718 Boxster S,Deux places,2.5,4,AM7,Z,12.2,9.2,10.9,26,255,5,1
2023,Porsche,718 Boxster S,Deux places,2.5,4,M6,Z,12.5,9.6,11.2,25,263,4,1
2023,Porsche,718 Boxster GTS,Deux places,4.0,6,AM7,Z,12.3,9.8,11.1,25,260,4,5
2023,Porsche,718 Boxster GTS,Deux places,4.0,6,M6,Z,14.0,10.0,12.2,23,284,4,5
2023,Porsche,718 Cayman,Deux places,2.0,4,AM7,Z,11.0,8.7,10.0,28,233,5,1
2023,Porsche,718 Cayman,Deux places,2.0,4,M6,Z,12.0,9.5,10.9,26,254,5,1
2023,Porsche,718 Cayman T,Deux places,2.0,4,AM7,Z,11.2,8.7,10.1,28,236,5,1
2023,Porsche,718 Cayman T,Deux places,2.0,4,M6,Z,11.7,8.9,10.5,27,245,5,1
2023,Porsche,718 Cayman S,Deux places,2.5,4,AM7,Z,12.2,9.2,10.9,26,255,5,1
2023,Porsche,718 Cayman S,Deux places,2.5,4,M6,Z,12.5,9.6,11.2,25,263,4,1
2023,Porsche,718 Cayman GT4,Deux places,4.0,6,AM7,Z,13.0,9.9,11.6,24,271,4,5
2023,Porsche,718 Cayman GT4,Deux places,4.0,6,M6,Z,14.0,10.3,12.3,23,287,4,5
2023,Porsche,718 Cayman GTS,Deux places,4.0,6,AM7,Z,12.3,9.8,11.1,25,260,4,5
2023,Porsche,718 Cayman GTS,Deux places,4.0,6,M6,Z,14.0,10.0,12.2,23,284,4,5
2023,Porsche,718 GT4 RS,Deux places,4.0,6,AM7,Z,16.0,12.5,14.4,20,338,3,3
2023,Porsche,718 Spyder,Deux places,4.0,6,AM7,Z,13.0,9.9,11.6,24,271,4,5
2023,Porsche,718 Spyder,Deux places,4.0,6,M6,Z,14.0,10.3,12.3,23,287,4,5
2023,Porsche,911 Carrera,Minicompacte,3.0,6,AM8,Z,13.1,9.8,11.6,24,275,4,5
2023,Porsche,911 Carrera 4,Minicompacte,3.0,6,AM8,Z,13.1,9.8,11.6,24,260,4,5
2023,Porsche,911 Carrera Cabriolet,Minicompacte,3.0,6,AM8,Z,13.1,9.8,11.6,24,275,4,5
2023,Porsche,911 Carrera 4 Cabriolet,Minicompacte,3.0,6,AM8,Z,13.1,9.7,11.6,24,264,4,5
2023,Porsche,911 Carrera T,Minicompacte,3.0,6,AM8,Z,13.1,9.8,11.6,24,264,4,5
2023,Porsche,911 Carrera T,Minicompacte,3.0,6,M7,Z,13.8,9.3,11.8,24,269,4,5
2023,Porsche,911 Carrera S,Minicompacte,3.0,6,AM8,Z,12.9,10.2,11.7,24,274,4,5
2023,Porsche,911 Carrera S,Minicompacte,3.0,6,M7,Z,12.8,9.4,11.3,25,264,4,5
2023,Porsche,911 Carrera 4S,Minicompacte,3.0,6,AM8,Z,13.0,10.2,11.8,24,271,4,5
2023,Porsche,911 Carrera 4S,Minicompacte,3.0,6,M7,Z,13.8,9.3,11.8,24,266,4,5
2023,Porsche,911 Carrera S Cabriolet,Minicompacte,3.0,6,AM8,Z,12.9,10.2,11.7,24,273,4,5
2023,Porsche,911 Carrera S Cabriolet,Minicompacte,3.0,6,M7,Z,13.8,9.4,11.8,24,275,4,5
2023,Porsche,911 Carrera 4S Cabriolet,Minicompacte,3.0,6,AM8,Z,12.8,10.2,11.7,24,270,4,5
2023,Porsche,911 Carrera 4S Cabriolet,Minicompacte,3.0,6,M7,Z,13.8,9.8,12.0,24,269,4,5
2023,Porsche,911 Carrera GTS,Minicompacte,3.0,6,AM8,Z,13.8,10.1,12.1,23,275,4,5
2023,Porsche,911 Carrera GTS,Minicompacte,3.0,6,M7,Z,13.5,9.8,11.9,24,273,4,5
2023,Porsche,911 Carrera 4 GTS,Minicompacte,3.0,6,AM8,Z,13.8,10.1,12.1,23,275,4,5
2023,Porsche,911 Carrera 4 GTS,Minicompacte,3.0,6,M7,Z,13.8,10.2,12.2,23,281,4,5
2023,Porsche,911 Carrera GTS Cabriolet,Minicompacte,3.0,6,AM8,Z,13.8,10.2,12.2,23,272,4,5
2023,Porsche,911 Carrera GTS Cabriolet,Minicompacte,3.0,6,M7,Z,13.8,9.6,11.9,24,272,4,5
2023,Porsche,911 Carrera 4 GTS Cabriolet,Minicompacte,3.0,6,AM8,Z,13.7,10.7,12.3,23,284,4,5
2023,Porsche,911 Carrera 4 GTS Cabriolet,Minicompacte,3.0,6,M7,Z,14.7,10.2,12.7,22,284,4,5
2023,Porsche,911 Dakar,Minicompacte,3.0,6,AM8,Z,14.7,9.8,12.5,23,284,4,5
2023,Porsche,911 GT3,Deux places,4.0,6,AM7,Z,15.6,12.7,14.3,20,334,3,3
2023,Porsche,911 GT3,Deux places,4.0,6,M6,Z,17.0,13.1,15.2,19,349,3,3
2023,Porsche,911 GT3 RS,Deux places,4.0,6,AM7,Z,16.8,13.0,15.1,19,354,3,3
2023,Porsche,911 GT3 Touring,Deux places,4.0,6,AM7,Z,15.7,12.7,14.4,20,335,3,3
2023,Porsche,911 GT3 Touring,Deux places,4.0,6,M6,Z,16.9,13.1,15.2,19,348,3,3
2023,Porsche,911 Sport Classic,Minicompacte,3.7,6,M7,Z,16.0,11.0,13.7,21,321,3,5
2023,Porsche,911 Targa 4,Minicompacte,3.0,6,AM8,Z,13.1,9.8,11.6,24,261,4,5
2023,Porsche,911 Targa 4S,Minicompacte,3.0,6,AM8,Z,13.1,10.2,11.8,24,264,4,5
2023,Porsche,911 Targa 4S,Minicompacte,3.0,6,M7,Z,13.7,9.8,11.9,24,274,4,5
2023,Porsche,911 Targa 4 GTS,Minicompacte,3.0,6,AM8,Z,13.6,10.7,12.3,23,283,4,5
2023,Porsche,911 Targa 4 GTS,Minicompacte,3.0,6,M7,Z,14.7,10.2,12.7,22,284,4,5
2023,Porsche,911 Turbo,Minicompacte,3.7,6,AM8,Z,15.2,11.9,13.7,21,321,3,5
2023,Porsche,911 Turbo Cabriolet,Minicompacte,3.7,6,AM8,Z,15.6,11.8,13.9,20,320,3,5
2023,Porsche,911 Turbo S,Minicompacte,3.7,6,AM8,Z,15.3,11.8,13.7,21,316,3,5
2023,Porsche,911 Turbo S Cabriolet,Minicompacte,3.7,6,AM8,Z,16.0,11.8,14.1,20,325,3,5
2023,Porsche,Cayenne,Véhicule utilitaire sport : ordinaire,3.0,6,AS8,Z,13.8,10.7,12.4,23,281,4,5
2023,Porsche,Cayenne Coupe,Véhicule utilitaire sport : ordinaire,3.0,6,AS8,Z,13.8,10.7,12.4,23,281,4,5
2023,Porsche,Cayenne S,Véhicule utilitaire sport : ordinaire,2.9,6,AS8,Z,15.7,11.2,13.7,21,305,4,5
2023,Porsche,Cayenne S Coupe,Véhicule utilitaire sport : ordinaire,2.9,6,AS8,Z,14.4,11.2,13.0,22,305,4,5
2023,Porsche,Cayenne GTS,Véhicule utilitaire sport : ordinaire,4.0,8,AS8,Z,15.8,11.9,14.0,20,327,3,3
2023,Porsche,Cayenne GTS Coupe,Véhicule utilitaire sport : ordinaire,4.0,8,AS8,Z,15.2,12.4,14.0,20,319,3,3
2023,Porsche,Cayenne Turbo,Véhicule utilitaire sport : ordinaire,4.0,8,AS8,Z,16.8,12.4,14.8,19,330,3,3
2023,Porsche,Cayenne Turbo Coupe,Véhicule utilitaire sport : ordinaire,4.0,8,AS8,Z,15.9,12.0,14.1,20,330,3,3
2023,Porsche,Cayenne Turbo GT,Véhicule utilitaire sport : ordinaire,4.0,8,AS8,Z,16.8,12.4,14.8,19,334,3,3
2023,Porsche,Macan,Véhicule utilitaire sport : petit,2.0,4,AM7,Z,12.4,9.3,11.0,26,252,5,5
2023,Porsche,Macan T,Véhicule utilitaire sport : petit,2.0,4,AM7,Z,12.2,9.6,11.0,26,259,4,5
2023,Porsche,Macan S,Véhicule utilitaire sport : petit,2.9,6,AM7,Z,13.8,10.1,12.2,23,276,4,5
2023,Porsche,Macan GTS,Véhicule utilitaire sport : petit,2.9,6,AM7,Z,13.5,10.7,12.2,23,281,4,5
2023,Porsche,Panamera 4,Grande berline,2.9,6,AM8,Z,12.8,9.8,11.5,25,265,4,5
2023,Porsche,Panamera 4 Executive,Grande berline,2.9,6,AM8,Z,13.8,10.2,12.2,23,271,4,5
2023,Porsche,Panamera 4 ST,Grande berline,2.9,6,AM8,Z,12.8,10.2,11.7,24,267,4,5
2023,Porsche,Panamera 4S,Grande berline,2.9,6,AM8,Z,12.8,9.8,11.4,25,266,4,5
2023,Porsche,Panamera 4S Executive,Grande berline,2.9,6,AM8,Z,13.8,10.2,12.2,23,280,4,5
2023,Porsche,Panamera 4S ST,Grande berline,2.9,6,AM8,Z,13.8,10.2,12.2,23,280,4,5
2023,Porsche,Panamera GTS,Grande berline,4.0,8,AM8,Z,15.7,11.2,13.7,21,303,4,3
2023,Porsche,Panamera GTS ST,Grande berline,4.0,8,AM8,Z,15.7,11.8,13.9,20,312,4,3
2023,Porsche,Panamera Turbo S,Grande berline,4.0,8,AM8,Z,15.3,11.2,13.5,21,315,4,3
2023,Porsche,Panamera Turbo S Executive,Grande berline,4.0,8,AM8,Z,15.3,11.2,13.5,21,315,4,3
2023,Porsche,Panamera Turbo S ST,Grande berline,4.0,8,AM8,Z,15.3,11.2,13.5,21,315,4,3
2023,Ram,1500 eTorque,Camionnette : ordinaire,3.6,6,A8,X,11.9,9.4,10.8,26,253,5,7
2023,Ram,1500 eTorque,Camionnette : ordinaire,5.7,8,A8,X,13.0,10.0,11.7,24,275,4,5
2023,Ram,1500 4X4 EcoDiesel,Camionnette : ordinaire,3.0,6,A8,D,11.1,8.0,9.7,29,260,4,1
2023,Ram,1500 4X4 eTorque,Camionnette : ordinaire,3.6,6,A8,X,12.1,9.7,11.0,26,259,4,7
2023,Ram,1500 4X4,Camionnette : ordinaire,5.7,8,A8,X,16.1,11.0,13.8,20,325,3,5
2023,Ram,1500 4X4 eTorque,Camionnette : ordinaire,5.7,8,A8,X,13.5,10.5,12.1,23,284,4,5
2023,Ram,1500 4X4 TRX,Camionnette : ordinaire,6.2,8,A8,Z,22.4,16.5,19.8,14,465,1,1
2023,Ram,1500 Classic,Camionnette : ordinaire,3.6,6,A8,X,13.6,9.5,11.7,24,276,4,7
2023,Ram,1500 Classic,Camionnette : ordinaire,5.7,8,A8,X,16.1,11.1,13.8,20,322,3,5
2023,Ram,1500 Classic 4X4,Camionnette : ordinaire,3.6,6,A8,X,14.5,10.1,12.5,23,294,4,7
2023,Ram,1500 Classic 4X4,Camionnette : ordinaire,5.7,8,A8,X,16.2,11.6,14.1,20,330,3,5
2023,Rolls-Royce,Cullinan,Familiale : intermédiaire,6.7,12,AS8,Z,20.1,12.4,16.6,17,389,2,3
2023,Rolls-Royce,Cullinan Black Badge,Familiale : intermédiaire,6.7,12,AS8,Z,20.1,12.4,16.6,17,389,2,3
2023,Rolls-Royce,Ghost,Grande berline,6.7,12,AS8,Z,19.9,12.7,16.7,17,388,2,3
2023,Rolls-Royce,Ghost Black Badge,Grande berline,6.7,12,AS8,Z,19.9,12.7,16.7,17,388,2,3
2023,Rolls-Royce,Ghost Extended,Grande berline,6.7,12,AS8,Z,19.9,12.7,16.7,17,388,2,3
2023,Rolls-Royce,Phantom,Grande berline,6.7,12,AS8,Z,20.2,13.1,17.0,17,397,2,3
2023,Rolls-Royce,Phantom Extended,Grande berline,6.7,12,AS8,Z,20.2,13.1,17.0,17,397,2,3
2023,Subaru,Ascent AWD,Véhicule utilitaire sport : ordinaire,2.4,4,AV8,X,12.3,9.4,11.0,26,256,5,5
2023,Subaru,BRZ,Minicompacte,2.4,4,AS6,Z,11.0,7.7,9.5,30,224,5,3
2023,Subaru,BRZ,Minicompacte,2.4,4,M6,Z,12.0,8.8,10.5,27,247,5,3
2023,Subaru,Crosstrek AWD,Véhicule utilitaire sport : petit,2.0,4,AV8,X,8.5,7.0,7.9,36,184,6,7
2023,Subaru,Crosstrek AWD,Véhicule utilitaire sport : petit,2.0,4,M6,X,10.5,8.1,9.4,30,220,5,7
2023,Subaru,Crosstrek AWD,Véhicule utilitaire sport : petit,2.5,4,AV8,X,8.8,7.0,8.0,35,187,6,7
2023,Subaru,Forester AWD,Véhicule utilitaire sport : petit,2.5,4,AV7,X,9.0,7.2,8.2,34,192,6,7
2023,Subaru,Forester Wilderness AWD,Véhicule utilitaire sport : petit,2.5,4,AV8,X,9.5,8.3,9.0,31,210,5,7
2023,Subaru,Impreza 5-Door AWD,Familiale : petite,2.0,4,AV7,X,8.4,6.6,7.6,37,178,6,7
2023,Subaru,Impreza 5-Door AWD,Familiale : petite,2.0,4,M5,X,10.1,7.7,9.0,31,211,5,7
2023,Subaru,Legacy AWD,Grande berline,2.4,4,AV8,X,10.1,7.5,9.0,31,209,5,6
2023,Subaru,Legacy AWD,Grande berline,2.5,4,AV8,X,8.7,6.7,7.8,36,183,6,7
2023,Subaru,Outback AWD,Véhicule utilitaire sport : petit,2.4,4,AV8,X,10.6,8.1,9.5,30,221,5,6
2023,Subaru,Outback AWD,Véhicule utilitaire sport : petit,2.5,4,AV8,X,9.2,7.3,8.3,34,195,6,7
2023,Subaru,Outback Wilderness AWD,Véhicule utilitaire sport : petit,2.4,4,AV8,X,11.0,9.0,10.1,28,235,5,6
2023,Subaru,WRX AWD,Intermédiaire,2.4,4,AV8,Z,12.7,9.4,11.2,25,262,4,3
2023,Subaru,WRX AWD,Intermédiaire,2.4,4,M6,Z,12.3,9.0,10.8,26,254,5,3
2023,Toyota,4Runner 4WD,Véhicule utilitaire sport : ordinaire,4.0,6,AS5,X,14.9,12.6,13.8,20,323,3,5
2023,Toyota,4Runner 4WD (Part-Time 4WD),Véhicule utilitaire sport : ordinaire,4.0,6,AS5,X,14.8,12.5,13.8,20,320,3,5
2023,Toyota,Camry SE,Intermédiaire,2.5,4,AS8,X,8.5,6.1,7.4,38,174,6,7
2023,Toyota,Camry XSE V6/TRD,Intermédiaire,3.5,6,AS8,X,10.8,7.6,9.4,30,220,5,5
2023,Toyota,Camry AWD SE,Intermédiaire,2.5,4,AS8,X,9.4,6.8,8.2,34,192,6,6
2023,Toyota,Camry AWD XSE,Intermédiaire,2.5,4,AS8,X,9.5,7.0,8.4,34,195,6,6
2023,Toyota,Camry Hybrid LE,Intermédiaire,2.5,4,AV6,X,4.9,4.8,4.9,58,113,8,7
2023,Toyota,Camry Hybrid SE/XLE/XSE,Intermédiaire,2.5,4,AV6,X,5.3,5.0,5.1,55,121,8,7
2023,Toyota,Corolla (1-mode),Compacte,2.0,4,AV10,X,7.4,5.7,6.7,42,158,7,7
2023,Toyota,Corolla (3-mode),Compacte,2.0,4,AV10,X,7.6,5.9,6.8,42,160,7,7
2023,Toyota,Corolla Hatchback,Compacte,2.0,4,AV10,X,7.5,5.9,6.8,42,159,7,7
2023,Toyota,Corolla Hybrid,Compacte,1.8,4,AV,X,4.4,5.1,4.7,60,110,8,7
2023,Toyota,Corolla Hybrid AWD (2-mode),Compacte,1.8,4,AV,X,4.6,5.3,4.9,58,115,8,7
2023,Toyota,Corolla Hybrid AWD (3-mode),Compacte,1.8,4,AV,X,5.0,5.7,5.3,53,124,8,7
2023,Toyota,Corolla Cross,Véhicule utilitaire sport : petit,2.0,4,AV10,X,7.6,7.0,7.3,39,171,6,7
2023,Toyota,Corolla Cross AWD,Véhicule utilitaire sport : petit,2.0,4,AV10,X,8.1,7.4,7.8,36,182,6,7
2023,Toyota,Corolla Cross Hybrid AWD,Véhicule utilitaire sport : petit,2.0,4,AV6,X,5.2,6.2,5.6,50,130,8,7
2023,Toyota,Crown AWD,Intermédiaire,2.4,4,AS6,X,8.1,7.3,7.8,36,182,6,7
2023,Toyota,Crown AWD,Intermédiaire,2.5,4,AV,X,5.6,5.7,5.7,50,133,8,7
2023,Toyota,GR Corolla,Sous-compacte,1.6,3,M6,Z,11.1,8.3,9.8,29,229,5,5
2023,Toyota,GR Supra 2.0,Deux places,2.0,4,AS8,Z,9.3,7.7,8.6,33,200,6,7
2023,Toyota,GR Supra 3.0,Deux places,3.0,6,AS8,Z,10.2,7.7,9.1,31,212,5,5
2023,Toyota,GR Supra 3.0,Deux places,3.0,6,M6,Z,12.7,8.8,10.9,26,255,5,5
2023,Toyota,GR86,Minicompacte,2.4,4,AS6,Z,11.2,7.8,9.7,29,227,5,3
2023,Toyota,GR86,Minicompacte,2.4,4,M6,Z,12.0,8.9,10.6,27,249,5,3
2023,Toyota,Highlander AWD,Véhicule utilitaire sport : petit,2.4,4,AS8,X,11.0,8.4,9.9,29,231,5,7
2023,Toyota,Highlander Hybrid AWD,Véhicule utilitaire sport : ordinaire,2.5,4,AV,X,6.7,6.8,6.7,42,158,7,7
2023,Toyota,Highlander Hybrid AWD Limited/Platinum,Véhicule utilitaire sport : ordinaire,2.5,4,AV,X,6.6,6.8,6.7,42,156,7,7
2023,Toyota,Prius AWD,Intermédiaire,2.0,4,AV,X,4.8,4.7,4.8,59,111,8,7
2023,Toyota,RAV4,Véhicule utilitaire sport : petit,2.5,4,AS8,X,8.8,6.8,7.9,36,184,6,7
2023,Toyota,RAV4 AWD,Véhicule utilitaire sport : petit,2.5,4,AS8,X,9.5,7.2,8.5,33,199,6,6
2023,Toyota,RAV4 AWD (Stop/Start),Véhicule utilitaire sport : petit,2.5,4,AS8,X,8.8,7.1,8.0,35,187,6,6
2023,Toyota,RAV4 AWD LE,Véhicule utilitaire sport : petit,2.5,4,AS8,X,8.7,6.9,7.9,36,184,6,6
2023,Toyota,RAV4 Hybrid AWD,Véhicule utilitaire sport : petit,2.5,4,AV,X,5.8,6.3,6.0,47,141,7,7
2023,Toyota,Sequoia 4WD,Véhicule utilitaire sport : ordinaire,3.4,6,AS10,X,12.6,10.5,11.7,24,273,4,5
2023,Toyota,Sienna,Fourgonnette,2.5,4,AV,X,6.6,6.5,6.6,43,154,7,7
2023,Toyota,Sienna AWD,Fourgonnette,2.5,4,AV,X,6.8,6.6,6.7,42,158,7,7
2023,Toyota,Tacoma 4WD,Camionnette : petite,3.5,6,AS6,X,13.0,10.5,11.9,24,278,4,5
2023,Toyota,Tacoma 4WD,Camionnette : petite,3.5,6,M6,X,13.8,11.4,12.7,22,299,4,5
2023,Toyota,Tacoma 4WD D-Cab TRD Off-Road/PRO,Camionnette : petite,3.5,6,M6,X,13.8,11.7,12.9,22,300,4,5
2023,Toyota,Tundra,Camionnette : ordinaire,3.4,6,AS10,X,13.1,10.1,11.8,24,277,4,5
2023,Toyota,Tundra 4WD,Camionnette : ordinaire,3.4,6,AS10,X,13.7,10.8,12.4,23,291,4,5
2023,Toyota,Tundra 4WD TRD,Camionnette : ordinaire,3.4,6,AS10,X,13.5,10.6,12.2,23,286,4,5
2023,Toyota,Tundra Hybrid 4WD,Camionnette : ordinaire,3.4,6,AS10,X,12.7,10.5,11.7,24,274,4,5
2023,Toyota,Tundra Hybrid 4WD TRD PRO,Camionnette : ordinaire,3.4,6,AS10,X,12.9,11.6,12.3,23,287,4,5
2023,Toyota,Venza AWD,Véhicule utilitaire sport : petit,2.5,4,AV,X,5.9,6.4,6.1,46,142,7,7
2023,Volkswagen,Atlas,Véhicule utilitaire sport : petit,2.0,4,AS8,X,11.0,9.3,10.2,28,240,5,3
2023,Volkswagen,Atlas 4MOTION,Véhicule utilitaire sport : petit,2.0,4,AS8,X,11.8,9.8,10.9,26,255,5,3
2023,Volkswagen,Atlas 4MOTION,Véhicule utilitaire sport : petit,3.6,6,AS8,X,13.4,10.1,11.9,24,279,4,5
2023,Volkswagen,Atlas Cross Sport,Véhicule utilitaire sport : petit,2.0,4,AS8,X,11.0,9.6,10.3,27,243,5,3
2023,Volkswagen,Atlas Cross Sport 4MOTION,Véhicule utilitaire sport : petit,2.0,4,AS8,X,11.8,9.8,10.9,26,256,5,3
2023,Volkswagen,Atlas Cross Sport 4MOTION,Véhicule utilitaire sport : petit,3.6,6,AS8,X,13.1,10.0,11.7,24,275,4,5
2023,Volkswagen,Golf GTI,Compacte,2.0,4,AM7,X,9.7,7.0,8.5,33,198,6,5
2023,Volkswagen,Golf GTI,Compacte,2.0,4,M6,X,10.0,7.3,8.8,32,205,5,5
2023,Volkswagen,Golf R,Compacte,2.0,4,A7,Z,10.3,7.7,9.1,31,213,5,5
2023,Volkswagen,Golf R,Compacte,2.0,4,M6,Z,11.8,8.3,10.2,28,237,5,5
2023,Volkswagen,Jetta,Compacte,1.5,4,AS8,X,7.7,5.7,6.8,42,159,7,7
2023,Volkswagen,Jetta Comfortline/Highline,Compacte,1.5,4,AS8,X,8.1,5.8,7.1,40,167,6,7
2023,Volkswagen,Jetta,Compacte,1.5,4,M6,X,8.2,5.6,7.0,40,165,7,7
2023,Volkswagen,Jetta GLI,Compacte,2.0,4,AM7,X,9.0,6.5,7.9,36,185,6,7
2023,Volkswagen,Jetta GLI,Compacte,2.0,4,M6,X,9.1,6.4,7.9,36,186,6,7
2023,Volkswagen,Taos,Véhicule utilitaire sport : petit,1.5,4,AS8,X,8.4,6.6,7.6,37,178,6,7
2023,Volkswagen,Taos 4MOTION,Véhicule utilitaire sport : petit,1.5,4,AM7,X,9.5,7.3,8.5,33,200,6,7
2023,Volkswagen,Tiguan 4MOTION,Véhicule utilitaire sport : petit,2.0,4,AS8,X,10.6,8.0,9.4,30,222,5,7
2023,Volkswagen,Tiguan R-Line 4MOTION,Véhicule utilitaire sport : petit,2.0,4,AS8,X,11.0,8.3,9.8,29,229,5,7
2023,Volvo,S60 B5,Compacte,2.0,4,AS8,Z,9.0,6.7,8.0,35,186,6,5
2023,Volvo,S60 B5 AWD,Compacte,2.0,4,AS8,Z,9.4,6.9,8.3,34,193,6,5
2023,Volvo,S90 B6 AWD,Intermédiaire,2.0,4,AS8,Z,10.3,7.5,9.0,31,211,5,7
2023,Volvo,V60 B6 AWD,Familiale : petite,2.0,4,AS8,Z,10.3,7.6,9.1,31,212,5,7
2023,Volvo,V60 CC B5 AWD,Familiale : petite,2.0,4,AS8,Z,10.1,7.7,9.0,31,211,5,5
2023,Volvo,V90 CC B6 AWD,Familiale : intermédiaire,2.0,4,AS8,Z,10.9,8.3,9.7,29,227,5,7
2023,Volvo,XC40 B4 AWD,Véhicule utilitaire sport : petit,2.0,4,AS8,Z,10.0,7.6,8.9,32,208,5,5
2023,Volvo,XC40 B5 AWD,Véhicule utilitaire sport : petit,2.0,4,AS8,Z,10.2,7.9,9.2,31,215,5,5
2023,Volvo,XC60 B5 AWD,Véhicule utilitaire sport : petit,2.0,4,AS8,Z,10.3,8.2,9.4,30,218,5,5
2023,Volvo,XC60 B6 AWD,Véhicule utilitaire sport : petit,2.0,4,AS8,Z,11.1,8.7,10.0,28,233,5,7
2023,Volvo,XC90 B5 AWD,Véhicule utilitaire sport : ordinaire,2.0,4,AS8,Z,10.5,8.4,9.6,29,223,5,5
2023,Volvo,XC90 B6 AWD,Véhicule utilitaire sport : ordinaire,2.0,4,AS8,Z,11.9,9.1,10.6,27,249,5,7
2024,Acura,Integra A-SPEC,Grande berline,1.5,4,AV7,Z,8.1,6.5,7.4,38,172,6,7
2024,Acura,Integra A-SPEC,Grande berline,1.5,4,M6,Z,8.9,6.5,7.8,36,181,6,6
2024,Acura,Integra Type S,Grande berline,2.0,4,M6,Z,11.1,8.3,9.9,29,230,5,6
2024,Acura,MDX SH-AWD,Véhicule utilitaire sport : petit,3.5,6,AS10,Z,12.6,9.4,11.2,25,263,4,5
2024,Acura,MDX SH-AWD Type S,Véhicule utilitaire sport : ordinaire,3.0,6,AS10,Z,13.8,11.2,12.4,23,291,4,5
2024,Acura,RDX SH-AWD,Véhicule utilitaire sport : petit,2.0,4,AS10,Z,11.0,8.6,9.9,29,232,5,6
2024,Acura,RDX SH-AWD A-SPEC,Véhicule utilitaire sport : petit,2.0,4,AS10,Z,11.3,9.1,10.3,27,241,5,6
2024,Acura,TLX SH-AWD A-SPEC,Compacte,2.0,4,AS10,Z,11.3,8.1,9.8,29,231,5,7
2024,Acura,TLX Type S (Performance Tire),Compacte,3.0,6,AS10,Z,12.3,9.8,11.2,25,261,4,5
2024,Alfa Romeo,Giulia,Intermédiaire,2.0,4,A8,Z,10.0,7.2,8.7,32,205,5,5
2024,Alfa Romeo,Giulia AWD,Intermédiaire,2.0,4,A8,Z,10.5,7.7,9.2,31,217,5,5
2024,Alfa Romeo,Giulia Quadrifoglio,Intermédiaire,2.9,6,A8,Z,13.5,9.3,11.6,24,271,4,3
2024,Alfa Romeo,Stelvio,Véhicule utilitaire sport : petit,2.0,4,A8,Z,10.3,8.1,9.3,30,218,5,5
2024,Alfa Romeo,Stelvio AWD,Véhicule utilitaire sport : petit,2.0,4,A8,Z,10.8,8.3,9.6,29,226,5,5
2024,Alfa Romeo,Stelvio AWD Quadrifoglio,Véhicule utilitaire sport : petit,2.9,6,A8,Z,13.9,10.3,12.3,23,288,4,3
2024,Alfa Romeo,Tonale AWD,Véhicule utilitaire sport : petit,2.0,4,A9,X,11.2,8.2,9.8,29,231,5,7
2024,Aston Martin,DB12,Minicompacte,4.0,8,A8,Z,15.9,10.5,13.5,21,316,3,5
2024,Aston Martin,DBS V12,Minicompacte,5.2,12,A8,Z,16.4,10.7,13.8,20,324,3,3
2024,Aston Martin,DBX V8,Véhicule utilitaire sport : ordinaire,4.0,8,A9,Z,16.8,11.9,14.6,19,343,3,5
2024,Aston Martin,DBX707,Véhicule utilitaire sport : ordinaire,4.0,8,A9,Z,15.7,12.0,14.0,20,329,3,5
2024,Aston Martin,Valour,Deux places,5.2,12,M6,Z,18.9,13.1,16.3,17,383,2,3
2024,Audi,A3 40 TFSI quattro,Sous-compacte,2.0,4,AM7,X,9.2,6.9,8.1,35,191,6,7
2024,Audi,A4 45 TFSI quattro,Compacte,2.0,4,AM7,Z,10.0,7.4,8.8,32,208,5,5
2024,Audi,A4 allroad 45 TFSI quattro,Familiale : petite,2.0,4,AM7,Z,10.3,7.8,9.2,31,215,5,5
2024,Audi,A5 Cabriolet 45 TFSI quattro,Sous-compacte,2.0,4,AM7,Z,9.8,7.1,8.6,33,202,5,5
2024,Audi,A5 Coupé 45 TFSI quattro,Sous-compacte,2.0,4,AM7,Z,10.0,7.4,8.8,32,208,5,5
2024,Audi,A5 Sportback 45 TFSI quattro,Intermédiaire,2.0,4,AM7,Z,10.0,7.4,8.8,32,208,5,5
2024,Audi,A6 45 TFSI quattro,Intermédiaire,2.0,4,AM7,Z,10.4,7.2,9.0,31,210,5,5
2024,Audi,A6 55 TFSI quattro,Intermédiaire,3.0,6,AM7,Z,10.9,8.0,9.6,29,225,5,5
2024,Audi,A6 allroad 55 TFSI quattro,Familiale : intermédiaire,3.0,6,AM7,Z,10.9,8.0,9.6,29,225,5,5
2024,Audi,A7 Sportback 55 TFSI quattro,Intermédiaire,3.0,6,AM7,Z,10.9,8.0,9.6,29,225,5,5
2024,Audi,A8 L 55 TFSI quattro,Grande berline,3.0,6,AS8,Z,12.4,8.4,10.6,27,249,5,5
2024,Audi,Q3 40 TFSI quattro,Véhicule utilitaire sport : petit,2.0,4,AS8,X,10.7,8.1,9.5,30,224,5,6
2024,Audi,Q3 45 TFSI quattro,Véhicule utilitaire sport : petit,2.0,4,AS8,X,11.5,8.5,10.2,28,239,5,7
2024,Audi,Q5 40 TFSI quattro,Véhicule utilitaire sport : petit,2.0,4,AM7,Z,10.1,8.0,9.2,31,215,5,5
2024,Audi,Q5 45 TFSI quattro,Véhicule utilitaire sport : petit,2.0,4,AM7,Z,11.0,8.5,9.9,29,230,5,5
2024,Audi,Q5 Sportback 45 TFSI quattro,Véhicule utilitaire sport : petit,2.0,4,AM7,Z,11.0,8.5,9.9,29,230,5,5
2024,Audi,Q7 45 TFSI quattro,Véhicule utilitaire sport : ordinaire,2.0,4,AS8,Z,12.3,9.4,11.0,26,258,4,5
2024,Audi,Q7 55 TFSI quattro,Véhicule utilitaire sport : ordinaire,3.0,6,AS8,Z,12.7,9.8,11.4,25,268,4,5
2024,Audi,Q8 55 TFSI quattro,Véhicule utilitaire sport : ordinaire,3.0,6,AS8,Z,13.6,10.4,12.1,23,285,4,5
2024,Audi,RS 5 Coupé,Sous-compacte,2.9,6,AS8,Z,12.9,9.3,11.3,25,264,4,5
2024,Audi,RS 5 Sportback,Intermédiaire,2.9,6,AS8,Z,13.3,9.6,11.6,24,272,4,5
2024,Audi,RS 6 Avant performance,Familiale : intermédiaire,4.0,8,AS8,Z,16.9,11.0,14.2,20,335,3,3
2024,Audi,RS 7 Sportback performance,Intermédiaire,4.0,8,AS8,Z,16.9,11.0,14.2,20,335,3,3
2024,Audi,RS Q8,Véhicule utilitaire sport : ordinaire,4.0,8,AS8,Z,17.7,12.4,15.3,18,357,2,3
2024,Audi,S3 quattro,Sous-compacte,2.0,4,AM7,Z,10.2,7.4,8.9,32,208,5,5
2024,Audi,S4 quattro,Compacte,3.0,6,AS8,Z,11.1,8.1,9.7,29,228,5,5
2024,Audi,S5 Cabriolet quattro,Sous-compacte,3.0,6,AS8,Z,11.9,8.8,10.5,27,247,5,5
2024,Audi,S5 Coupé quattro,Sous-compacte,3.0,6,AS8,Z,11.1,8.1,9.7,29,228,5,5
2024,Audi,S5 Sportback quattro,Intermédiaire,3.0,6,AS8,Z,11.8,8.2,10.2,28,238,5,5
2024,Audi,S6 quattro,Intermédiaire,2.9,6,AS8,Z,12.3,8.8,10.7,26,252,5,5
2024,Audi,S7 quattro,Intermédiaire,2.9,6,AS8,Z,12.3,8.8,10.7,26,252,5,5
2024,Audi,S8 quattro,Grande berline,4.0,8,AS8,Z,16.0,10.0,13.3,21,312,4,3
2024,Audi,SQ5 quattro,Véhicule utilitaire sport : petit,3.0,6,AS8,Z,12.6,9.8,11.4,25,266,4,5
2024,Audi,SQ5 Sportback quattro,Véhicule utilitaire sport : petit,3.0,6,AS8,Z,12.6,9.8,11.4,25,266,4,5
2024,Audi,SQ7 quattro,Véhicule utilitaire sport : ordinaire,4.0,8,AS8,Z,16.0,11.5,13.9,20,326,3,3
2024,Audi,SQ8 quattro,Véhicule utilitaire sport : ordinaire,4.0,8,AS8,Z,15.6,11.5,13.8,20,322,3,3
2024,Bentley,Bentayga,Véhicule utilitaire sport : petit,4.0,8,AS8,Z,17.1,11.4,14.6,19,343,3,3
2024,Bentley,Bentayga EWB,Véhicule utilitaire sport : petit,4.0,8,AS8,Z,17.1,11.4,14.6,19,343,3,3
2024,Bentley,Continental GT,Sous-compacte,4.0,8,AM8,Z,16.4,10.5,13.7,21,322,3,3
2024,Bentley,Continental GT,Sous-compacte,6.0,12,AM8,Z,19.2,11.4,15.7,18,367,2,3
2024,Bentley,Continental GT Convertible,Minicompacte,4.0,8,AM8,Z,16.7,11.4,14.3,20,337,3,3
2024,Bentley,Continental GT Convertible,Minicompacte,6.0,12,AM8,Z,19.8,12.7,16.6,17,388,2,3
2024,Bentley,Flying Spur,Intermédiaire,4.0,8,AM8,Z,16.1,11.9,14.2,20,333,3,3
2024,Bentley,Flying Spur,Intermédiaire,6.0,12,AM8,Z,19.3,12.4,16.2,17,378,2,3
2024,BMW,228i xDrive Gran Coupe,Compacte,2.0,4,AS8,Z,10.2,7.2,8.8,32,205,5,7
2024,BMW,230i xDrive Coupe,Sous-compacte,2.0,4,AS8,Z,9.6,7.1,8.4,34,195,6,3
2024,BMW,330i xDrive Sedan,Compacte,2.0,4,AS8,Z,9.8,7.0,8.6,33,200,6,7
2024,BMW,430i xDrive Cabriolet,Sous-compacte,2.0,4,AS8,Z,10.0,7.1,8.7,32,203,5,7
2024,BMW,430i xDrive Coupe,Sous-compacte,2.0,4,AS8,Z,10.0,7.1,8.7,32,203,5,7
2024,BMW,530i xDrive Sedan,Intermédiaire,2.0,4,AS8,Z,8.7,6.8,7.9,36,182,6,7
2024,BMW,760i xDrive Sedan,Grande berline,4.4,8,AS8,Z,13.3,9.3,11.5,25,265,4,5
2024,BMW,ALPINA B8 Gran Coupe,Intermédiaire,4.4,8,AS8,Z,14.1,9.9,12.2,23,284,4,3
2024,BMW,ALPINA XB7,Véhicule utilitaire sport : ordinaire,4.4,8,AS8,Z,15.2,11.6,13.6,21,314,4,5
2024,BMW,M2 Coupe,Sous-compacte,3.0,6,AS8,Z,14.6,10.3,12.7,22,294,4,5
2024,BMW,M2 Coupe,Sous-compacte,3.0,6,M6,Z,14.3,10.0,12.4,23,287,4,5
2024,BMW,M240i xDrive Coupe,Sous-compacte,3.0,6,AS8,Z,10.4,7.4,9.0,31,210,5,5
2024,BMW,M3 Sedan,Compacte,3.0,6,M6,Z,14.7,10.1,12.6,22,293,4,5
2024,BMW,M3 Competition M xDrive Sedan,Compacte,3.0,6,AS8,Z,14.6,10.5,12.7,22,296,4,5
2024,BMW,M3 CS Sedan,Compacte,3.0,6,AS8,Z,15.3,10.6,13.2,21,305,4,5
2024,BMW,M340i xDrive Sedan,Compacte,3.0,6,AS8,Z,10.4,7.5,9.1,31,212,5,5
2024,BMW,M4 Competition M xDrive Cabriolet,Sous-compacte,3.0,6,AS8,Z,15.1,10.4,12.9,22,301,4,5
2024,BMW,M4 Competition M xDrive Coupe,Sous-compacte,3.0,6,AS8,Z,14.6,10.5,12.7,22,296,4,5
2024,BMW,M4 Coupe,Sous-compacte,3.0,6,M6,Z,14.7,10.1,12.6,22,293,4,5
2024,BMW,M440i xDrive Cabriolet,Sous-compacte,3.0,6,AS8,Z,10.4,7.5,9.1,31,211,5,5
2024,BMW,M440i xDrive Coupe,Sous-compacte,3.0,6,AS8,Z,10.7,7.5,9.3,30,216,5,5
2024,BMW,M440i xDrive Gran Coupe,Compacte,3.0,6,AS8,Z,10.7,7.8,9.4,30,218,5,5
2024,BMW,M8 Competition Cabriolet,Sous-compacte,4.4,8,AS8,Z,16.0,10.9,13.7,21,321,3,3
2024,BMW,M8 Competition Coupe,Sous-compacte,4.4,8,AS8,Z,16.0,10.9,13.7,21,321,3,3
2024,BMW,M8 Competition Gran Coupe,Intermédiaire,4.4,8,AS8,Z,16.0,10.9,13.7,21,321,3,3
2024,BMW,M850i xDrive Cabriolet,Sous-compacte,4.4,8,AS8,Z,14.1,9.9,12.2,23,284,4,3
2024,BMW,M850i xDrive Coupe,Sous-compacte,4.4,8,AS8,Z,14.1,9.9,12.2,23,284,4,3
2024,BMW,M850i xDrive Gran Coupe,Intermédiaire,4.4,8,AS8,Z,14.1,9.9,12.2,23,284,4,3
2024,BMW,X1 xDrive28i,Véhicule utilitaire sport : petit,2.0,4,AM7,Z,9.6,7.0,8.4,34,195,6,8
2024,BMW,X1 M35i xDrive,Véhicule utilitaire sport : petit,2.0,4,AM7,Z,10.1,7.6,9.0,31,208,5,6
2024,BMW,X2 xDrive28i,Véhicule utilitaire sport : petit,2.0,4,AM7,Z,9.7,7.1,8.5,33,198,6,8
2024,BMW,X2 M35i xDrive,Véhicule utilitaire sport : petit,2.0,4,AM7,Z,10.3,7.3,8.9,32,207,5,6
2024,BMW,X3 xDrive30i,Véhicule utilitaire sport : petit,2.0,4,AS8,Z,11.0,8.4,9.9,29,229,5,7
2024,BMW,X3 M,Véhicule utilitaire sport : petit,3.0,6,AS8,Z,15.7,11.7,13.9,20,323,3,3
2024,BMW,X3 M Competition,Véhicule utilitaire sport : petit,3.0,6,AS8,Z,15.7,11.7,13.9,20,323,3,3
2024,BMW,X3 M40i,Véhicule utilitaire sport : petit,3.0,6,AS8,Z,10.9,9.0,10.1,28,235,5,5
2024,BMW,X4 xDrive30i,Véhicule utilitaire sport : petit,2.0,4,AS8,Z,11.0,8.4,9.9,29,229,5,7
2024,BMW,X4 M,Véhicule utilitaire sport : petit,3.0,6,AS8,Z,15.7,11.7,13.9,20,323,3,3
2024,BMW,X4 M Competition,Véhicule utilitaire sport : petit,3.0,6,AS8,Z,15.7,11.7,13.9,20,323,3,3
2024,BMW,X4 M40i,Véhicule utilitaire sport : petit,3.0,6,AS8,Z,10.9,9.0,10.1,28,235,5,5
2024,BMW,X5 xDrive40i,Véhicule utilitaire sport : ordinaire,3.0,6,AS8,Z,10.1,8.7,9.4,30,218,5,7
2024,BMW,X5 M Competition,Véhicule utilitaire sport : ordinaire,4.4,8,AS8,Z,18.2,12.9,15.8,18,366,2,5
2024,BMW,X5 M60i,Véhicule utilitaire sport : ordinaire,4.4,8,AS8,Z,13.8,10.5,12.3,23,285,4,5
2024,BMW,X6 xDrive40i,Véhicule utilitaire sport : ordinaire,3.0,6,AS8,Z,10.3,8.9,9.6,29,223,5,7
2024,BMW,X6 M Competition,Véhicule utilitaire sport : ordinaire,4.4,8,AS8,Z,18.2,12.9,15.8,18,366,2,5
2024,BMW,X6 M60i,Véhicule utilitaire sport : ordinaire,4.4,8,AS8,Z,13.8,10.5,12.3,23,285,4,5
2024,BMW,X7 xDrive40i,Véhicule utilitaire sport : ordinaire,3.0,6,AS8,Z,11.3,9.5,10.5,27,243,5,7
2024,BMW,X7 M60i,Véhicule utilitaire sport : ordinaire,4.4,8,AS8,Z,14.3,11.1,12.9,22,299,4,5
2024,BMW,Z4 sDrive30i,Deux places,2.0,4,AS8,Z,9.4,7.1,8.4,34,194,6,7
2024,BMW,Z4 M40i,Deux places,3.0,6,AS8,Z,10.4,7.5,9.1,31,210,5,5
2024,Bugatti,Chiron Super Sport,Deux places,8.0,16,AM7,Z,30.3,20.9,26.1,11,608,1,1
2024,Buick,Enclave AWD,Véhicule utilitaire sport : ordinaire,3.6,6,A9,X,13.8,9.6,11.9,24,280,4,6
2024,Buick,Encore GX,Véhicule utilitaire sport : petit,1.3,3,AV,X,8.0,7.6,7.8,36,183,6,7
2024,Buick,Encore GX AWD,Véhicule utilitaire sport : petit,1.3,3,A9,X,9.1,8.4,8.8,32,207,5,7
2024,Buick,Envision AWD,Véhicule utilitaire sport : petit,2.0,4,AS9,X,10.8,8.3,9.7,29,229,5,7
2024,Buick,Envista,Familiale : petite,1.2,3,A6,X,8.4,7.4,7.9,36,185,6,7
2024,Cadillac,CT4,Compacte,2.0,4,AS8,Z,10.6,7.3,9.1,31,214,5,7
2024,Cadillac,CT4,Compacte,2.7,4,AS10,Z,11.0,7.6,9.5,30,221,5,6
2024,Cadillac,CT4 AWD,Compacte,2.0,4,AS8,Z,11.0,7.6,9.5,30,223,5,7
2024,Cadillac,CT4 AWD,Compacte,2.7,4,AS10,Z,11.3,8.1,9.9,29,231,5,6
2024,Cadillac,CT4-V,Compacte,2.7,4,AS10,Z,11.8,8.2,10.2,28,236,5,6
2024,Cadillac,CT4-V,Compacte,3.6,6,AS10,Z,15.0,9.7,12.6,22,297,4,5
2024,Cadillac,CT4-V,Compacte,3.6,6,M6,Z,15.2,10.2,13.0,22,303,4,5
2024,Cadillac,CT4-V AWD,Compacte,2.7,4,AS10,Z,12.0,8.4,10.4,27,244,5,6
2024,Cadillac,CT5,Intermédiaire,2.0,4,AS10,Z,10.3,7.1,8.8,32,207,5,7
2024,Cadillac,CT5,Intermédiaire,3.0,6,AS10,Z,12.4,8.7,10.8,26,252,5,5
2024,Cadillac,CT5 AWD,Intermédiaire,2.0,4,AS10,Z,10.9,7.8,9.5,30,224,5,7
2024,Cadillac,CT5 AWD,Intermédiaire,3.0,6,AS10,Z,13.1,9.1,11.3,25,265,4,5
2024,Cadillac,CT5-V,Intermédiaire,3.0,6,AS10,Z,13.1,8.8,11.2,25,263,4,5
2024,Cadillac,CT5-V,Intermédiaire,6.2,8,AS10,Z,17.9,11.0,14.8,19,347,3,3
2024,Cadillac,CT5-V,Intermédiaire,6.2,8,M6,Z,18.5,11.4,15.3,18,358,2,3
2024,Cadillac,CT5-V AWD,Intermédiaire,3.0,6,AS10,Z,13.1,9.1,11.3,25,265,4,5
2024,Cadillac,Escalade 4WD,Véhicule utilitaire sport : ordinaire,3.0,6,A10,D,11.7,9.0,10.5,27,281,4,3
2024,Cadillac,Escalade 4WD,Véhicule utilitaire sport : ordinaire,6.2,8,A10,Z,16.6,13.0,15.0,19,350,3,6
2024,Cadillac,Escalade-V AWD,Véhicule utilitaire sport : ordinaire,6.2,8,AS10,Z,20.8,14.7,18.1,16,425,1,3
2024,Cadillac,XT4,Véhicule utilitaire sport : petit,2.0,4,AS9,Z,10.0,8.1,9.1,31,214,5,7
2024,Cadillac,XT4 AWD,Véhicule utilitaire sport : petit,2.0,4,AS9,Z,10.4,8.4,9.5,30,224,5,7
2024,Cadillac,XT5,Véhicule utilitaire sport : petit,2.0,4,AS9,Z,10.9,8.2,9.7,29,228,5,7
2024,Cadillac,XT5 AWD,Véhicule utilitaire sport : petit,2.0,4,AS9,Z,11.2,8.7,10.1,28,237,5,7
2024,Cadillac,XT5 AWD,Véhicule utilitaire sport : petit,3.6,6,AS9,X,12.9,9.2,11.2,25,264,4,6
2024,Cadillac,XT6 AWD,Véhicule utilitaire sport : petit,2.0,4,AS9,Z,11.2,9.0,10.2,28,239,5,7
2024,Cadillac,XT6 AWD,Véhicule utilitaire sport : petit,3.6,6,AS9,X,13.1,9.5,11.5,25,269,4,6
2024,Chevrolet,Blazer AWD,Véhicule utilitaire sport : petit,2.0,4,A9,X,10.8,8.7,9.9,29,229,5,7
2024,Chevrolet,Blazer AWD,Véhicule utilitaire sport : petit,3.6,6,A9,X,12.8,9.1,11.2,25,262,4,6
2024,Chevrolet,Camaro,Sous-compacte,3.6,6,AS10,X,12.8,8.2,10.7,26,253,5,6
2024,Chevrolet,Camaro,Sous-compacte,3.6,6,M6,X,14.3,9.0,11.9,24,280,4,6
2024,Chevrolet,Camaro SS,Sous-compacte,6.2,8,AS10,Z,14.6,8.9,12.0,24,281,4,1
2024,Chevrolet,Camaro SS,Sous-compacte,6.2,8,M6,Z,14.9,9.9,12.6,22,297,4,1
2024,Chevrolet,Camaro ZL1,Sous-compacte,6.2,8,AS10,Z,18.3,11.2,15.1,19,355,3,1
2024,Chevrolet,Camaro ZL1,Sous-compacte,6.2,8,M6,Z,17.2,12.0,14.9,19,349,3,1
2024,Chevrolet,Colorado,Camionnette : petite,2.7,4,A8,X,11.8,9.9,10.9,26,256,5,7
2024,Chevrolet,Colorado (Turbo Plus),Camionnette : petite,2.7,4,A8,X,12.3,9.7,11.1,25,261,4,7
2024,Chevrolet,Colorado 4WD,Camionnette : petite,2.7,4,A8,X,12.7,10.8,11.8,24,278,4,7
2024,Chevrolet,Colorado 4WD (Turbo Plus),Camionnette : petite,2.7,4,A8,X,13.0,10.4,11.8,24,277,4,7
2024,Chevrolet,Colorado 4WD Mud Terrain Tire (Turbo Plus),Camionnette : petite,2.7,4,A8,X,14.0,11.9,13.1,22,307,4,7
2024,Chevrolet,Colorado ZR2 4WD (Turbo Plus),Camionnette : petite,2.7,4,A8,X,14.1,13.8,14.0,20,328,3,7
2024,Chevrolet,Colorado ZR2 Bison 4WD (Turbo Plus),Camionnette : petite,2.7,4,A8,X,14.8,15.1,14.9,19,350,3,7
2024,Chevrolet,Corvette,Deux places,6.2,8,AS8,Z,15.0,9.4,12.5,23,295,4,5
2024,Chevrolet,Corvette E-Ray,Deux places,6.2,8,AS8,Z,15.1,9.7,12.7,22,298,4,3
2024,Chevrolet,Corvette Z06,Deux places,5.5,8,AS8,Z,19.4,11.4,15.8,18,371,2,3
2024,Chevrolet,Corvette Z06 Carbon Aero,Deux places,5.5,8,AS8,Z,20.0,12.7,16.7,17,392,2,3
2024,Chevrolet,Equinox,Véhicule utilitaire sport : petit,1.5,4,A6,X,9.2,7.7,8.5,33,193,6,7
2024,Chevrolet,Equinox AWD,Véhicule utilitaire sport : petit,1.5,4,A6,X,9.7,7.9,8.9,32,207,5,7
2024,Chevrolet,Malibu,Intermédiaire,1.5,4,AV,X,8.4,6.7,7.7,37,178,6,7
2024,Chevrolet,Silverado,Camionnette : ordinaire,2.7,4,A8,X,12.9,10.9,12.0,24,281,4,7
2024,Chevrolet,Silverado (With Sport Mode),Camionnette : ordinaire,2.7,4,A8,X,13.4,11.2,12.5,23,292,4,7
2024,Chevrolet,Silverado,Camionnette : ordinaire,3.0,6,A10,D,10.1,8.1,9.2,31,247,5,5
2024,Chevrolet,Silverado,Camionnette : ordinaire,5.3,8,A10,X,14.7,11.4,13.2,21,309,4,7
2024,Chevrolet,Silverado FFV,Camionnette : ordinaire,5.3,8,A10,X,14.3,11.7,13.1,22,308,4,5
2024,Chevrolet,Silverado FFV,Camionnette : ordinaire,5.3,8,A10,E,19.6,15.3,17.7,16,293,4,5
2024,Chevrolet,Silverado 4WD,Camionnette : ordinaire,2.7,4,A8,X,13.2,11.2,12.3,23,289,4,7
2024,Chevrolet,Silverado 4WD (With Sport Mode),Camionnette : ordinaire,2.7,4,A8,X,14.0,12.7,13.4,21,314,4,7
2024,Chevrolet,Silverado 4WD Mud Terrain Tire,Camionnette : ordinaire,2.7,4,A8,X,14.9,13.9,14.4,20,337,3,7
2024,Chevrolet,Silverado 4WD Mud Terrain Tire (With Sport Mode),Camionnette : ordinaire,2.7,4,A8,X,14.6,13.6,14.2,20,332,3,7
2024,Chevrolet,Silverado 4WD,Camionnette : ordinaire,3.0,6,A10,D,11.0,9.7,10.4,27,280,4,5
2024,Chevrolet,Silverado 4WD (With Sport Mode),Camionnette : ordinaire,3.0,6,A10,D,10.4,8.7,9.6,29,259,4,5
2024,Chevrolet,Silverado 4WD Mud Terrain Tire,Camionnette : ordinaire,3.0,6,A10,D,11.3,10.4,10.9,26,293,4,5
2024,Chevrolet,Silverado 4WD,Camionnette : ordinaire,5.3,8,A10,X,15.5,12.6,14.2,20,332,3,7
2024,Chevrolet,Silverado 4WD FFV,Camionnette : ordinaire,5.3,8,A10,X,15.2,12.2,13.9,20,326,3,5
2024,Chevrolet,Silverado 4WD FFV,Camionnette : ordinaire,5.3,8,A10,E,21.3,16.6,19.2,15,318,3,5
2024,Chevrolet,Silverado 4WD Mud Terrain Tire,Camionnette : ordinaire,5.3,8,A10,X,15.8,13.1,14.6,19,342,3,7
2024,Chevrolet,Silverado 4WD Mud Terrain Tire FFV,Camionnette : ordinaire,5.3,8,A10,X,15.2,12.2,13.9,20,326,3,5
2024,Chevrolet,Silverado 4WD Mud Terrain Tire FFV,Camionnette : ordinaire,5.3,8,A10,E,21.3,16.6,19.2,15,318,3,5
2024,Chevrolet,Silverado 4WD,Camionnette : ordinaire,6.2,8,A10,Z,15.6,11.9,13.9,20,327,3,6
2024,Chevrolet,Silverado 4WD Mud Terrain Tire,Camionnette : ordinaire,6.2,8,A10,Z,17.1,14.0,15.7,18,367,2,6
2024,Chevrolet,Silverado 4WD ZR2,Camionnette : ordinaire,3.0,6,A10,D,11.9,10.8,11.4,25,306,4,5
2024,Chevrolet,Silverado 4WD ZR2,Camionnette : ordinaire,6.2,8,A10,Z,16.8,14.1,15.6,18,367,2,6
2024,Chevrolet,Suburban,Véhicule utilitaire sport : ordinaire,3.0,6,A10,D,11.2,8.7,10.1,28,272,4,3
2024,Chevrolet,Suburban,Véhicule utilitaire sport : ordinaire,5.3,8,A10,X,15.8,11.8,14.0,20,327,3,6
2024,Chevrolet,Suburban 4WD,Véhicule utilitaire sport : ordinaire,3.0,6,A10,D,11.7,9.0,10.5,27,281,4,3
2024,Chevrolet,Suburban 4WD,Véhicule utilitaire sport : ordinaire,5.3,8,A10,X,16.2,13.2,14.8,19,346,3,6
2024,Chevrolet,Suburban 4WD,Véhicule utilitaire sport : ordinaire,6.2,8,A10,Z,16.6,13.0,15.0,19,350,3,6
2024,Chevrolet,Tahoe,Véhicule utilitaire sport : ordinaire,3.0,6,A10,D,11.0,8.4,9.8,29,263,4,3
2024,Chevrolet,Tahoe,Véhicule utilitaire sport : ordinaire,5.3,8,A10,X,15.8,11.8,14.0,20,327,3,6
2024,Chevrolet,Tahoe 4WD,Véhicule utilitaire sport : ordinaire,3.0,6,A10,D,11.7,9.0,10.5,27,281,4,3
2024,Chevrolet,Tahoe 4WD,Véhicule utilitaire sport : ordinaire,5.3,8,A10,X,15.8,11.8,14.0,20,327,3,6
2024,Chevrolet,Tahoe 4WD,Véhicule utilitaire sport : ordinaire,6.2,8,A10,Z,16.6,13.0,15.0,19,350,3,6
2024,Chevrolet,Trailblazer,Véhicule utilitaire sport : petit,1.2,3,AV,X,7.8,7.7,7.8,36,183,6,7
2024,Chevrolet,Trailblazer,Véhicule utilitaire sport : petit,1.3,3,AV,X,8.1,7.2,7.7,37,181,6,7
2024,Chevrolet,Trailblazer AWD,Véhicule utilitaire sport : petit,1.3,3,A9,X,9.0,8.1,8.6,33,204,5,7
2024,Chevrolet,Traverse AWD,Véhicule utilitaire sport : ordinaire,2.5,4,A8,X,12.4,9.9,11.3,25,264,4,6
2024,Chevrolet,Traverse Limited AWD,Véhicule utilitaire sport : ordinaire,3.6,6,A9,X,13.8,9.6,11.9,24,280,4,6
2024,Chevrolet,Trax,Familiale : petite,1.2,3,A6,X,8.3,7.4,7.9,36,185,6,7
2024,Chrysler,Grand Caravan,Fourgonnette,3.6,6,A9,X,12.4,8.4,10.6,27,249,5,7
2024,Chrysler,Pacifica,Fourgonnette,3.6,6,A9,X,12.4,8.4,10.6,27,249,5,7
2024,Chrysler,Pacifica AWD,Fourgonnette,3.6,6,A9,X,14.1,9.4,12.0,24,279,4,7
2024,Dodge,Durango AWD,Véhicule utilitaire sport : ordinaire,3.6,6,A8,X,13.0,9.4,11.3,25,266,4,7
2024,Dodge,Durango AWD,Véhicule utilitaire sport : ordinaire,5.7,8,A8,X,16.7,10.9,14.1,20,331,3,5
2024,Dodge,Durango AWD SRT,Véhicule utilitaire sport : ordinaire,6.4,8,A8,Z,18.3,12.2,15.6,18,363,2,1
2024,Dodge,Durango AWD SRT Hellcat,Véhicule utilitaire sport : ordinaire,6.2,8,A8,Z,20.5,13.8,17.4,16,410,1,1
2024,Dodge,Hornet AWD,Véhicule utilitaire sport : petit,2.0,4,A9,X,11.2,8.2,9.9,29,231,5,7
2024,Ferrari,812 Competizione,Deux places,6.5,12,AM7,Z,19.3,15.0,17.4,16,405,2,3
2024,Ferrari,812 Competizione A,Deux places,6.5,12,AM7,Z,19.4,14.7,17.3,16,402,2,3
2024,Ferrari,Daytona SP3,Deux places,6.5,12,AM7,Z,19.9,14.8,17.6,16,410,1,3
2024,Ferrari,Purosangue,Véhicule utilitaire sport : ordinaire,6.5,12,AM8,Z,22.0,15.3,19.0,15,442,1,6
2024,Ferrari,Roma,Sous-compacte,3.9,8,AM8,Z,14.2,10.6,12.6,22,293,4,6
2024,Ferrari,Roma Spider,Minicompacte,3.9,8,AM8,Z,13.9,10.5,12.4,23,290,4,6
2024,Ford,Bronco 4WD,Véhicule utilitaire sport : petit,2.3,4,AS10,X,12.0,11.2,11.6,24,273,4,5
2024,Ford,Bronco 4WD,Véhicule utilitaire sport : petit,2.3,4,M7,X,11.9,11.1,11.6,24,271,4,5
2024,Ford,Bronco 4WD,Véhicule utilitaire sport : petit,2.7,6,AS10,X,12.4,11.3,11.9,24,281,4,6
2024,Ford,Bronco Badlands 4WD,Véhicule utilitaire sport : petit,2.3,4,M7,X,14.7,13.3,14.0,20,329,3,5
2024,Ford,Bronco Badlands 4WD,Véhicule utilitaire sport : petit,2.7,6,AS10,X,13.8,13.8,13.8,20,324,3,6
2024,Ford,Bronco Black Diamond 4WD,Véhicule utilitaire sport : petit,2.3,4,AS10,X,13.1,13.1,13.1,22,308,4,5
2024,Ford,Bronco Black Diamond 4WD,Véhicule utilitaire sport : petit,2.3,4,M7,X,14.7,13.1,14.0,20,328,3,5
2024,Ford,Bronco Black Diamond 4WD,Véhicule utilitaire sport : petit,2.7,6,AS10,X,13.1,13.1,13.1,22,308,4,6
2024,Ford,Bronco Raptor 4WD,Véhicule utilitaire sport : ordinaire,3.0,6,AS10,X,15.7,14.8,15.3,18,358,2,6
2024,Ford,Bronco Sasquatch 4WD,Véhicule utilitaire sport : petit,2.3,4,AS10,X,13.1,13.8,13.4,21,315,4,5
2024,Ford,Bronco Sasquatch 4WD,Véhicule utilitaire sport : petit,2.3,4,M7,X,14.7,13.1,14.0,20,328,3,5
2024,Ford,Bronco Sasquatch 4WD,Véhicule utilitaire sport : petit,2.7,6,AS10,X,14.0,13.7,13.9,20,326,3,6
2024,Ford,Bronco Sport 4WD,Véhicule utilitaire sport : petit,1.5,3,A8,X,9.3,8.1,9.0,31,211,5,7
2024,Ford,Bronco Sport 4WD,Véhicule utilitaire sport : petit,2.0,4,AS8,X,11.2,9.0,10.2,28,240,5,6
2024,Ford,Edge AWD,Véhicule utilitaire sport : petit,2.0,4,A8,X,11.5,8.3,10.0,28,236,5,6
2024,Ford,Edge AWD,Véhicule utilitaire sport : petit,2.0,4,AS8,X,11.5,8.4,10.1,28,238,5,6
2024,Ford,Edge AWD,Véhicule utilitaire sport : petit,2.7,6,AS8,X,12.6,9.2,11.1,25,260,4,5
2024,Ford,Escape,Véhicule utilitaire sport : petit,1.5,3,A8,X,8.9,6.9,8.0,35,187,6,7
2024,Ford,Escape AWD,Véhicule utilitaire sport : petit,1.5,3,A8,X,9.2,7.4,8.4,34,197,6,7
2024,Ford,Escape AWD,Véhicule utilitaire sport : petit,2.0,4,A8,X,10.2,7.6,9.1,31,213,5,7
2024,Ford,Escape Hybrid,Véhicule utilitaire sport : petit,2.5,4,AV,X,5.6,6.5,6.0,47,140,7,8
2024,Ford,Escape Hybrid AWD,Véhicule utilitaire sport : petit,2.5,4,AV,X,5.6,6.5,6.0,47,140,7,8
2024,Ford,Expedition 4X4,Véhicule utilitaire sport : ordinaire,3.5,6,AS10,X,14.8,10.6,12.9,22,304,4,6
2024,Ford,Expedition Timberline 4X4,Véhicule utilitaire sport : ordinaire,3.5,6,AS10,X,14.5,12.3,13.5,21,318,3,6
2024,Ford,Explorer AWD,Véhicule utilitaire sport : ordinaire,2.3,4,A10,X,11.5,8.7,10.3,27,241,5,6
2024,Ford,Explorer Timberline AWD,Véhicule utilitaire sport : ordinaire,2.3,4,AS10,X,12.2,10.5,11.5,25,269,4,6
2024,Ford,Explorer AWD,Véhicule utilitaire sport : ordinaire,3.0,6,A10,X,13.3,9.8,11.7,24,275,4,5
2024,Ford,Explorer AWD,Véhicule utilitaire sport : ordinaire,3.0,6,AS10,X,13.4,9.8,11.8,24,277,4,5
2024,Ford,F-150,Camionnette : ordinaire,2.7,6,AS10,X,12.7,9.6,11.3,25,266,4,7
2024,Ford,F-150,Camionnette : ordinaire,3.5,6,AS10,X,14.2,9.4,12.0,24,282,4,7
2024,Ford,F-150,Camionnette : ordinaire,5.0,8,AS10,X,14.5,10.0,12.5,23,293,4,6
2024,Ford,F-150 4X4,Camionnette : ordinaire,2.7,6,AS10,X,13.2,10.2,11.8,24,278,4,7
2024,Ford,F-150 4X4,Camionnette : ordinaire,3.5,6,AS10,X,14.5,9.7,12.3,23,289,4,7
2024,Ford,F-150 4X4,Camionnette : ordinaire,5.0,8,AS10,X,14.9,10.2,12.8,22,300,4,6
2024,Ford,F-150 Raptor 4X4,Camionnette : ordinaire,3.5,6,AS10,X,16.6,13.1,15.0,19,353,3,7
2024,Ford,F-150 Raptor R 4X4,Camionnette : ordinaire,5.2,8,AS10,X,22.8,15.9,19.7,14,460,1,5
2024,Ford,F-150 Tremor 4X4,Camionnette : ordinaire,3.5,6,AS10,X,14.3,11.2,12.9,22,303,4,7
2024,Ford,F-150 Tremor 4X4,Camionnette : ordinaire,5.0,8,AS10,X,15.2,11.9,13.7,21,322,3,6
2024,Ford,F-150 Hybrid 4X4,Camionnette : ordinaire,3.5,6,AS10,X,11.4,10.1,10.8,26,253,5,7
2024,Ford,Maverick AWD,Camionnette : petite,2.0,4,A8,X,10.8,8.1,9.6,29,225,5,6
2024,Ford,Maverick Tremor AWD,Camionnette : petite,2.0,4,A8,X,11.9,9.9,11.0,26,257,4,6
2024,Ford,Maverick Hybrid,Camionnette : petite,2.5,4,AV,X,5.6,7.1,6.3,45,147,7,7
2024,Ford,Mustang,Sous-compacte,2.3,4,A10,X,10.8,7.1,9.2,31,214,5,7
2024,Ford,Mustang (Performance Pack),Sous-compacte,2.3,4,AS10,X,11.1,8.2,9.8,29,228,5,7
2024,Ford,Mustang,Sous-compacte,5.0,8,AS10,X,15.8,9.8,13.1,22,307,4,5
2024,Ford,Mustang (Stop-Start),Sous-compacte,5.0,8,AS10,X,15.0,9.8,12.6,22,296,4,5
2024,Ford,Mustang,Sous-compacte,5.0,8,M6,X,16.6,10.2,13.8,20,321,3,5
2024,Ford,Mustang (Stop-Start),Sous-compacte,5.0,8,M6,X,15.5,10.0,13.0,22,306,4,5
2024,Ford,Mustang Dark Horse,Sous-compacte,5.0,8,AS10,X,16.5,10.9,13.9,20,326,3,5
2024,Ford,Mustang Dark Horse,Sous-compacte,5.0,8,M6,X,17.1,10.7,14.2,20,333,3,5
2024,Ford,Ranger 4WD,Camionnette : ordinaire,2.3,4,AS10,X,11.9,9.8,11.0,26,257,5,6
2024,Ford,Ranger 4WD,Camionnette : ordinaire,2.7,6,AS10,X,12.6,10.2,11.5,25,270,4,6
2024,Ford,Ranger Raptor 4WD,Camionnette : ordinaire,3.0,6,AS10,X,14.9,12.8,14.0,20,326,3,6
2024,Genesis,G70 AWD,Compacte,2.5,4,AS8,Z,11.7,8.4,10.2,28,239,5,6
2024,Genesis,G70 AWD,Compacte,3.3,6,AS8,Z,14.0,9.4,11.9,24,282,4,3
2024,Genesis,G80 AWD,Grande berline,2.5,4,AS8,Z,10.8,7.9,9.5,30,225,5,5
2024,Genesis,G80 AWD,Grande berline,3.5,6,AS8,Z,14.8,9.9,12.6,22,298,4,5
2024,Genesis,G90,Grande berline,3.5,6,AS8,Z,13.6,9.6,11.8,24,274,4,5
2024,Genesis,GV70 AWD,Véhicule utilitaire sport : petit,2.5,4,AS8,Z,11.7,9.0,10.5,27,247,5,5
2024,Genesis,GV70 AWD,Véhicule utilitaire sport : petit,3.5,6,AS8,Z,12.9,10.0,11.6,24,275,4,5
2024,Genesis,GV80 AWD,Véhicule utilitaire sport : ordinaire,2.5,4,AS8,Z,11.3,9.5,10.5,27,248,5,5
2024,Genesis,GV80 AWD,Véhicule utilitaire sport : ordinaire,3.5,6,AS8,Z,12.9,10.4,11.8,24,279,4,5
2024,GMC,Acadia AWD,Véhicule utilitaire sport : ordinaire,2.5,4,A8,X,12.4,9.9,11.3,25,264,4,6
2024,GMC,Canyon,Camionnette : petite,2.7,4,A8,X,12.4,10.3,11.5,25,270,4,7
2024,GMC,Canyon 4WD,Camionnette : petite,2.7,4,A8,X,13.2,10.9,12.2,23,286,4,7
2024,GMC,Canyon 4WD Mud Terrain Tire,Camionnette : petite,2.7,4,A8,X,14.0,11.9,13.1,22,307,4,7
2024,GMC,Canyon AT4X 4WD,Camionnette : petite,2.7,4,A8,X,14.1,13.8,14.0,20,328,3,7
2024,GMC,Canyon AT4X AEV 4WD,Camionnette : petite,2.7,4,A8,X,14.8,15.1,14.9,19,350,3,7
2024,GMC,Sierra,Camionnette : ordinaire,2.7,4,A8,X,12.9,10.9,12.0,24,281,4,7
2024,GMC,Sierra (With Sport Mode),Camionnette : ordinaire,2.7,4,A8,X,13.4,11.2,12.5,23,292,4,7
2024,GMC,Sierra,Camionnette : ordinaire,3.0,6,A10,D,10.1,8.2,9.2,31,248,5,5
2024,GMC,Sierra,Camionnette : ordinaire,5.3,8,A10,X,14.8,11.7,13.4,21,314,4,7
2024,GMC,Sierra FFV,Camionnette : ordinaire,5.3,8,A10,X,14.3,11.7,13.1,22,308,4,5
2024,GMC,Sierra FFV,Camionnette : ordinaire,5.3,8,A10,E,19.6,15.3,17.7,16,293,4,5
2024,GMC,Sierra 4WD,Camionnette : ordinaire,2.7,4,A8,X,13.8,11.8,12.9,22,302,4,7
2024,GMC,Sierra 4WD (With Sport Mode),Camionnette : ordinaire,2.7,4,A8,X,14.2,12.9,13.6,21,319,3,7
2024,GMC,Sierra 4WD Mud Terrain Tire,Camionnette : ordinaire,2.7,4,A8,X,14.9,13.9,14.4,20,337,3,7
2024,GMC,Sierra 4WD,Camionnette : ordinaire,3.0,6,A10,D,10.4,8.7,9.6,29,259,4,5
2024,GMC,Sierra 4WD Mud Terrain Tire,Camionnette : ordinaire,3.0,6,A10,D,11.3,10.4,10.9,26,293,4,5
2024,GMC,Sierra 4WD,Camionnette : ordinaire,5.3,8,A10,X,15.6,12.3,14.1,20,331,3,7
2024,GMC,Sierra 4WD FFV,Camionnette : ordinaire,5.3,8,A10,X,15.2,12.2,13.9,20,326,3,5
2024,GMC,Sierra 4WD FFV,Camionnette : ordinaire,5.3,8,A10,E,21.3,16.6,19.2,15,318,3,5
2024,GMC,Sierra 4WD Mud Terrain Tire,Camionnette : ordinaire,5.3,8,A10,X,16.0,13.3,14.8,19,346,3,7
2024,GMC,Sierra 4WD Mud Terrain Tire FFV,Camionnette : ordinaire,5.3,8,A10,X,15.2,12.2,13.9,20,326,3,5
2024,GMC,Sierra 4WD Mud Terrain Tire FFV,Camionnette : ordinaire,5.3,8,A10,E,21.3,16.6,19.2,15,318,3,5
2024,GMC,Sierra 4WD,Camionnette : ordinaire,6.2,8,A10,Z,16.0,12.1,14.3,20,335,3,6
2024,GMC,Sierra 4WD Mud Terrain Tire,Camionnette : ordinaire,6.2,8,A10,Z,17.1,14.0,15.7,18,367,2,6
2024,GMC,Sierra 4WD AT4X,Camionnette : ordinaire,3.0,6,A10,D,12.2,12.0,12.1,23,326,3,5
2024,GMC,Sierra 4WD AT4X,Camionnette : ordinaire,6.2,8,A10,Z,16.8,14.7,15.9,18,375,2,6
2024,GMC,Terrain,Véhicule utilitaire sport : petit,1.5,4,A9,X,9.8,8.1,9.0,31,212,5,7
2024,GMC,Terrain AWD,Véhicule utilitaire sport : petit,1.5,4,A9,X,10.1,8.4,9.3,30,219,5,7
2024,GMC,Yukon,Véhicule utilitaire sport : ordinaire,3.0,6,A10,D,11.2,8.7,10.1,28,272,4,3
2024,GMC,Yukon,Véhicule utilitaire sport : ordinaire,5.3,8,A10,X,15.8,11.8,14.0,20,327,3,6
2024,GMC,Yukon 4WD,Véhicule utilitaire sport : ordinaire,3.0,6,A10,D,11.7,9.0,10.5,27,281,4,3
2024,GMC,Yukon 4WD,Véhicule utilitaire sport : ordinaire,5.3,8,A10,X,15.8,11.8,14.0,20,327,3,6
2024,GMC,Yukon 4WD,Véhicule utilitaire sport : ordinaire,6.2,8,A10,Z,16.6,13.0,15.0,19,350,3,6
2024,GMC,Yukon XL,Véhicule utilitaire sport : ordinaire,3.0,6,A10,D,11.2,8.7,10.1,28,272,4,3
2024,GMC,Yukon XL,Véhicule utilitaire sport : ordinaire,5.3,8,A10,X,15.8,11.8,14.0,20,327,3,6
2024,GMC,Yukon XL 4WD,Véhicule utilitaire sport : ordinaire,3.0,6,A10,D,11.7,9.0,10.5,27,281,4,3
2024,GMC,Yukon XL 4WD,Véhicule utilitaire sport : ordinaire,5.3,8,A10,X,16.2,13.2,14.8,19,346,3,6
2024,GMC,Yukon XL 4WD,Véhicule utilitaire sport : ordinaire,6.2,8,A10,Z,16.6,13.0,15.0,19,350,3,6
2024,Honda,Accord,Grande berline,1.5,4,AV,X,8.1,6.4,7.3,39,171,6,7
2024,Honda,Accord Hybrid Sport/Touring,Intermédiaire,2.0,4,AV,X,5.0,5.7,5.3,53,124,8,7
2024,Honda,Civic Hatchback,Grande berline,1.5,4,AV7,X,7.7,6.3,7.1,40,166,6,7
2024,Honda,Civic Hatchback,Grande berline,1.5,4,M6,X,8.5,6.3,7.5,38,175,6,6
2024,Honda,Civic Hatchback,Grande berline,2.0,4,AV,X,8.0,6.2,7.2,39,167,6,7
2024,Honda,Civic Hatchback,Grande berline,2.0,4,M6,X,9.1,6.6,8.0,35,186,6,6
2024,Honda,Civic Sedan,Intermédiaire,1.5,4,AV7,X,7.6,6.1,6.9,41,162,7,7
2024,Honda,Civic Sedan,Intermédiaire,2.0,4,AV,X,7.7,6.0,6.9,41,162,7,7
2024,Honda,Civic Sedan,Intermédiaire,2.0,4,AV7,X,7.8,6.3,7.1,40,165,6,7
2024,Honda,Civic Sedan Si,Intermédiaire,1.5,4,M6,Z,8.7,6.4,7.7,37,180,6,6
2024,Honda,Civic Type R,Grande berline,2.0,4,M6,Z,10.8,8.3,9.7,29,224,5,6
2024,Honda,CR-V,Véhicule utilitaire sport : petit,1.5,4,AV,X,8.4,7.1,7.8,36,181,6,7
2024,Honda,CR-V AWD,Véhicule utilitaire sport : petit,1.5,4,AV,X,9.1,7.6,8.4,34,197,6,6
2024,Honda,CR-V Hybrid AWD,Véhicule utilitaire sport : petit,2.0,4,AV,X,6.0,6.9,6.4,44,151,7,7
2024,Honda,HR-V,Familiale : petite,2.0,4,AV,X,9.1,7.4,8.3,34,194,6,7
2024,Honda,HR-V AWD,Familiale : petite,2.0,4,AV,X,9.4,7.8,8.7,32,203,5,7
2024,Honda,Odyssey,Fourgonnette,3.5,6,AS10,X,12.2,8.5,10.6,27,248,5,5
2024,Honda,Passport AWD,Véhicule utilitaire sport : petit,3.5,6,AS9,X,12.5,9.8,11.3,25,265,4,5
2024,Honda,Pilot AWD,Véhicule utilitaire sport : ordinaire,3.5,6,AS10,X,12.4,9.3,11.0,26,258,4,7
2024,Honda,Pilot AWD Touring/Elite/Black,Véhicule utilitaire sport : ordinaire,3.5,6,AS10,X,12.7,9.4,11.2,25,262,4,7
2024,Honda,Pilot AWD TrailSport,Véhicule utilitaire sport : ordinaire,3.5,6,AS10,X,13.0,10.3,11.8,24,275,4,7
2024,Honda,Ridgeline AWD,Camionnette : ordinaire,3.5,6,AS9,X,12.8,9.9,11.5,25,271,4,5
2024,Honda,Ridgeline AWD TrailSport,Camionnette : ordinaire,3.5,6,AS9,X,12.8,10.2,11.6,24,273,4,5
2024,Hyundai,Elantra,Intermédiaire,1.6,4,AM7,X,8.3,6.8,7.6,37,179,6,5
2024,Hyundai,Elantra,Intermédiaire,2.0,4,AV1,X,7.6,5.9,6.8,42,160,7,7
2024,Hyundai,Elantra (Stop/Start),Intermédiaire,2.0,4,AV1,X,7.3,5.7,6.5,43,153,7,7
2024,Hyundai,Elantra N,Intermédiaire,2.0,4,AM8,Z,11.8,8.6,10.4,27,244,5,3
2024,Hyundai,Elantra N,Intermédiaire,2.0,4,M6,Z,11.0,8.1,9.7,29,227,5,3
2024,Hyundai,Elantra Hybrid,Intermédiaire,1.6,4,AM6,X,4.8,4.5,4.7,60,110,8,7
2024,Hyundai,Kona,Véhicule utilitaire sport : petit,2.0,4,AV1,X,8.4,6.7,7.6,37,179,6,7
2024,Hyundai,Kona (Stop/Start),Véhicule utilitaire sport : petit,2.0,4,AV1,X,8.1,6.8,7.5,38,177,6,7
2024,Hyundai,Kona AWD,Véhicule utilitaire sport : petit,1.6,4,AS8,X,9.7,8.3,9.1,31,214,5,7
2024,Hyundai,Kona AWD,Véhicule utilitaire sport : petit,2.0,4,AV1,X,9.0,8.1,8.6,33,201,6,7
2024,Hyundai,Kona AWD (Stop/Start),Véhicule utilitaire sport : petit,2.0,4,AV1,X,8.8,8.1,8.5,33,198,6,7
2024,Hyundai,Palisade AWD,Véhicule utilitaire sport : petit,3.8,6,AS8,X,12.2,9.7,11.1,25,261,4,6
2024,Hyundai,Santa Cruz AWD,Camionnette : petite,2.5,4,AM8,X,12.2,8.7,10.6,27,251,5,5
2024,Hyundai,Santa Fe AWD,Véhicule utilitaire sport : petit,2.5,4,AM8,X,12.1,8.8,10.6,27,249,5,7
2024,Hyundai,Santa Fe AWD XRT,Véhicule utilitaire sport : petit,2.5,4,AM8,X,12.2,9.1,10.8,26,254,5,7
2024,Hyundai,Santa Fe Hybrid AWD,Véhicule utilitaire sport : petit,1.6,4,AM6,X,6.8,6.9,6.9,41,161,7,7
2024,Hyundai,Sonata,Grande berline,2.5,4,AM8,X,10.1,7.3,8.8,32,207,5,5
2024,Hyundai,Sonata,Grande berline,2.5,4,AS8,X,9.6,6.5,8.2,34,193,6,7
2024,Hyundai,Sonata AWD,Grande berline,2.5,4,AS8,X,9.9,7.0,8.6,33,203,5,7
2024,Hyundai,Sonata Hybrid,Grande berline,2.0,4,AM6,X,5.3,4.6,5.0,56,117,8,7
2024,Hyundai,Tucson AWD,Véhicule utilitaire sport : petit,2.5,4,AS8,X,10.0,7.9,9.1,31,213,5,7
2024,Hyundai,Tucson Hybrid,Véhicule utilitaire sport : petit,1.6,4,AM6,X,6.3,6.6,6.4,44,152,7,7
2024,Hyundai,Venue,Véhicule utilitaire sport : petit,1.6,4,AV1,X,7.9,6.9,7.5,38,177,6,5
2024,Infiniti,Q50 AWD,Intermédiaire,3.0,6,AS7,Z,12.5,8.7,10.8,26,254,5,3
2024,Infiniti,Q50 AWD Red Sport,Intermédiaire,3.0,6,AS7,Z,12.5,9.3,11.1,25,261,4,3
2024,Infiniti,QX50 AWD,Véhicule utilitaire sport : petit,2.0,4,AV8,Z,10.8,8.3,9.7,29,228,5,6
2024,Infiniti,QX55 AWD,Véhicule utilitaire sport : petit,2.0,4,AV8,Z,10.4,8.3,9.4,30,222,5,6
2024,Infiniti,QX60 AWD,Véhicule utilitaire sport : ordinaire,3.5,6,AS9,Z,11.9,9.3,10.7,26,252,5,5
2024,Infiniti,QX80 4WD,Véhicule utilitaire sport : ordinaire,5.6,8,AS7,Z,17.5,12.4,15.2,19,358,2,5
2024,Jaguar,E-PACE P250,Véhicule utilitaire sport : petit,2.0,4,AS9,Z,11.5,9.2,10.4,27,247,5,7
2024,Jaguar,F-PACE P250,Véhicule utilitaire sport : petit,2.0,4,AS8,Z,10.8,8.8,9.9,29,234,5,7
2024,Jaguar,F-PACE P400,Véhicule utilitaire sport : petit,3.0,6,AS8,Z,12.6,9.4,11.1,25,261,4,7
2024,Jaguar,F-PACE P550 SVR,Véhicule utilitaire sport : petit,5.0,8,AS8,Z,15.7,11.4,13.8,20,322,3,3
2024,Jaguar,F-TYPE P450 Convertible,Deux places,5.0,8,AS8,Z,14.1,9.7,12.1,23,286,4,3
2024,Jaguar,F-TYPE P450 Convertible AWD,Deux places,5.0,8,AS8,Z,15.2,9.8,12.7,22,299,4,3
2024,Jaguar,F-TYPE P450 Coupe,Deux places,5.0,8,AS8,Z,14.1,9.7,12.1,23,286,4,3
2024,Jaguar,F-TYPE P450 Coupe AWD,Deux places,5.0,8,AS8,Z,15.2,9.8,12.7,22,299,4,3
2024,Jaguar,F-TYPE P575 Convertible AWD,Deux places,5.0,8,AS8,Z,15.2,9.8,12.7,22,299,4,3
2024,Jaguar,F-TYPE P575 Coupe AWD,Deux places,5.0,8,AS8,Z,15.2,9.8,12.7,22,299,4,3
2024,Jaguar,XF P250,Intermédiaire,2.0,4,AS8,Z,10.2,7.7,9.1,31,215,5,7
2024,Jaguar,XF P300 AWD,Intermédiaire,2.0,4,AS8,Z,11.1,8.3,9.8,29,231,5,7
2024,Jeep,Compass 4X4,Véhicule utilitaire sport : petit,2.0,4,A8,X,9.9,7.4,8.8,32,205,5,7
2024,Jeep,Gladiator 4X4,Camionnette : ordinaire,3.6,6,A8,X,13.7,10.7,12.3,23,290,4,7
2024,Jeep,Gladiator 4X4,Camionnette : ordinaire,3.6,6,M6,X,15.0,11.1,13.2,21,311,4,7
2024,Jeep,Grand Cherokee 4X4,Véhicule utilitaire sport : ordinaire,3.6,6,A8,X,12.3,9.2,10.9,26,256,5,7
2024,Jeep,Grand Cherokee L 4X4,Véhicule utilitaire sport : ordinaire,3.6,6,A8,X,13.0,9.4,11.3,25,266,4,7
2024,Jeep,Grand Cherokee L 4X4,Véhicule utilitaire sport : ordinaire,5.7,8,A8,X,16.7,10.9,14.1,20,331,3,5
2024,Jeep,Grand Wagoneer 4X4 (High Output),Véhicule utilitaire sport : ordinaire,3.0,6,A8,Z,16.3,11.8,14.3,20,334,3,5
2024,Jeep,Grand Wagoneer 4X4,Véhicule utilitaire sport : ordinaire,6.4,8,A8,Z,18.6,12.8,16.0,18,374,2,1
2024,Jeep,Grand Wagoneer L 4X4 (High Output),Véhicule utilitaire sport : ordinaire,3.0,6,A8,Z,16.3,11.8,14.3,20,334,3,5
2024,Jeep,Wagoneer 4X4,Véhicule utilitaire sport : ordinaire,3.0,6,A8,X,14.5,10.1,12.5,23,293,4,7
2024,Jeep,Wagoneer L 4X4,Véhicule utilitaire sport : ordinaire,3.0,6,A8,X,14.5,10.4,12.7,22,297,4,7
2024,Jeep,Wrangler JL 4X4,Véhicule utilitaire sport : petit,2.0,4,A8,X,11.5,11.4,11.5,25,269,4,7
2024,Jeep,Wrangler JL 4X4,Véhicule utilitaire sport : petit,3.6,6,A8,X,13.0,9.9,11.6,24,272,4,7
2024,Jeep,Wrangler JL 4X4 Rubicon,Véhicule utilitaire sport : petit,3.6,6,A8,X,14.5,11.8,13.3,21,311,4,7
2024,Jeep,Wrangler JL 4X4,Véhicule utilitaire sport : petit,3.6,6,M6,X,13.9,10.2,12.2,23,287,4,7
2024,Jeep,Wrangler JL Unlimited 4X4,Véhicule utilitaire sport : petit,2.0,4,A8,X,11.8,11.6,11.7,24,271,4,7
2024,Jeep,Wrangler JL Unlimited 4X4,Véhicule utilitaire sport : petit,3.6,6,A8,X,13.4,10.1,11.9,24,280,4,7
2024,Jeep,Wrangler JL Unlimited 4X4 Rubicon,Véhicule utilitaire sport : petit,3.6,6,A8,X,15.0,12.2,13.7,21,322,3,7
2024,Jeep,Wrangler JL Unlimited 4X4,Véhicule utilitaire sport : petit,3.6,6,M6,X,14.3,10.5,12.6,22,296,4,7
2024,Jeep,Wrangler JL Unlimited 4X4 392,Véhicule utilitaire sport : petit,6.4,8,A8,Z,18.7,14.5,16.8,17,393,2,1
2024,Kia,Carnival,Fourgonnette,3.5,6,AS8,X,12.1,9.0,10.7,26,253,5,5
2024,Kia,Forte,Intermédiaire,1.6,4,AM7,X,8.7,6.6,7.8,36,184,6,5
2024,Kia,Forte,Intermédiaire,2.0,4,AV,X,8.2,6.0,7.2,39,170,6,7
2024,Kia,Forte 5,Grande berline,1.6,4,AM7,X,8.9,6.9,8.0,35,190,6,5
2024,Kia,Forte 5,Grande berline,2.0,4,AV,X,8.6,6.5,7.7,37,182,6,7
2024,Kia,K5,Grande berline,2.5,4,AM8,X,9.9,7.3,8.7,32,207,5,5
2024,Kia,K5 AWD,Grande berline,1.6,4,AS8,X,9.3,7.0,8.3,34,196,6,5
2024,Kia,Niro,Véhicule utilitaire sport : petit,1.6,4,AM6,X,4.5,5.2,4.8,59,112,8,7
2024,Kia,Niro FE,Véhicule utilitaire sport : petit,1.6,4,AM6,X,4.5,4.4,4.4,64,104,8,7
2024,Kia,Seltos,Véhicule utilitaire sport : petit,2.0,4,AV8,X,8.3,6.8,7.6,37,179,6,7
2024,Kia,Seltos AWD,Véhicule utilitaire sport : petit,1.6,4,AS8,X,9.4,8.7,9.1,31,213,5,5
2024,Kia,Seltos AWD,Véhicule utilitaire sport : petit,2.0,4,AV8,X,8.8,7.5,8.2,34,192,6,7
2024,Kia,Sorento AWD,Véhicule utilitaire sport : petit,2.5,4,AM8,X,11.5,8.7,10.3,27,241,5,7
2024,Kia,Sorento AWD,Véhicule utilitaire sport : petit,2.5,4,AS8,X,10.2,8.5,9.4,30,222,5,7
2024,Kia,Sorento Hybrid AWD,Véhicule utilitaire sport : petit,1.6,4,AM6,X,6.5,7.1,6.8,42,160,7,7
2024,Kia,Soul,Familiale : petite,2.0,4,AV,X,8.5,7.0,7.8,36,186,6,7
2024,Kia,Sportage,Véhicule utilitaire sport : petit,2.5,4,AS8,X,9.3,7.1,8.3,34,195,6,7
2024,Kia,Sportage AWD,Véhicule utilitaire sport : petit,2.5,4,AS8,X,10.1,8.7,9.5,30,222,5,7
2024,Kia,Sportage Hybrid AWD,Véhicule utilitaire sport : petit,1.6,4,AM6,X,6.1,6.3,6.2,46,145,7,7
2024,Kia,Telluride AWD,Véhicule utilitaire sport : petit,3.8,6,AS8,X,13.1,10.0,11.7,24,275,4,6
2024,Lamborghini,Huracan EVO Spyder,Deux places,5.2,10,AM7,Z,18.4,13.3,16.1,18,375,2,1
2024,Lamborghini,Huracan Sterrato,Deux places,5.2,10,AM7,Z,18.4,13.3,16.1,18,375,2,1
2024,Lamborghini,Huracan STO,Deux places,5.2,10,AM7,Z,18.3,12.9,15.9,18,370,2,1
2024,Lamborghini,Huracan Tecnica,Deux places,5.2,10,AM7,Z,18.3,12.9,15.9,18,370,2,1
2024,Lamborghini,Urus Performante,Intermédiaire,4.0,8,AS8,Z,16.6,12.5,14.8,19,345,3,3
2024,Lamborghini,Urus S,Véhicule utilitaire sport : ordinaire,4.0,8,AS8,Z,16.6,12.5,14.8,19,345,3,3
2024,Land Rover,Defender 90 P300,Véhicule utilitaire sport : ordinaire,2.0,4,AS8,Z,13.1,11.4,12.3,23,289,4,7
2024,Land Rover,Defender 90 P400,Véhicule utilitaire sport : ordinaire,3.0,6,AS8,Z,12.9,10.8,12.0,24,281,4,7
2024,Land Rover,Defender 90 V8,Véhicule utilitaire sport : ordinaire,5.0,8,AS8,Z,15.8,12.4,14.3,20,339,3,3
2024,Land Rover,Defender 110 P300,Véhicule utilitaire sport : ordinaire,2.0,4,AS8,Z,13.2,11.9,12.6,22,294,4,7
2024,Land Rover,Defender 110 P400,Véhicule utilitaire sport : ordinaire,3.0,6,AS8,Z,13.8,11.6,12.8,22,301,4,7
2024,Land Rover,Defender 110 V8 P500/P525,Véhicule utilitaire sport : ordinaire,5.0,8,AS8,Z,16.4,12.7,14.7,19,350,3,3
2024,Land Rover,Defender 130 Outbound,Véhicule utilitaire sport : ordinaire,3.0,6,AS8,Z,14.9,12.8,14.0,20,329,3,7
2024,Land Rover,Defender 130 P300,Véhicule utilitaire sport : ordinaire,3.0,6,AS8,Z,14.0,11.7,12.9,22,304,4,7
2024,Land Rover,Defender 130 P400,Véhicule utilitaire sport : ordinaire,3.0,6,AS8,Z,14.1,11.6,13.0,22,305,4,7
2024,Land Rover,Defender 130 V8 P500,Véhicule utilitaire sport : ordinaire,5.0,8,AS8,Z,17.0,12.5,15.0,19,353,3,3
2024,Land Rover,Discovery P300,Véhicule utilitaire sport : ordinaire,2.0,4,AS8,Z,12.2,9.8,11.1,25,262,4,7
2024,Land Rover,Discovery P360,Véhicule utilitaire sport : ordinaire,3.0,6,AS8,Z,13.6,10.3,12.1,23,284,4,7
2024,Land Rover,Discovery Sport P250,Véhicule utilitaire sport : petit,2.0,4,AS9,Z,12.7,10.0,11.5,25,271,4,7
2024,Land Rover,Range Rover P400,Véhicule utilitaire sport : ordinaire,3.0,6,AS8,Z,13.3,9.8,11.7,24,276,4,7
2024,Land Rover,Range Rover P400 LWB,Véhicule utilitaire sport : ordinaire,3.0,6,AS8,Z,13.3,9.8,11.7,24,276,4,7
2024,Land Rover,Range Rover P530,Véhicule utilitaire sport : ordinaire,4.4,8,AS8,Z,14.5,10.2,12.6,22,296,4,7
2024,Land Rover,Range Rover P530 LWB,Véhicule utilitaire sport : ordinaire,4.4,8,AS8,Z,15.2,10.8,13.2,21,311,4,7
2024,Land Rover,Range Rover SV P615,Véhicule utilitaire sport : ordinaire,4.4,8,AS8,Z,15.2,10.8,13.2,21,311,4,7
2024,Land Rover,Range Rover SV P615 LWB,Véhicule utilitaire sport : ordinaire,4.4,8,AS8,Z,15.2,10.8,13.2,21,311,4,7
2024,Land Rover,Range Rover Sport P360,Véhicule utilitaire sport : ordinaire,3.0,6,AS8,Z,12.9,9.6,11.5,25,269,4,7
2024,Land Rover,Range Rover Sport P400,Véhicule utilitaire sport : ordinaire,3.0,6,AS8,Z,12.5,9.4,11.1,25,262,4,7
2024,Land Rover,Range Rover Sport SV,Véhicule utilitaire sport : ordinaire,4.4,8,AS8,Z,15.0,10.8,13.1,22,309,4,7
2024,Land Rover,Range Rover Evoque P250,Véhicule utilitaire sport : petit,2.0,4,AS9,Z,11.9,8.8,10.5,27,247,5,7
2024,Land Rover,Range Rover Velar P250,Véhicule utilitaire sport : petit,2.0,4,AS8,Z,10.9,8.9,10.0,28,237,5,7
2024,Land Rover,Range Rover Velar P340,Véhicule utilitaire sport : petit,3.0,6,AS8,Z,12.1,9.0,10.7,26,253,5,7
2024,Land Rover,Range Rover Velar P400,Véhicule utilitaire sport : petit,3.0,6,AS8,Z,12.6,9.4,11.1,25,261,4,7
2024,Lexus,ES 250 AWD,Intermédiaire,2.5,4,AS8,X,9.5,7.0,8.4,34,195,6,6
2024,Lexus,ES 300h,Intermédiaire,2.5,4,AV6,X,5.5,5.2,5.3,53,124,8,7
2024,Lexus,ES 350,Intermédiaire,3.5,6,AS8,X,10.7,7.3,9.2,31,214,5,5
2024,Lexus,ES 350 F SPORT,Intermédiaire,3.5,6,AS8,X,10.9,7.5,9.4,30,219,5,5
2024,Lexus,GX 550,Véhicule utilitaire sport : ordinaire,3.4,6,AS10,Z,15.3,11.2,13.5,21,313,4,5
2024,Lexus,IS 300 AWD,Compacte,3.5,6,AS6,Z,12.2,9.0,10.8,26,253,5,5
2024,Lexus,IS 350 AWD,Compacte,3.5,6,AS6,Z,12.2,9.0,10.8,26,253,5,5
2024,Lexus,IS 500,Compacte,5.0,8,AS8,Z,14.1,9.3,11.9,24,280,4,5
2024,Lexus,LC 500,Sous-compacte,5.0,8,AS10,Z,15.2,9.7,12.7,22,299,4,5
2024,Lexus,LC 500 Convertible,Minicompacte,5.0,8,AS10,Z,16.0,9.5,13.0,22,304,4,5
2024,Lexus,LC 500h,Sous-compacte,3.5,6,AV10,Z,9.0,7.1,8.1,35,189,6,7
2024,Lexus,LS 500 AWD,Intermédiaire,3.4,6,AS10,Z,13.8,8.7,11.2,25,270,4,5
2024,Lexus,LS 500h AWD,Intermédiaire,3.5,6,AV10,Z,10.1,8.1,9.2,31,217,5,7
2024,Lexus,LX 600,Véhicule utilitaire sport : ordinaire,3.4,6,AS10,Z,14.2,10.8,12.7,22,298,4,5
2024,Lexus,NX 250 AWD,Véhicule utilitaire sport : petit,2.5,4,AS8,X,9.4,7.4,8.4,34,198,6,6
2024,Lexus,NX 350 AWD,Véhicule utilitaire sport : petit,2.4,4,AS8,Z,10.8,8.5,9.8,29,228,5,7
2024,Lexus,NX 350 AWD F SPORT,Véhicule utilitaire sport : petit,2.4,4,AS8,Z,11.2,8.3,9.7,29,230,5,7
2024,Lexus,NX 350h AWD,Véhicule utilitaire sport : petit,2.5,4,AV6,Z,5.7,6.4,6.0,47,140,7,7
2024,Lexus,RC 300 AWD,Sous-compacte,3.5,6,AS6,Z,12.2,9.0,10.8,26,253,5,5
2024,Lexus,RC 350 AWD,Sous-compacte,3.5,6,AS6,Z,12.2,9.0,10.8,26,253,5,5
2024,Lexus,RC F,Sous-compacte,5.0,8,AS8,Z,14.4,9.6,12.2,23,285,4,5
2024,Lexus,RX 350 AWD,Véhicule utilitaire sport : petit,2.4,4,AS8,Z,11.2,8.4,9.9,29,231,5,7
2024,Lexus,RX 350h AWD,Véhicule utilitaire sport : petit,2.5,4,AV6,Z,6.3,6.8,6.5,43,151,7,7
2024,Lexus,RX 500h AWD,Véhicule utilitaire sport : petit,2.4,4,AS6,Z,8.7,8.4,8.6,33,199,6,7
2024,Lexus,TX 350 AWD,Véhicule utilitaire sport : ordinaire,2.4,4,AS8,Z,11.5,8.9,10.3,27,241,5,7
2024,Lexus,TX 500h AWD,Véhicule utilitaire sport : ordinaire,2.4,4,AS6,Z,8.7,8.4,8.6,33,200,6,7
2024,Lexus,UX 250h AWD,Compacte,2.0,4,AV6,X,5.7,6.2,6.0,47,140,7,7
2024,Lincoln,Aviator AWD,Véhicule utilitaire sport : ordinaire,3.0,6,AS10,X,13.7,9.7,11.9,24,280,4,5
2024,Lincoln,Corsair AWD,Véhicule utilitaire sport : petit,2.0,4,AS8,X,11.2,8.3,9.9,29,232,5,7
2024,Lincoln,Nautilus AWD,Véhicule utilitaire sport : petit,2.0,4,A8,X,11.2,8.1,9.8,29,231,5,7
2024,Lincoln,Nautilus Hybrid AWD,Véhicule utilitaire sport : petit,2.0,4,AV,X,7.9,7.6,7.7,37,180,6,7
2024,Lincoln,Navigator 4WD,Véhicule utilitaire sport : ordinaire,3.5,6,AS10,X,15.2,10.8,13.2,21,310,4,6
2024,Maserati,Ghibli GT,Intermédiaire,3.0,6,A8,Z,13.4,9.4,11.6,24,271,4,3
2024,Maserati,Ghibli Modena,Intermédiaire,3.0,6,A8,Z,13.4,9.4,11.6,24,271,4,3
2024,Maserati,Ghibli Modena AWD,Intermédiaire,3.0,6,A8,Z,14.1,9.5,12.0,24,284,4,3
2024,Maserati,Ghibli Trofeo,Intermédiaire,3.8,8,A8,Z,17.4,11.9,14.9,19,348,3,1
2024,Maserati,Granturismo Modena,Sous-compacte,3.0,6,A8,Z,13.1,8.6,11.1,25,256,5,5
2024,Maserati,Granturismo Trofeo,Sous-compacte,3.0,6,A8,Z,13.1,8.6,11.1,25,256,5,5
2024,Maserati,Grecale GT,Véhicule utilitaire sport : petit,2.0,4,A8,Z,10.6,8.0,9.4,30,218,5,5
2024,Maserati,Grecale Modena,Véhicule utilitaire sport : petit,2.0,4,A8,Z,10.6,8.0,9.4,30,218,5,5
2024,Maserati,Grecale Trofeo,Véhicule utilitaire sport : petit,3.0,6,A8,Z,13.3,9.5,11.6,24,268,4,5
2024,Maserati,Levante GT,Véhicule utilitaire sport : ordinaire,3.0,6,A8,Z,15.1,10.9,13.2,21,308,4,3
2024,Maserati,Levante Modena,Véhicule utilitaire sport : ordinaire,3.0,6,A8,Z,15.1,10.9,13.2,21,308,4,3
2024,Maserati,Levante Modena V8,Véhicule utilitaire sport : ordinaire,3.8,8,A8,Z,17.4,12.0,15.0,19,349,3,1
2024,Maserati,Levante Trofeo,Véhicule utilitaire sport : ordinaire,3.8,8,A8,Z,17.4,12.0,15.0,19,349,3,1
2024,Maserati,MC20,Deux places,3.0,6,AS8,Z,15.4,9.5,12.8,22,295,4,5
2024,Maserati,MC20 Spyder,Deux places,3.0,6,AS8,Z,15.6,9.4,12.8,22,299,4,5
2024,Maserati,Quattroporte GT,Grande berline,3.0,6,A8,Z,14.4,9.3,12.1,23,281,4,3
2024,Maserati,Quattroporte Modena,Grande berline,3.0,6,A8,Z,14.4,9.3,12.1,23,281,4,3
2024,Maserati,Quattroporte Modena AWD,Grande berline,3.0,6,A8,Z,14.1,9.5,12.0,24,284,4,3
2024,Maserati,Quattroporte Trofeo,Grande berline,3.8,8,A8,Z,17.4,11.9,14.9,19,348,3,1
2024,Mazda,CX-30 4WD,Véhicule utilitaire sport : petit,2.5,4,AS6,X,9.0,7.1,8.2,34,192,6,7
2024,Mazda,CX-30 Turbo 4WD,Véhicule utilitaire sport : petit,2.5,4,AS6,X,10.5,7.9,9.3,30,220,5,5
2024,Mazda,CX-5 4WD,Véhicule utilitaire sport : petit,2.5,4,AS6,X,10.2,8.2,9.3,30,216,5,7
2024,Mazda,CX-5 4WD (Cylinder Deactivation),Véhicule utilitaire sport : petit,2.5,4,AS6,X,9.1,7.7,8.5,33,199,6,7
2024,Mazda,CX-5 Turbo 4WD,Véhicule utilitaire sport : petit,2.5,4,AS6,X,10.8,8.7,9.8,29,230,5,5
2024,Mazda,CX-50 4WD,Véhicule utilitaire sport : petit,2.5,4,AS6,X,9.7,7.9,8.9,32,209,5,7
2024,Mazda,CX-50 Turbo 4WD,Véhicule utilitaire sport : petit,2.5,4,AS6,X,10.4,8.2,9.4,30,221,5,5
2024,Mazda,CX-90 4WD,Véhicule utilitaire sport : ordinaire,3.3,6,AS8,X,9.9,8.4,9.3,30,216,5,6
2024,Mazda,CX-90 4WD (High Power),Véhicule utilitaire sport : ordinaire,3.3,6,AS8,Z,10.3,8.5,9.5,30,222,5,6
2024,Mazda,Mazda3 4-Door,Compacte,2.5,4,AS6,X,8.4,6.3,7.5,38,175,6,7
2024,Mazda,Mazda3 4-Door 4WD,Compacte,2.5,4,AS6,X,8.9,6.6,7.9,36,185,6,7
2024,Mazda,Mazda3 4-Door Turbo 4WD,Compacte,2.5,4,AS6,X,10.1,7.3,8.8,32,207,5,5
2024,Mazda,Mazda3 5-Door,Intermédiaire,2.5,4,AS6,X,8.5,6.5,7.6,37,178,6,7
2024,Mazda,Mazda3 5-Door (SIL),Intermédiaire,2.5,4,M6,X,9.0,6.4,7.8,36,184,6,7
2024,Mazda,Mazda3 5-Door 4WD,Intermédiaire,2.5,4,AS6,X,9.0,7.1,8.1,35,191,6,7
2024,Mazda,Mazda3 5-Door Turbo 4WD,Intermédiaire,2.5,4,AS6,X,10.1,7.5,8.9,32,209,5,5
2024,Mazda,MX-5,Deux places,2.0,4,AS6,Z,9.0,6.7,8.0,35,187,6,3
2024,Mazda,MX-5 (SIL),Deux places,2.0,4,M6,Z,9.0,7.0,8.1,35,189,6,3
2024,Mercedes-Benz,AMG C 43 4MATIC Sedan,Compacte,2.0,4,A9,Z,11.8,8.4,10.3,27,242,5,5
2024,Mercedes-Benz,AMG CLA 35 4MATIC Coupe,Compacte,2.0,4,AM8,Z,10.8,8.0,9.6,29,225,5,6
2024,Mercedes-Benz,AMG CLA 45 S 4MATIC Coupe,Compacte,2.0,4,AM8,Z,11.9,8.3,10.3,27,242,5,3
2024,Mercedes-Benz,AMG CLE 53 4MATIC+ Coupe,Sous-compacte,3.0,6,A9,Z,11.7,8.7,10.4,27,243,5,7
2024,Mercedes-Benz,AMG G 63 SUV,Véhicule utilitaire sport : ordinaire,4.0,8,A9,Z,19.5,15.5,17.7,16,415,1,3
2024,Mercedes-Benz,AMG G 63 4x4 Squared SUV,Véhicule utilitaire sport : ordinaire,4.0,8,A9,Z,23.5,19.4,21.7,13,508,1,3
2024,Mercedes-Benz,AMG GLA 35 4MATIC Coupe,Familiale : petite,2.0,4,AM8,Z,11.0,8.6,9.9,29,230,5,6
2024,Mercedes-Benz,AMG GLB 35 4MATIC Coupe,Familiale : petite,2.0,4,AM8,Z,11.5,9.0,10.4,27,238,5,6
2024,Mercedes-Benz,AMG GLC 43 4MATIC Coupe,Véhicule utilitaire sport : petit,2.0,4,A9,Z,12.7,9.8,11.4,25,269,4,5
2024,Mercedes-Benz,AMG GLC 43 4MATIC+ SUV,Véhicule utilitaire sport : petit,2.0,4,A9,Z,12.6,9.4,11.2,25,263,4,5
2024,Mercedes-Benz,AMG GLE 53 4MATIC+ SUV,Véhicule utilitaire sport : ordinaire,3.0,6,A9,Z,12.9,10.2,11.7,24,273,4,7
2024,Mercedes-Benz,AMG GLE 53 4MATIC+ Coupe,Véhicule utilitaire sport : ordinaire,3.0,6,A9,Z,12.8,10.1,11.6,24,273,4,7
2024,Mercedes-Benz,AMG GLE 63 S 4MATIC+ SUV,Véhicule utilitaire sport : ordinaire,4.0,8,A9,Z,16.6,12.3,14.7,19,343,3,5
2024,Mercedes-Benz,AMG GLE 63 S 4MATIC+ Coupe,Véhicule utilitaire sport : ordinaire,4.0,8,A9,Z,16.6,12.3,14.7,19,343,3,5
2024,Mercedes-Benz,AMG GLS 63 4MATIC+ SUV,Véhicule utilitaire sport : ordinaire,4.0,8,A9,Z,16.8,13.2,15.2,19,357,2,5
2024,Mercedes-Benz,AMG GT 53 4MATIC+ ,Compacte,3.0,6,A9,Z,12.3,9.8,11.2,25,262,4,6
2024,Mercedes-Benz,AMG GT 55 4MATIC+ Coupe,Sous-compacte,4.0,8,A9,Z,17.8,11.6,15.0,19,353,3,5
2024,Mercedes-Benz,AMG GT 63 4MATIC+ ,Compacte,4.0,8,A9,Z,15.3,11.3,13.5,21,318,3,5
2024,Mercedes-Benz,AMG GT 63 4MATIC+ Coupe,Sous-compacte,4.0,8,A9,Z,17.8,11.6,15.0,19,353,3,5
2024,Mercedes-Benz,AMG SL 55 4MATIC+ Roadster,Minicompacte,4.0,8,A9,Z,17.0,11.3,14.5,19,340,3,5
2024,Mercedes-Benz,AMG SL 63 4MATIC+ Roadster,Minicompacte,4.0,8,A9,Z,17.0,11.3,14.5,19,340,3,5
2024,Mercedes-Benz,C 300 4MATIC Sedan,Compacte,2.0,4,A9,Z,10.1,7.1,8.8,32,206,5,8
2024,Mercedes-Benz,CLA 250 4MATIC Coupe,Compacte,2.0,4,AM8,Z,9.5,6.8,8.3,34,194,6,6
2024,Mercedes-Benz,CLE 300 4MATIC Cabriolet,Sous-compacte,2.0,4,A9,Z,10.1,7.3,8.9,32,209,5,8
2024,Mercedes-Benz,CLE 300 4MATIC Coupe,Sous-compacte,2.0,4,A9,Z,9.9,7.0,8.6,33,201,5,8
2024,Mercedes-Benz,E 350 4MATIC Sedan,Intermédiaire,2.0,4,A9,Z,9.9,7.1,8.6,33,203,5,8
2024,Mercedes-Benz,E 450 4MATIC Sedan,Intermédiaire,3.0,6,A9,Z,10.8,7.7,9.4,30,221,5,7
2024,Mercedes-Benz,G 550 SUV,Véhicule utilitaire sport : ordinaire,4.0,8,A9,Z,17.9,14.4,16.3,17,383,2,3
2024,Mercedes-Benz,GLA 250 4MATIC SUV,Véhicule utilitaire sport : petit,2.0,4,AM8,Z,9.7,7.3,8.6,33,202,5,6
2024,Mercedes-Benz,GLB 250 4MATIC SUV,Véhicule utilitaire sport : petit,2.0,4,AM8,Z,9.9,7.4,8.7,32,205,5,6
2024,Mercedes-Benz,GLC 300 4MATIC SUV,Véhicule utilitaire sport : petit,2.0,4,A9,Z,10.0,7.8,9.0,31,212,5,7
2024,Mercedes-Benz,GLC 300 4MATIC Coupe,Véhicule utilitaire sport : petit,2.0,4,A9,Z,10.0,7.8,9.0,31,212,5,7
2024,Mercedes-Benz,GLE 350 4MATIC SUV,Véhicule utilitaire sport : ordinaire,2.0,4,A9,Z,11.5,8.6,10.2,28,238,5,7
2024,Mercedes-Benz,GLE 450 4MATIC SUV,Véhicule utilitaire sport : ordinaire,3.0,6,A9,Z,12.1,9.2,10.8,26,252,5,7
2024,Mercedes-Benz,GLE 450 4MATIC Coupe,Véhicule utilitaire sport : ordinaire,3.0,6,A9,Z,12.2,9.0,10.8,26,252,5,7
2024,Mercedes-Benz,GLS 450 4MATIC SUV,Véhicule utilitaire sport : ordinaire,3.0,6,A9,Z,12.7,9.6,11.3,25,266,4,7
2024,Mercedes-Benz,GLS 580 4MATIC SUV,Véhicule utilitaire sport : ordinaire,4.0,8,A9,Z,16.8,11.9,14.6,19,344,3,5
2024,Mercedes-Benz,GLS 600 4MATIC Maybach SUV,Véhicule utilitaire sport : ordinaire,4.0,8,A9,Z,17.8,12.8,15.6,18,364,2,5
2024,Mercedes-Benz,S 500 4MATIC Sedan,Grande berline,3.0,6,A9,Z,11.3,7.7,9.7,29,226,5,7
2024,Mercedes-Benz,S 580 4MATIC Sedan,Grande berline,4.0,8,A9,Z,13.0,8.6,11.0,26,260,4,5
2024,Mercedes-Benz,Maybach S 580 4MATIC Sedan,Grande berline,4.0,8,A9,Z,13.3,8.9,11.3,25,266,4,5
2024,Mercedes-Benz,Maybach S 680 4MATIC Sedan,Grande berline,6.0,12,A9,Z,19.8,11.7,16.1,18,379,2,3
2024,MINI,Cooper 3 Door,Sous-compacte,1.5,3,AM7,Z,8.2,6.2,7.3,39,170,6,7
2024,MINI,Cooper 3 Door,Sous-compacte,1.5,3,M6,Z,8.6,6.3,7.5,38,176,6,7
2024,MINI,Cooper 5 Door,Sous-compacte,1.5,3,AM7,Z,8.2,6.2,7.3,39,170,6,7
2024,MINI,Cooper 5 Door,Sous-compacte,1.5,3,M6,Z,8.6,6.3,7.5,38,176,6,7
2024,MINI,Cooper Convertible,Minicompacte,1.5,3,AM7,Z,8.2,6.2,7.3,39,170,6,7
2024,MINI,Cooper Convertible,Minicompacte,1.5,3,M6,Z,8.6,6.3,7.5,38,176,6,7
2024,MINI,Cooper Countryman ALL4,Intermédiaire,1.5,3,AS8,Z,10.1,7.6,9.0,31,209,5,7
2024,MINI,Cooper S 3 Door,Sous-compacte,2.0,4,AM7,Z,8.5,6.2,7.5,38,174,6,7
2024,MINI,Cooper S 3 Door,Sous-compacte,2.0,4,M6,Z,10.2,7.0,8.8,32,205,5,7
2024,MINI,Cooper S 5 Door,Sous-compacte,2.0,4,AM7,Z,8.5,6.2,7.5,38,174,6,7
2024,MINI,Cooper S 5 Door,Sous-compacte,2.0,4,M6,Z,10.2,7.0,8.8,32,205,5,7
2024,MINI,Cooper S Convertible,Minicompacte,2.0,4,AM7,Z,8.8,6.5,7.8,36,182,6,7
2024,MINI,Cooper S Convertible,Minicompacte,2.0,4,M6,Z,10.1,7.1,8.8,32,205,5,7
2024,MINI,Cooper S Countryman ALL4,Intermédiaire,2.0,4,AS8,Z,10.4,7.5,9.1,31,212,5,7
2024,MINI,John Cooper Works 3 Door,Sous-compacte,2.0,4,AS8,Z,9.1,6.7,8.0,35,186,6,7
2024,MINI,John Cooper Works 3 Door,Sous-compacte,2.0,4,M6,Z,10.6,7.4,9.2,31,215,5,7
2024,MINI,John Cooper Works Convertible,Minicompacte,2.0,4,AS8,Z,9.6,7.1,8.5,33,197,6,7
2024,MINI,John Cooper Works Countryman ALL4,Intermédiaire,2.0,4,AS8,Z,10.0,7.8,9.0,31,210,5,3
2024,Mitsubishi,Eclipse Cross 4WD,Véhicule utilitaire sport : petit,1.5,4,AV8,X,9.6,8.9,9.3,30,216,5,5
2024,Mitsubishi,Mirage,Compacte,1.2,3,AV,X,6.6,5.6,6.2,46,143,7,5
2024,Mitsubishi,Outlander 4WD,Véhicule utilitaire sport : petit,2.5,4,AV8,X,9.7,7.9,8.9,32,208,5,6
2024,Mitsubishi,RVR,Véhicule utilitaire sport : petit,2.0,4,AV6,X,9.7,7.8,8.9,32,207,5,5
2024,Mitsubishi,RVR 4WD,Véhicule utilitaire sport : petit,2.0,4,AV6,X,10.0,8.1,9.1,31,213,5,5
2024,Mitsubishi,RVR 4WD,Véhicule utilitaire sport : petit,2.4,4,AV6,X,10.3,8.3,9.4,30,218,5,5
2024,Nissan,Altima AWD,Intermédiaire,2.5,4,AV,X,9.3,6.9,8.2,34,193,6,7
2024,Nissan,Altima AWD SR/Platinum,Intermédiaire,2.5,4,AV8,X,9.1,6.9,8.1,35,191,6,7
2024,Nissan,Armada 4WD,Véhicule utilitaire sport : ordinaire,5.6,8,AS7,Z,17.5,12.9,15.4,18,363,2,5
2024,Nissan,Frontier,Camionnette : ordinaire,3.8,6,AS9,X,12.5,9.3,11.1,25,260,4,5
2024,Nissan,Frontier 4WD,Camionnette : ordinaire,3.8,6,AS9,X,13.0,10.8,12.0,24,281,4,5
2024,Nissan,Frontier 4WD PRO-4X,Camionnette : ordinaire,3.8,6,AS9,X,13.4,11.1,12.4,23,291,4,5
2024,Nissan,GT-R,Sous-compacte,3.8,6,AM6,Z,14.4,10.9,12.8,22,300,4,3
2024,Nissan,Kicks,Intermédiaire,1.6,4,AV,X,7.7,6.6,7.2,39,169,6,7
2024,Nissan,Murano AWD,Familiale : intermédiaire,3.5,6,AV7,X,12.1,8.6,10.6,27,248,5,5
2024,Nissan,Pathfinder 4WD,Véhicule utilitaire sport : petit,3.5,6,AS9,X,11.7,9.3,10.6,27,248,5,5
2024,Nissan,Pathfinder 4WD Rock Creek,Véhicule utilitaire sport : ordinaire,3.5,6,AS9,Z,11.9,10.0,11.1,25,260,4,5
2024,Nissan,Rogue,Véhicule utilitaire sport : petit,1.5,3,AV8,X,7.8,6.5,7.2,39,169,6,6
2024,Nissan,Rogue AWD,Véhicule utilitaire sport : petit,1.5,3,AV8,X,8.4,6.7,7.6,37,179,6,6
2024,Nissan,Rogue AWD SL/Platinum,Véhicule utilitaire sport : petit,1.5,3,AV8,X,8.4,6.8,7.7,37,181,6,6
2024,Nissan,Sentra,Intermédiaire,2.0,4,AV,X,7.3,5.9,6.7,42,157,7,7
2024,Nissan,Sentra SR,Intermédiaire,2.0,4,AV,X,7.4,6.1,6.8,42,161,7,7
2024,Nissan,Sentra,Intermédiaire,2.0,4,M6,X,9.4,6.4,8.0,35,189,6,7
2024,Nissan,Sentra SR,Intermédiaire,2.0,4,M6,X,9.5,6.7,8.2,34,194,6,7
2024,Nissan,Versa,Compacte,1.6,4,AV,X,7.4,5.9,6.7,42,158,7,7
2024,Nissan,Versa,Compacte,1.6,4,M5,X,8.6,6.7,7.7,37,181,6,7
2024,Nissan,Z,Deux places,3.0,6,AS9,Z,12.3,8.6,10.6,27,250,5,5
2024,Nissan,Z,Deux places,3.0,6,M6,Z,13.4,10.0,11.9,24,280,4,5
2024,Nissan,Z NISMO,Deux places,3.0,6,AS9,Z,14.1,9.9,12.2,23,287,4,5
2024,Porsche,718 Boxster,Deux places,2.0,4,AM7,Z,11.0,8.7,10.0,28,233,5,1
2024,Porsche,718 Boxster,Deux places,2.0,4,M6,Z,12.0,9.5,10.9,26,254,5,1
2024,Porsche,718 Boxster S,Deux places,2.5,4,AM7,Z,12.2,9.2,10.9,26,255,5,1
2024,Porsche,718 Boxster S,Deux places,2.5,4,M6,Z,12.5,9.6,11.2,25,263,4,1
2024,Porsche,718 Boxster GTS 4.0,Deux places,4.0,6,AM7,Z,12.3,9.8,11.1,25,260,4,5
2024,Porsche,718 Boxster GTS 4.0,Deux places,4.0,6,M6,Z,14.0,10.0,12.2,23,284,4,5
2024,Porsche,718 Cayman,Deux places,2.0,4,AM7,Z,11.0,8.7,10.0,28,233,5,1
2024,Porsche,718 Cayman,Deux places,2.0,4,M6,Z,12.0,9.5,10.9,26,254,5,1
2024,Porsche,718 Cayman S,Deux places,2.5,4,AM7,Z,12.2,9.2,10.9,26,255,5,1
2024,Porsche,718 Cayman S,Deux places,2.5,4,M6,Z,12.5,9.6,11.2,25,263,4,1
2024,Porsche,718 Cayman GTS 4.0,Deux places,4.0,6,AM7,Z,12.3,9.8,11.1,25,260,4,5
2024,Porsche,718 Cayman GTS 4.0,Deux places,4.0,6,M6,Z,14.0,10.0,12.2,23,284,4,5
2024,Porsche,718 GT4 RS,Deux places,4.0,6,AM7,Z,16.0,12.5,14.4,20,338,3,3
2024,Porsche,718 Spyder RS,Deux places,4.0,6,AM7,Z,16.5,12.4,14.6,19,342,3,3
2024,Porsche,911 Carrera,Minicompacte,3.0,6,AM8,Z,13.1,9.8,11.6,24,275,4,5
2024,Porsche,911 Carrera 4,Minicompacte,3.0,6,AM8,Z,13.1,9.8,11.6,24,275,4,5
2024,Porsche,911 Carrera Cabriolet,Minicompacte,3.0,6,AM8,Z,13.1,9.8,11.6,24,275,4,5
2024,Porsche,911 Carrera 4 Cabriolet,Minicompacte,3.0,6,AM8,Z,13.1,9.7,11.6,24,275,4,5
2024,Porsche,911 Carrera T,Minicompacte,3.0,6,AM8,Z,12.7,9.7,11.4,25,276,4,5
2024,Porsche,911 Carrera T,Minicompacte,3.0,6,M7,Z,13.8,9.3,11.8,24,275,4,5
2024,Porsche,911 Carrera S,Minicompacte,3.0,6,AM8,Z,12.9,10.2,11.7,24,274,4,5
2024,Porsche,911 Carrera S,Minicompacte,3.0,6,M7,Z,12.8,9.4,11.3,25,264,4,5
2024,Porsche,911 Carrera 4S,Minicompacte,3.0,6,AM8,Z,13.0,10.2,11.8,24,275,4,5
2024,Porsche,911 Carrera 4S,Minicompacte,3.0,6,M7,Z,13.8,9.3,11.8,24,275,4,5
2024,Porsche,911 Carrera S Cabriolet,Minicompacte,3.0,6,AM8,Z,12.9,10.2,11.7,24,273,4,5
2024,Porsche,911 Carrera S Cabriolet,Minicompacte,3.0,6,M7,Z,13.8,9.4,11.8,24,275,4,5
2024,Porsche,911 Carrera 4S Cabriolet,Minicompacte,3.0,6,AM8,Z,12.8,10.2,11.7,24,273,4,5
2024,Porsche,911 Carrera 4S Cabriolet,Minicompacte,3.0,6,M7,Z,13.8,9.8,12.0,24,281,4,5
2024,Porsche,911 Carrera GTS,Minicompacte,3.0,6,AM8,Z,13.8,10.1,12.1,23,289,4,5
2024,Porsche,911 Carrera GTS,Minicompacte,3.0,6,M7,Z,13.5,9.8,11.9,24,276,4,5
2024,Porsche,911 Carrera 4 GTS,Minicompacte,3.0,6,AM8,Z,13.8,10.1,12.1,23,288,4,5
2024,Porsche,911 Carrera 4 GTS,Minicompacte,3.0,6,M7,Z,13.8,10.2,12.2,23,289,4,5
2024,Porsche,911 Carrera GTS Cabriolet,Minicompacte,3.0,6,AM8,Z,13.8,10.2,12.2,23,289,4,5
2024,Porsche,911 Carrera GTS Cabriolet,Minicompacte,3.0,6,M7,Z,13.8,9.6,11.9,24,278,4,5
2024,Porsche,911 Carrera 4 GTS Cabriolet,Minicompacte,3.0,6,AM8,Z,13.7,10.7,12.3,23,288,4,5
2024,Porsche,911 Carrera 4 GTS Cabriolet,Minicompacte,3.0,6,M7,Z,14.7,10.2,12.7,22,296,4,5
2024,Porsche,911 Dakar,Minicompacte,3.0,6,AM8,Z,14.7,9.8,12.5,23,293,4,5
2024,Porsche,911 GT3,Deux places,4.0,6,AM7,Z,16.7,13.0,15.1,19,355,3,3
2024,Porsche,911 GT3,Deux places,4.0,6,M6,Z,17.5,12.5,15.3,18,356,3,3
2024,Porsche,911 GT3 RS,Deux places,4.0,6,AM7,Z,16.8,13.0,15.1,19,354,3,3
2024,Porsche,911 GT3 Touring,Deux places,4.0,6,AM7,Z,16.7,13.0,15.1,19,355,3,3
2024,Porsche,911 GT3 Touring,Deux places,4.0,6,M6,Z,17.5,12.5,15.3,18,356,3,3
2024,Porsche,911 S/T,Deux places,4.0,6,M6,Z,18.1,12.3,15.5,18,363,2,3
2024,Porsche,911 Targa 4,Minicompacte,3.0,6,AM8,Z,13.1,9.8,11.6,24,275,4,5
2024,Porsche,911 Targa 4S,Minicompacte,3.0,6,AM8,Z,13.1,10.2,11.8,24,274,4,5
2024,Porsche,911 Targa 4S,Minicompacte,3.0,6,M7,Z,13.7,9.8,11.9,24,278,4,5
2024,Porsche,911 Targa 4 GTS,Minicompacte,3.0,6,AM8,Z,13.6,10.7,12.3,23,286,4,5
2024,Porsche,911 Targa 4 GTS,Minicompacte,3.0,6,M7,Z,14.7,10.2,12.7,22,296,4,5
2024,Porsche,911 Turbo,Minicompacte,3.7,6,AM8,Z,16.5,11.4,14.2,20,332,3,5
2024,Porsche,911 Turbo Cabriolet,Minicompacte,3.7,6,AM8,Z,16.9,11.5,14.5,19,339,3,5
2024,Porsche,911 Turbo S,Minicompacte,3.7,6,AM8,Z,16.6,11.8,14.4,20,345,3,5
2024,Porsche,911 Turbo S Cabriolet,Minicompacte,3.7,6,AM8,Z,16.7,11.8,14.5,19,341,3,5
2024,Porsche,Cayenne,Véhicule utilitaire sport : ordinaire,3.0,6,AS8,Z,13.8,10.2,12.2,23,291,4,5
2024,Porsche,Cayenne Coupe,Véhicule utilitaire sport : ordinaire,3.0,6,AS8,Z,13.8,10.2,12.2,23,291,4,5
2024,Porsche,Cayenne S,Véhicule utilitaire sport : ordinaire,4.0,8,AS8,Z,15.3,11.2,13.5,21,324,3,3
2024,Porsche,Cayenne S Coupe,Véhicule utilitaire sport : ordinaire,4.0,8,AS8,Z,15.7,11.0,13.6,21,324,3,3
2024,Porsche,Cayenne Turbo GT Coupe,Véhicule utilitaire sport : ordinaire,4.0,8,AS8,Z,15.5,11.8,13.8,20,324,3,3
2024,Porsche,Macan,Véhicule utilitaire sport : petit,2.0,4,AM7,Z,12.4,9.3,11.0,26,263,4,5
2024,Porsche,Macan T,Véhicule utilitaire sport : petit,2.0,4,AM7,Z,12.2,9.6,11.0,26,259,4,5
2024,Porsche,Macan S,Véhicule utilitaire sport : petit,2.9,6,AM7,Z,13.8,10.1,12.2,23,289,4,5
2024,Porsche,Macan GTS,Véhicule utilitaire sport : petit,2.9,6,AM7,Z,13.5,10.7,12.2,23,290,4,5
2024,Porsche,Panamera 4,Grande berline,2.9,6,AM8,Z,12.5,9.0,10.9,26,258,4,5
2024,Ram,1500 eTorque,Camionnette : ordinaire,3.6,6,A8,X,11.9,9.4,10.8,26,253,5,7
2024,Ram,1500 eTorque,Camionnette : ordinaire,5.7,8,A8,X,13.0,10.0,11.7,24,275,4,5
2024,Ram,1500 4X4 eTorque,Camionnette : ordinaire,3.6,6,A8,X,12.1,9.7,11.0,26,259,4,7
2024,Ram,1500 4X4 eTorque,Camionnette : ordinaire,5.7,8,A8,X,13.4,10.5,12.1,23,284,4,5
2024,Ram,1500 4X4 TRX,Camionnette : ordinaire,6.2,8,A8,Z,22.4,16.5,19.8,14,465,1,1
2024,Ram,1500 Classic,Camionnette : ordinaire,3.6,6,A8,X,13.9,9.6,11.9,24,280,4,7
2024,Ram,1500 Classic,Camionnette : ordinaire,5.7,8,A8,X,16.1,11.1,13.8,20,325,3,5
2024,Ram,1500 Classic 4X4,Camionnette : ordinaire,3.6,6,A8,X,14.5,10.1,12.5,23,294,4,7
2024,Ram,1500 Classic 4X4,Camionnette : ordinaire,5.7,8,A8,X,16.2,11.6,14.1,20,330,3,5
2024,Rolls-Royce,Cullinan,Familiale : intermédiaire,6.7,12,AS8,Z,20.1,12.4,16.7,17,390,2,3
2024,Rolls-Royce,Cullinan Black Badge,Familiale : intermédiaire,6.7,12,AS8,Z,20.1,12.4,16.7,17,390,2,3
2024,Rolls-Royce,Ghost,Grande berline,6.7,12,AS8,Z,19.9,12.7,16.7,17,388,2,3
2024,Rolls-Royce,Ghost Black Badge,Grande berline,6.7,12,AS8,Z,19.9,12.7,16.7,17,388,2,3
2024,Rolls-Royce,Ghost Extended,Grande berline,6.7,12,AS8,Z,19.9,12.7,16.7,17,388,2,3
2024,Rolls-Royce,Phantom,Grande berline,6.7,12,AS8,Z,20.2,13.1,17.0,17,397,2,3
2024,Rolls-Royce,Phantom Extended,Grande berline,6.7,12,AS8,Z,20.2,13.1,17.0,17,397,2,3
2024,Subaru,Ascent AWD,Véhicule utilitaire sport : ordinaire,2.4,4,AV8,X,12.3,9.4,11.0,26,256,5,5
2024,Subaru,BRZ,Minicompacte,2.4,4,AS6,Z,11.0,7.7,9.5,30,224,5,3
2024,Subaru,BRZ,Minicompacte,2.4,4,M6,Z,12.0,8.8,10.5,27,247,5,3
2024,Subaru,Crosstrek AWD,Véhicule utilitaire sport : petit,2.0,4,AV8,X,8.8,7.1,8.0,35,188,6,7
2024,Subaru,Crosstrek AWD,Véhicule utilitaire sport : petit,2.5,4,AV8,X,8.9,7.2,8.1,35,190,6,7
2024,Subaru,Crosstrek Wilderness AWD,Véhicule utilitaire sport : petit,2.5,4,AV8,X,9.4,8.1,8.8,32,206,5,7
2024,Subaru,Forester AWD,Véhicule utilitaire sport : petit,2.5,4,AV8,X,9.0,7.2,8.2,34,192,6,7
2024,Subaru,Forester Wilderness AWD,Véhicule utilitaire sport : petit,2.5,4,AV8,X,9.5,8.3,9.0,31,210,5,7
2024,Subaru,Impreza AWD,Familiale : petite,2.0,4,AV8,X,8.8,6.9,8.0,35,185,6,7
2024,Subaru,Impreza AWD,Familiale : petite,2.5,4,AV8,X,9.0,7.2,8.2,34,190,6,7
2024,Subaru,Legacy AWD,Intermédiaire,2.4,4,AV8,X,10.1,7.5,9.0,31,209,5,6
2024,Subaru,Outback AWD,Véhicule utilitaire sport : petit,2.4,4,AV8,X,10.6,8.1,9.5,30,221,5,6
2024,Subaru,Outback AWD,Véhicule utilitaire sport : petit,2.5,4,AV8,X,9.2,7.3,8.3,34,195,6,7
2024,Subaru,Outback Wilderness AWD,Véhicule utilitaire sport : petit,2.4,4,AV8,X,11.0,9.0,10.1,28,235,5,6
2024,Subaru,WRX AWD,Intermédiaire,2.4,4,AV8,Z,12.7,9.4,11.2,25,262,4,3
2024,Subaru,WRX AWD,Intermédiaire,2.4,4,M6,Z,12.3,9.0,10.8,26,254,5,3
2024,Toyota,4Runner 4WD,Véhicule utilitaire sport : ordinaire,4.0,6,AS5,X,14.9,12.6,13.8,20,323,3,5
2024,Toyota,4Runner 4WD (Part-Time 4WD),Véhicule utilitaire sport : ordinaire,4.0,6,AS5,X,14.8,12.5,13.8,20,320,3,5
2024,Toyota,Camry SE,Intermédiaire,2.5,4,AS8,X,8.5,6.1,7.4,38,174,6,7
2024,Toyota,Camry XSE V6/TRD,Intermédiaire,3.5,6,AS8,X,10.7,7.4,9.2,31,215,5,5
2024,Toyota,Camry AWD SE,Intermédiaire,2.5,4,AS8,X,9.4,6.8,8.2,34,192,6,6
2024,Toyota,Camry AWD XSE,Intermédiaire,2.5,4,AS8,X,9.5,7.0,8.4,34,195,6,6
2024,Toyota,Camry Hybrid LE,Intermédiaire,2.5,4,AV6,X,4.9,4.8,4.9,58,113,8,7
2024,Toyota,Camry Hybrid SE/XLE/XSE,Intermédiaire,2.5,4,AV6,X,5.3,5.0,5.1,55,121,8,7
2024,Toyota,Corolla (1-mode),Compacte,2.0,4,AV10,X,7.4,5.7,6.7,42,158,7,7
2024,Toyota,Corolla (3-mode),Compacte,2.0,4,AV10,X,7.6,5.9,6.8,42,160,7,7
2024,Toyota,Corolla Hatchback,Compacte,2.0,4,AV10,X,7.5,5.9,6.8,42,159,7,7
2024,Toyota,Corolla Hybrid,Compacte,1.8,4,AV,X,4.4,5.1,4.7,60,110,8,7
2024,Toyota,Corolla Hybrid AWD (2-mode),Compacte,1.8,4,AV,X,4.6,5.3,4.9,58,115,8,7
2024,Toyota,Corolla Hybrid AWD (3-mode),Compacte,1.8,4,AV,X,5.0,5.7,5.3,53,124,8,7
2024,Toyota,Corolla Cross,Véhicule utilitaire sport : petit,2.0,4,AV10,X,7.6,7.2,7.4,38,172,6,7
2024,Toyota,Corolla Cross AWD,Véhicule utilitaire sport : petit,2.0,4,AV10,X,8.1,7.5,7.8,36,183,6,7
2024,Toyota,Corolla Cross Hybrid AWD,Véhicule utilitaire sport : petit,2.0,4,AV6,X,5.2,6.2,5.6,50,130,8,7
2024,Toyota,Crown AWD,Intermédiaire,2.4,4,AS6,X,8.1,7.3,7.8,36,182,6,7
2024,Toyota,Crown AWD,Intermédiaire,2.5,4,AV,X,5.6,5.7,5.7,50,133,7,7
2024,Toyota,GR Corolla,Sous-compacte,1.6,3,M6,Z,11.1,8.3,9.8,29,229,5,5
2024,Toyota,GR Supra 2.0,Deux places,2.0,4,AS8,Z,9.3,7.7,8.6,33,200,6,7
2024,Toyota,GR Supra 3.0,Deux places,3.0,6,AS8,Z,10.2,7.7,9.1,31,212,5,5
2024,Toyota,GR Supra 3.0,Deux places,3.0,6,M6,Z,12.7,8.8,10.9,26,255,5,5
2024,Toyota,GR86,Minicompacte,2.4,4,AS6,Z,11.2,7.8,9.7,29,227,5,3
2024,Toyota,GR86,Minicompacte,2.4,4,M6,Z,12.0,8.9,10.6,27,249,5,3
2024,Toyota,Grand Highlander AWD Limited,Véhicule utilitaire sport : ordinaire,2.4,4,AS8,X,11.6,9.0,10.7,26,249,5,7
2024,Toyota,Grand Highlander AWD XLE,Véhicule utilitaire sport : ordinaire,2.4,4,AS8,X,11.2,8.6,10.0,28,236,5,7
2024,Toyota,Grand Highlander Hybrid AWD Limited,Véhicule utilitaire sport : ordinaire,2.5,4,AV6,X,6.6,7.4,7.0,40,161,7,7
2024,Toyota,Grand Highlander Hybrid AWD XLE,Véhicule utilitaire sport : ordinaire,2.5,4,AV6,X,6.6,7.4,7.0,40,161,7,7
2024,Toyota,Grand Highlander Platinum Hybrid MAX AWD,Véhicule utilitaire sport : ordinaire,2.4,4,AS6,X,9.0,8.6,8.8,32,206,5,7
2024,Toyota,Highlander AWD,Véhicule utilitaire sport : petit,2.4,4,AS8,X,11.0,8.4,9.9,29,232,5,7
2024,Toyota,Highlander Hybrid AWD,Véhicule utilitaire sport : ordinaire,2.5,4,AV,X,6.7,6.8,6.7,42,158,7,7
2024,Toyota,Highlander Hybrid AWD Limited/Platinum,Véhicule utilitaire sport : ordinaire,2.5,4,AV,X,6.6,6.8,6.7,42,156,7,7
2024,Toyota,Land Cruiser,Véhicule utilitaire sport : ordinaire,2.4,4,AS8,Z,10.7,9.5,10.1,28,236,5,6
2024,Toyota,Prius AWD,Intermédiaire,2.0,4,AV,X,4.8,4.7,4.8,59,111,8,7
2024,Toyota,RAV4 AWD,Véhicule utilitaire sport : petit,2.5,4,AS8,X,9.5,7.2,8.5,33,199,6,6
2024,Toyota,RAV4 AWD (Stop/Start),Véhicule utilitaire sport : petit,2.5,4,AS8,X,8.8,7.1,8.0,35,187,6,6
2024,Toyota,RAV4 AWD LE,Véhicule utilitaire sport : petit,2.5,4,AS8,X,8.7,6.9,7.9,36,184,6,6
2024,Toyota,RAV4 Hybrid AWD,Véhicule utilitaire sport : petit,2.5,4,AV,X,5.8,6.3,6.0,47,139,7,7
2024,Toyota,RAV4 Hybrid AWD Woodland Edition,Véhicule utilitaire sport : petit,2.5,4,AV,X,6.1,6.8,6.4,44,149,7,7
2024,Toyota,Sequoia 4WD,Véhicule utilitaire sport : ordinaire,3.4,6,AS10,X,12.6,10.5,11.7,24,273,4,5
2024,Toyota,Sienna,Fourgonnette,2.5,4,AV,X,6.6,6.5,6.6,43,153,7,7
2024,Toyota,Sienna AWD,Fourgonnette,2.5,4,AV,X,6.8,6.6,6.7,42,158,7,7
2024,Toyota,Tacoma 4WD (2-mode),Camionnette : petite,2.4,4,AS8,X,12.5,9.6,11.2,25,264,4,7
2024,Toyota,Tacoma 4WD (3-mode),Camionnette : petite,2.4,4,AS8,X,12.4,10.2,11.4,25,269,4,7
2024,Toyota,Tacoma 4WD,Camionnette : petite,2.4,4,M6,X,13.2,10.3,11.9,24,279,4,5
2024,Toyota,Tacoma Hybrid 4WD,Camionnette : ordinaire,2.4,4,AS8,X,10.5,9.9,10.3,27,241,5,7
2024,Toyota,Tacoma Hybrid 4WD Limited,Camionnette : ordinaire,2.4,4,AS8,X,10.3,9.7,10.0,28,235,5,7
2024,Toyota,Tundra,Camionnette : ordinaire,3.4,6,AS10,X,13.3,10.5,12.0,24,283,4,5
2024,Toyota,Tundra 4WD,Camionnette : ordinaire,3.4,6,AS10,X,13.7,10.8,12.4,23,291,4,5
2024,Toyota,Tundra 4WD TRD,Camionnette : ordinaire,3.4,6,AS10,X,13.5,10.6,12.2,23,286,4,5
2024,Toyota,Tundra Hybrid 4WD,Camionnette : ordinaire,3.4,6,AS10,X,12.7,10.5,11.7,24,274,4,5
2024,Toyota,Tundra Hybrid 4WD TRD PRO,Camionnette : ordinaire,3.4,6,AS10,X,12.9,11.6,12.3,23,287,4,5
2024,Toyota,Venza AWD,Véhicule utilitaire sport : petit,2.5,4,AV,X,5.9,6.4,6.1,46,141,7,7
2024,Volkswagen,Atlas 4MOTION Comfortline,Véhicule utilitaire sport : petit,2.0,4,AS8,X,12.2,9.2,10.8,26,253,5,3
2024,Volkswagen,Atlas 4MOTION Highline/Execline,Véhicule utilitaire sport : petit,2.0,4,AS8,X,12.6,9.4,11.2,25,262,4,3
2024,Volkswagen,Atlas 4MOTION Peak Edition,Véhicule utilitaire sport : petit,2.0,4,AS8,X,13.0,9.7,11.5,25,270,4,3
2024,Volkswagen,Atlas Cross Sport 4MOTION,Véhicule utilitaire sport : petit,2.0,4,AS8,X,12.2,9.2,10.8,26,253,5,3
2024,Volkswagen,Golf GTI,Compacte,2.0,4,AM7,X,9.9,7.4,8.8,32,205,5,5
2024,Volkswagen,Golf GTI,Compacte,2.0,4,M6,X,10.1,7.0,8.7,32,203,5,5
2024,Volkswagen,Golf R,Compacte,2.0,4,AM7,Z,10.5,7.7,9.3,30,217,5,5
2024,Volkswagen,Golf R,Compacte,2.0,4,M6,Z,11.8,8.3,10.2,28,237,5,5
2024,Volkswagen,Jetta,Compacte,1.5,4,AS8,X,7.9,5.7,6.9,41,162,7,7
2024,Volkswagen,Jetta Comfortline/Highline,Compacte,1.5,4,AS8,X,8.1,5.9,7.1,40,168,6,7
2024,Volkswagen,Jetta,Compacte,1.5,4,M6,X,8.2,5.6,7.0,40,165,7,7
2024,Volkswagen,Jetta GLI,Compacte,2.0,4,AM7,X,9.0,6.5,7.9,36,185,6,7
2024,Volkswagen,Jetta GLI,Compacte,2.0,4,M6,X,9.8,6.7,8.4,34,198,6,7
2024,Volkswagen,Taos,Véhicule utilitaire sport : petit,1.5,4,AS8,X,8.4,6.5,7.5,38,178,6,7
2024,Volkswagen,Taos 4MOTION,Véhicule utilitaire sport : petit,1.5,4,AM7,X,9.9,7.5,8.8,32,208,5,7
2024,Volkswagen,Tiguan 4MOTION,Véhicule utilitaire sport : petit,2.0,4,AS8,X,10.6,8.0,9.4,30,222,5,7
2024,Volkswagen,Tiguan R-Line 4MOTION,Véhicule utilitaire sport : petit,2.0,4,AS8,X,10.9,8.1,9.7,29,228,5,7
2024,Volvo,S60 B5 AWD,Compacte,2.0,4,AS8,Z,9.5,7.1,8.4,34,196,6,5
2024,Volvo,S90 B6 AWD,Intermédiaire,2.0,4,AS8,Z,10.6,7.6,9.2,31,216,5,7
2024,Volvo,V60 CC B5 AWD,Familiale : petite,2.0,4,AS8,Z,10.0,7.5,8.9,32,207,5,5
2024,Volvo,V90 CC B6 AWD,Familiale : intermédiaire,2.0,4,AS8,Z,10.7,8.1,9.5,30,223,5,7
2024,Volvo,XC40 B5 AWD,Véhicule utilitaire sport : petit,2.0,4,AS8,Z,9.9,7.8,9.0,31,210,5,5
2024,Volvo,XC60 B5 AWD,Véhicule utilitaire sport : petit,2.0,4,AS8,Z,10.6,8.3,9.6,29,226,5,5
2024,Volvo,XC90 B6 AWD,Véhicule utilitaire sport : ordinaire,2.0,4,AS8,Z,10.9,8.6,9.8,29,230,5,7
